"Date","Industry","Tariff_Rate","CPI_Forecast"
2025-01-01,"CPI_Apparel",1,135.996698680259
2025-02-01,"CPI_Apparel",1,136.021332002337
2025-03-01,"CPI_Apparel",1,136.021332002337
2025-04-01,"CPI_Apparel",1,136.021332002337
2025-05-01,"CPI_Apparel",1,136.021332002337
2025-06-01,"CPI_Apparel",1,136.021332002337
2025-07-01,"CPI_Apparel",1,136.021332002337
2025-08-01,"CPI_Apparel",1,136.021332002337
2025-09-01,"CPI_Apparel",1,136.021332002337
2025-10-01,"CPI_Apparel",1,136.021332002337
2025-11-01,"CPI_Apparel",1,136.021332002337
2025-12-01,"CPI_Apparel",1,136.021332002337
2025-01-01,"CPI_Food",1,337.775952919887
2025-02-01,"CPI_Food",1,337.800557814009
2025-03-01,"CPI_Food",1,337.798565707398
2025-04-01,"CPI_Food",1,337.796573612536
2025-05-01,"CPI_Food",1,337.794581529422
2025-06-01,"CPI_Food",1,337.792589458056
2025-07-01,"CPI_Food",1,337.790597398438
2025-08-01,"CPI_Food",1,337.788605350567
2025-09-01,"CPI_Food",1,337.786613314444
2025-10-01,"CPI_Food",1,337.784621290068
2025-11-01,"CPI_Food",1,337.782629277441
2025-12-01,"CPI_Food",1,337.78063727656
2025-01-01,"CPI_Durables",1,127.123105911958
2025-02-01,"CPI_Durables",1,126.87251164968
2025-03-01,"CPI_Durables",1,127.404446881733
2025-04-01,"CPI_Durables",1,127.092102092031
2025-05-01,"CPI_Durables",1,127.259145969945
2025-06-01,"CPI_Durables",1,126.929223397977
2025-07-01,"CPI_Durables",1,127.090426240454
2025-08-01,"CPI_Durables",1,126.912213638537
2025-09-01,"CPI_Durables",1,127.142600627256
2025-10-01,"CPI_Durables",1,127.055776887834
2025-11-01,"CPI_Durables",1,127.200042077132
2025-12-01,"CPI_Durables",1,127.061027755598
2025-01-01,"CPI_Overall",1,314.958118871109
2025-02-01,"CPI_Overall",1,315.017748847508
2025-03-01,"CPI_Overall",1,315.224171563581
2025-04-01,"CPI_Overall",1,315.223613437423
2025-05-01,"CPI_Overall",1,315.223055312253
2025-06-01,"CPI_Overall",1,315.222497188072
2025-07-01,"CPI_Overall",1,315.221939064878
2025-08-01,"CPI_Overall",1,315.221380942673
2025-09-01,"CPI_Overall",1,315.220822821456
2025-10-01,"CPI_Overall",1,315.220264701228
2025-11-01,"CPI_Overall",1,315.219706581987
2025-12-01,"CPI_Overall",1,315.219148463735
2025-01-01,"CPI_Apparel",1.5,134.658990940438
2025-02-01,"CPI_Apparel",1.5,134.683381961152
2025-03-01,"CPI_Apparel",1.5,134.683381961152
2025-04-01,"CPI_Apparel",1.5,134.683381961152
2025-05-01,"CPI_Apparel",1.5,134.683381961152
2025-06-01,"CPI_Apparel",1.5,134.683381961152
2025-07-01,"CPI_Apparel",1.5,134.683381961152
2025-08-01,"CPI_Apparel",1.5,134.683381961152
2025-09-01,"CPI_Apparel",1.5,134.683381961152
2025-10-01,"CPI_Apparel",1.5,134.683381961152
2025-11-01,"CPI_Apparel",1.5,134.683381961152
2025-12-01,"CPI_Apparel",1.5,134.683381961152
2025-01-01,"CPI_Food",1.5,336.966451823606
2025-02-01,"CPI_Food",1.5,336.990997750567
2025-03-01,"CPI_Food",1.5,336.989010418164
2025-04-01,"CPI_Food",1.5,336.987023097482
2025-05-01,"CPI_Food",1.5,336.985035788519
2025-06-01,"CPI_Food",1.5,336.983048491276
2025-07-01,"CPI_Food",1.5,336.981061205752
2025-08-01,"CPI_Food",1.5,336.979073931948
2025-09-01,"CPI_Food",1.5,336.977086669864
2025-10-01,"CPI_Food",1.5,336.975099419499
2025-11-01,"CPI_Food",1.5,336.973112180853
2025-12-01,"CPI_Food",1.5,336.971124953927
2025-01-01,"CPI_Durables",1.5,125.464245127225
2025-02-01,"CPI_Durables",1.5,125.216920931326
2025-03-01,"CPI_Durables",1.5,125.741914809247
2025-04-01,"CPI_Durables",1.5,125.433645883796
2025-05-01,"CPI_Durables",1.5,125.598509964919
2025-06-01,"CPI_Durables",1.5,125.272892634022
2025-07-01,"CPI_Durables",1.5,125.431991900821
2025-08-01,"CPI_Durables",1.5,125.256104839131
2025-09-01,"CPI_Durables",1.5,125.483485451171
2025-10-01,"CPI_Durables",1.5,125.397794696155
2025-11-01,"CPI_Durables",1.5,125.540177333391
2025-12-01,"CPI_Durables",1.5,125.40297704405
2025-01-01,"CPI_Overall",1.5,316.142583133103
2025-02-01,"CPI_Overall",1.5,316.202437360193
2025-03-01,"CPI_Overall",1.5,316.409636371004
2025-04-01,"CPI_Overall",1.5,316.409076145898
2025-05-01,"CPI_Overall",1.5,316.408515921785
2025-06-01,"CPI_Overall",1.5,316.407955698664
2025-07-01,"CPI_Overall",1.5,316.407395476534
2025-08-01,"CPI_Overall",1.5,316.406835255397
2025-09-01,"CPI_Overall",1.5,316.406275035251
2025-10-01,"CPI_Overall",1.5,316.405714816097
2025-11-01,"CPI_Overall",1.5,316.405154597935
2025-12-01,"CPI_Overall",1.5,316.404594380765
2025-01-01,"CPI_Apparel",2,133.717859681539
2025-02-01,"CPI_Apparel",2,133.742080233487
2025-03-01,"CPI_Apparel",2,133.742080233487
2025-04-01,"CPI_Apparel",2,133.742080233487
2025-05-01,"CPI_Apparel",2,133.742080233487
2025-06-01,"CPI_Apparel",2,133.742080233487
2025-07-01,"CPI_Apparel",2,133.742080233487
2025-08-01,"CPI_Apparel",2,133.742080233487
2025-09-01,"CPI_Apparel",2,133.742080233487
2025-10-01,"CPI_Apparel",2,133.742080233487
2025-11-01,"CPI_Apparel",2,133.742080233487
2025-12-01,"CPI_Apparel",2,133.742080233487
2025-01-01,"CPI_Food",2,336.393278470694
2025-02-01,"CPI_Food",2,336.417782645513
2025-03-01,"CPI_Food",2,336.415798693524
2025-04-01,"CPI_Food",2,336.413814753235
2025-05-01,"CPI_Food",2,336.411830824646
2025-06-01,"CPI_Food",2,336.409846907756
2025-07-01,"CPI_Food",2,336.407863002567
2025-08-01,"CPI_Food",2,336.405879109077
2025-09-01,"CPI_Food",2,336.403895227286
2025-10-01,"CPI_Food",2,336.401911357195
2025-11-01,"CPI_Food",2,336.399927498804
2025-12-01,"CPI_Food",2,336.397943652112
2025-01-01,"CPI_Durables",2,124.30040927057
2025-02-01,"CPI_Durables",2,124.055379312103
2025-03-01,"CPI_Durables",2,124.575503223293
2025-04-01,"CPI_Durables",2,124.270093872923
2025-05-01,"CPI_Durables",2,124.433428636041
2025-06-01,"CPI_Durables",2,124.110831808116
2025-07-01,"CPI_Durables",2,124.268455232683
2025-08-01,"CPI_Durables",2,124.094199740759
2025-09-01,"CPI_Durables",2,124.319471116745
2025-10-01,"CPI_Durables",2,124.234575249334
2025-11-01,"CPI_Durables",2,124.375637111727
2025-12-01,"CPI_Durables",2,124.23970952455
2025-01-01,"CPI_Overall",2,316.985674340493
2025-02-01,"CPI_Overall",2,317.045688187247
2025-03-01,"CPI_Overall",2,317.253439757799
2025-04-01,"CPI_Overall",2,317.252878038682
2025-05-01,"CPI_Overall",2,317.252316320559
2025-06-01,"CPI_Overall",2,317.25175460343
2025-07-01,"CPI_Overall",2,317.251192887297
2025-08-01,"CPI_Overall",2,317.250631172158
2025-09-01,"CPI_Overall",2,317.250069458013
2025-10-01,"CPI_Overall",2,317.249507744863
2025-11-01,"CPI_Overall",2,317.248946032708
2025-12-01,"CPI_Overall",2,317.248384321547
2025-01-01,"CPI_Apparel",2.5,132.992393605313
2025-02-01,"CPI_Apparel",2.5,133.01648275231
2025-03-01,"CPI_Apparel",2.5,133.01648275231
2025-04-01,"CPI_Apparel",2.5,133.01648275231
2025-05-01,"CPI_Apparel",2.5,133.01648275231
2025-06-01,"CPI_Apparel",2.5,133.01648275231
2025-07-01,"CPI_Apparel",2.5,133.01648275231
2025-08-01,"CPI_Apparel",2.5,133.01648275231
2025-09-01,"CPI_Apparel",2.5,133.01648275231
2025-10-01,"CPI_Apparel",2.5,133.01648275231
2025-11-01,"CPI_Apparel",2.5,133.01648275231
2025-12-01,"CPI_Apparel",2.5,133.01648275231
2025-01-01,"CPI_Food",2.5,335.949362172153
2025-02-01,"CPI_Food",2.5,335.973834010409
2025-03-01,"CPI_Food",2.5,335.971852676512
2025-04-01,"CPI_Food",2.5,335.9698713543
2025-05-01,"CPI_Food",2.5,335.967890043772
2025-06-01,"CPI_Food",2.5,335.965908744928
2025-07-01,"CPI_Food",2.5,335.963927457769
2025-08-01,"CPI_Food",2.5,335.961946182294
2025-09-01,"CPI_Food",2.5,335.959964918503
2025-10-01,"CPI_Food",2.5,335.957983666396
2025-11-01,"CPI_Food",2.5,335.956002425973
2025-12-01,"CPI_Food",2.5,335.954021197234
2025-01-01,"CPI_Durables",2.5,123.405107943605
2025-02-01,"CPI_Durables",2.5,123.161842867877
2025-03-01,"CPI_Durables",2.5,123.678220470986
2025-04-01,"CPI_Durables",2.5,123.375010899347
2025-05-01,"CPI_Durables",2.5,123.537169207528
2025-06-01,"CPI_Durables",2.5,123.216895954962
2025-07-01,"CPI_Durables",2.5,123.373384061778
2025-08-01,"CPI_Durables",2.5,123.200383683768
2025-09-01,"CPI_Durables",2.5,123.424032492595
2025-10-01,"CPI_Durables",2.5,123.339748106539
2025-11-01,"CPI_Durables",2.5,123.479793939514
2025-12-01,"CPI_Durables",2.5,123.344845400997
2025-01-01,"CPI_Overall",2.5,317.641174721995
2025-02-01,"CPI_Overall",2.5,317.701312672463
2025-03-01,"CPI_Overall",2.5,317.909493856227
2025-04-01,"CPI_Overall",2.5,317.908930975521
2025-05-01,"CPI_Overall",2.5,317.908368095811
2025-06-01,"CPI_Overall",2.5,317.907805217098
2025-07-01,"CPI_Overall",2.5,317.907242339381
2025-08-01,"CPI_Overall",2.5,317.906679462661
2025-09-01,"CPI_Overall",2.5,317.906116586938
2025-10-01,"CPI_Overall",2.5,317.905553712211
2025-11-01,"CPI_Overall",2.5,317.904990838481
2025-12-01,"CPI_Overall",2.5,317.904427965747
2025-01-01,"CPI_Apparel",3,132.402567342945
2025-02-01,"CPI_Apparel",3,132.42654965367
2025-03-01,"CPI_Apparel",3,132.42654965367
2025-04-01,"CPI_Apparel",3,132.42654965367
2025-05-01,"CPI_Apparel",3,132.42654965367
2025-06-01,"CPI_Apparel",3,132.42654965367
2025-07-01,"CPI_Apparel",3,132.42654965367
2025-08-01,"CPI_Apparel",3,132.42654965367
2025-09-01,"CPI_Apparel",3,132.42654965367
2025-10-01,"CPI_Apparel",3,132.42654965367
2025-11-01,"CPI_Apparel",3,132.42654965367
2025-12-01,"CPI_Apparel",3,132.42654965367
2025-01-01,"CPI_Food",3,335.587091039796
2025-02-01,"CPI_Food",3,335.611536488835
2025-03-01,"CPI_Food",3,335.60955729151
2025-04-01,"CPI_Food",3,335.607578105857
2025-05-01,"CPI_Food",3,335.605598931877
2025-06-01,"CPI_Food",3,335.603619769567
2025-07-01,"CPI_Food",3,335.60164061893
2025-08-01,"CPI_Food",3,335.599661479964
2025-09-01,"CPI_Food",3,335.59768235267
2025-10-01,"CPI_Food",3,335.595703237047
2025-11-01,"CPI_Food",3,335.593724133096
2025-12-01,"CPI_Food",3,335.591745040816
2025-01-01,"CPI_Durables",3,122.678382550991
2025-02-01,"CPI_Durables",3,122.436550048927
2025-03-01,"CPI_Durables",3,122.949886734827
2025-04-01,"CPI_Durables",3,122.648462746449
2025-05-01,"CPI_Durables",3,122.80966611393
2025-06-01,"CPI_Durables",3,122.491278931634
2025-07-01,"CPI_Durables",3,122.64684548923
2025-08-01,"CPI_Durables",3,122.474863900229
2025-09-01,"CPI_Durables",3,122.69719565443
2025-10-01,"CPI_Durables",3,122.613407614145
2025-11-01,"CPI_Durables",3,122.752628725481
2025-12-01,"CPI_Durables",3,122.618474890937
2025-01-01,"CPI_Overall",3,318.17776363848
2025-02-01,"CPI_Overall",3,318.238003179548
2025-03-01,"CPI_Overall",3,318.446536042266
2025-04-01,"CPI_Overall",3,318.445972210689
2025-05-01,"CPI_Overall",3,318.445408380111
2025-06-01,"CPI_Overall",3,318.44484455053
2025-07-01,"CPI_Overall",3,318.444280721949
2025-08-01,"CPI_Overall",3,318.443716894365
2025-09-01,"CPI_Overall",3,318.44315306778
2025-10-01,"CPI_Overall",3,318.442589242193
2025-11-01,"CPI_Overall",3,318.442025417604
2025-12-01,"CPI_Overall",3,318.441461594014
2025-01-01,"CPI_Apparel",3.5,131.905917655709
2025-02-01,"CPI_Apparel",3.5,131.9298100074
2025-03-01,"CPI_Apparel",3.5,131.9298100074
2025-04-01,"CPI_Apparel",3.5,131.9298100074
2025-05-01,"CPI_Apparel",3.5,131.9298100074
2025-06-01,"CPI_Apparel",3.5,131.9298100074
2025-07-01,"CPI_Apparel",3.5,131.9298100074
2025-08-01,"CPI_Apparel",3.5,131.9298100074
2025-09-01,"CPI_Apparel",3.5,131.9298100074
2025-10-01,"CPI_Apparel",3.5,131.9298100074
2025-11-01,"CPI_Apparel",3.5,131.9298100074
2025-12-01,"CPI_Apparel",3.5,131.9298100074
2025-01-01,"CPI_Food",3.5,335.281099955692
2025-02-01,"CPI_Food",3.5,335.305523115168
2025-03-01,"CPI_Food",3.5,335.303545722492
2025-04-01,"CPI_Food",3.5,335.301568341477
2025-05-01,"CPI_Food",3.5,335.299590972123
2025-06-01,"CPI_Food",3.5,335.297613614431
2025-07-01,"CPI_Food",3.5,335.295636268399
2025-08-01,"CPI_Food",3.5,335.293658934029
2025-09-01,"CPI_Food",3.5,335.291681611319
2025-10-01,"CPI_Food",3.5,335.28970430027
2025-11-01,"CPI_Food",3.5,335.287727000882
2025-12-01,"CPI_Food",3.5,335.285749713155
2025-01-01,"CPI_Durables",3.5,122.067284845239
2025-02-01,"CPI_Durables",3.5,121.826656983179
2025-03-01,"CPI_Durables",3.5,122.337436585553
2025-04-01,"CPI_Durables",3.5,122.037514080191
2025-05-01,"CPI_Durables",3.5,122.197914445496
2025-06-01,"CPI_Durables",3.5,121.881113244956
2025-07-01,"CPI_Durables",3.5,122.035904879013
2025-08-01,"CPI_Durables",3.5,121.864779981732
2025-09-01,"CPI_Durables",3.5,122.086004234985
2025-10-01,"CPI_Durables",3.5,122.002633567983
2025-11-01,"CPI_Durables",3.5,122.141161177334
2025-12-01,"CPI_Durables",3.5,122.007675603154
2025-01-01,"CPI_Overall",3.5,318.63215023013
2025-02-01,"CPI_Overall",3.5,318.692475798705
2025-03-01,"CPI_Overall",3.5,318.90130646519
2025-04-01,"CPI_Overall",3.5,318.900741828411
2025-05-01,"CPI_Overall",3.5,318.900177192632
2025-06-01,"CPI_Overall",3.5,318.899612557852
2025-07-01,"CPI_Overall",3.5,318.899047924072
2025-08-01,"CPI_Overall",3.5,318.898483291292
2025-09-01,"CPI_Overall",3.5,318.897918659511
2025-10-01,"CPI_Overall",3.5,318.89735402873
2025-11-01,"CPI_Overall",3.5,318.896789398949
2025-12-01,"CPI_Overall",3.5,318.896224770168
2025-01-01,"CPI_Apparel",4,131.477206221383
2025-02-01,"CPI_Apparel",4,131.501020919815
2025-03-01,"CPI_Apparel",4,131.501020919815
2025-04-01,"CPI_Apparel",4,131.501020919815
2025-05-01,"CPI_Apparel",4,131.501020919815
2025-06-01,"CPI_Apparel",4,131.501020919815
2025-07-01,"CPI_Apparel",4,131.501020919815
2025-08-01,"CPI_Apparel",4,131.501020919815
2025-09-01,"CPI_Apparel",4,131.501020919815
2025-10-01,"CPI_Apparel",4,131.501020919815
2025-11-01,"CPI_Apparel",4,131.501020919815
2025-12-01,"CPI_Apparel",4,131.501020919815
2025-01-01,"CPI_Food",4,335.016263952636
2025-02-01,"CPI_Food",4,335.040667820443
2025-03-01,"CPI_Food",4,335.038691989695
2025-04-01,"CPI_Food",4,335.036716170598
2025-05-01,"CPI_Food",4,335.034740363154
2025-06-01,"CPI_Food",4,335.032764567361
2025-07-01,"CPI_Food",4,335.03078878322
2025-08-01,"CPI_Food",4,335.028813010731
2025-09-01,"CPI_Food",4,335.026837249893
2025-10-01,"CPI_Food",4,335.024861500708
2025-11-01,"CPI_Food",4,335.022885763174
2025-12-01,"CPI_Food",4,335.020910037291
2025-01-01,"CPI_Durables",4,121.540389011043
2025-02-01,"CPI_Durables",4,121.300799804166
2025-03-01,"CPI_Durables",4,121.809374658192
2025-04-01,"CPI_Durables",4,121.510746749648
2025-05-01,"CPI_Durables",4,121.670454756765
2025-06-01,"CPI_Durables",4,121.35502100888
2025-07-01,"CPI_Durables",4,121.509144494487
2025-08-01,"CPI_Durables",4,121.338758247169
2025-09-01,"CPI_Durables",4,121.559027599709
2025-10-01,"CPI_Durables",4,121.476016796999
2025-11-01,"CPI_Durables",4,121.61394646055
2025-12-01,"CPI_Durables",4,121.481037068539
2025-01-01,"CPI_Overall",4,319.02628227919
2025-02-01,"CPI_Overall",4,319.086682467479
2025-03-01,"CPI_Overall",4,319.295771447064
2025-04-01,"CPI_Overall",4,319.295206111858
2025-05-01,"CPI_Overall",4,319.294640777652
2025-06-01,"CPI_Overall",4,319.294075444447
2025-07-01,"CPI_Overall",4,319.293510112244
2025-08-01,"CPI_Overall",4,319.292944781041
2025-09-01,"CPI_Overall",4,319.292379450839
2025-10-01,"CPI_Overall",4,319.291814121638
2025-11-01,"CPI_Overall",4,319.291248793438
2025-12-01,"CPI_Overall",4,319.290683466239
2025-01-01,"CPI_Apparel",4.5,131.100212647385
2025-02-01,"CPI_Apparel",4.5,131.123959060306
2025-03-01,"CPI_Apparel",4.5,131.123959060306
2025-04-01,"CPI_Apparel",4.5,131.123959060306
2025-05-01,"CPI_Apparel",4.5,131.123959060306
2025-06-01,"CPI_Apparel",4.5,131.123959060306
2025-07-01,"CPI_Apparel",4.5,131.123959060306
2025-08-01,"CPI_Apparel",4.5,131.123959060306
2025-09-01,"CPI_Apparel",4.5,131.123959060306
2025-10-01,"CPI_Apparel",4.5,131.123959060306
2025-11-01,"CPI_Apparel",4.5,131.123959060306
2025-12-01,"CPI_Apparel",4.5,131.123959060306
2025-01-01,"CPI_Food",4.5,334.782835687258
2025-02-01,"CPI_Food",4.5,334.807222551256
2025-03-01,"CPI_Food",4.5,334.805248097201
2025-04-01,"CPI_Food",4.5,334.80327365479
2025-05-01,"CPI_Food",4.5,334.801299224023
2025-06-01,"CPI_Food",4.5,334.799324804899
2025-07-01,"CPI_Food",4.5,334.79735039742
2025-08-01,"CPI_Food",4.5,334.795376001584
2025-09-01,"CPI_Food",4.5,334.793401617391
2025-10-01,"CPI_Food",4.5,334.791427244842
2025-11-01,"CPI_Food",4.5,334.789452883937
2025-12-01,"CPI_Food",4.5,334.787478534674
2025-01-01,"CPI_Durables",4.5,121.077522058412
2025-02-01,"CPI_Durables",4.5,120.838845288356
2025-03-01,"CPI_Durables",4.5,121.345483317144
2025-04-01,"CPI_Durables",4.5,121.047992684785
2025-05-01,"CPI_Durables",4.5,121.207092469737
2025-06-01,"CPI_Durables",4.5,120.892860000364
2025-07-01,"CPI_Durables",4.5,121.046396531555
2025-08-01,"CPI_Durables",4.5,120.876659172756
2025-09-01,"CPI_Durables",4.5,121.096089665022
2025-10-01,"CPI_Durables",4.5,121.013394995555
2025-11-01,"CPI_Durables",4.5,121.150799376247
2025-12-01,"CPI_Durables",4.5,121.018396148201
2025-01-01,"CPI_Overall",4.5,319.374336031476
2025-02-01,"CPI_Overall",4.5,319.434802115628
2025-03-01,"CPI_Overall",4.5,319.644119208719
2025-04-01,"CPI_Overall",4.5,319.643553256739
2025-05-01,"CPI_Overall",4.5,319.64298730576
2025-06-01,"CPI_Overall",4.5,319.642421355784
2025-07-01,"CPI_Overall",4.5,319.64185540681
2025-08-01,"CPI_Overall",4.5,319.641289458838
2025-09-01,"CPI_Overall",4.5,319.640723511868
2025-10-01,"CPI_Overall",4.5,319.6401575659
2025-11-01,"CPI_Overall",4.5,319.639591620934
2025-12-01,"CPI_Overall",4.5,319.63902567697
2025-01-01,"CPI_Apparel",5,130.763896472501
2025-02-01,"CPI_Apparel",5,130.787581967879
2025-03-01,"CPI_Apparel",5,130.787581967879
2025-04-01,"CPI_Apparel",5,130.787581967879
2025-05-01,"CPI_Apparel",5,130.787581967879
2025-06-01,"CPI_Apparel",5,130.787581967879
2025-07-01,"CPI_Apparel",5,130.787581967879
2025-08-01,"CPI_Apparel",5,130.787581967879
2025-09-01,"CPI_Apparel",5,130.787581967879
2025-10-01,"CPI_Apparel",5,130.787581967879
2025-11-01,"CPI_Apparel",5,130.787581967879
2025-12-01,"CPI_Apparel",5,130.787581967879
2025-01-01,"CPI_Food",5,334.574164810462
2025-02-01,"CPI_Food",5,334.598536474075
2025-03-01,"CPI_Food",5,334.596563250701
2025-04-01,"CPI_Food",5,334.594590038964
2025-05-01,"CPI_Food",5,334.592616838864
2025-06-01,"CPI_Food",5,334.590643650401
2025-07-01,"CPI_Food",5,334.588670473573
2025-08-01,"CPI_Food",5,334.586697308383
2025-09-01,"CPI_Food",5,334.584724154828
2025-10-01,"CPI_Food",5,334.58275101291
2025-11-01,"CPI_Food",5,334.580777882628
2025-12-01,"CPI_Food",5,334.578804763982
2025-01-01,"CPI_Durables",5,120.664967343487
2025-02-01,"CPI_Durables",5,120.427103831128
2025-03-01,"CPI_Durables",5,120.932015561723
2025-04-01,"CPI_Durables",5,120.635538587069
2025-05-01,"CPI_Durables",5,120.794096261764
2025-06-01,"CPI_Durables",5,120.480934495563
2025-07-01,"CPI_Durables",5,120.633947872507
2025-08-01,"CPI_Durables",5,120.464788870008
2025-09-01,"CPI_Durables",5,120.683471683575
2025-10-01,"CPI_Durables",5,120.601058784623
2025-11-01,"CPI_Durables",5,120.737994979114
2025-12-01,"CPI_Durables",5,120.606042896542
2025-01-01,"CPI_Overall",5,319.686002470578
2025-02-01,"CPI_Overall",5,319.746527561504
2025-03-01,"CPI_Overall",5,319.956048919953
2025-04-01,"CPI_Overall",5,319.95548241568
2025-05-01,"CPI_Overall",5,319.954915912409
2025-06-01,"CPI_Overall",5,319.954349410142
2025-07-01,"CPI_Overall",5,319.953782908878
2025-08-01,"CPI_Overall",5,319.953216408616
2025-09-01,"CPI_Overall",5,319.952649909358
2025-10-01,"CPI_Overall",5,319.952083411103
2025-11-01,"CPI_Overall",5,319.95151691385
2025-12-01,"CPI_Overall",5,319.950950417601
2025-01-01,"CPI_Apparel",5.5,130.460404787161
2025-02-01,"CPI_Apparel",5.5,130.484035310555
2025-03-01,"CPI_Apparel",5.5,130.484035310555
2025-04-01,"CPI_Apparel",5.5,130.484035310555
2025-05-01,"CPI_Apparel",5.5,130.484035310555
2025-06-01,"CPI_Apparel",5.5,130.484035310555
2025-07-01,"CPI_Apparel",5.5,130.484035310555
2025-08-01,"CPI_Apparel",5.5,130.484035310555
2025-09-01,"CPI_Apparel",5.5,130.484035310555
2025-10-01,"CPI_Apparel",5.5,130.484035310555
2025-11-01,"CPI_Apparel",5.5,130.484035310555
2025-12-01,"CPI_Apparel",5.5,130.484035310555
2025-01-01,"CPI_Food",5.5,334.385511089844
2025-02-01,"CPI_Food",5.5,334.409869011197
2025-03-01,"CPI_Food",5.5,334.40789690045
2025-04-01,"CPI_Food",5.5,334.405924801333
2025-05-01,"CPI_Food",5.5,334.403952713845
2025-06-01,"CPI_Food",5.5,334.401980637988
2025-07-01,"CPI_Food",5.5,334.400008573761
2025-08-01,"CPI_Food",5.5,334.398036521163
2025-09-01,"CPI_Food",5.5,334.396064480195
2025-10-01,"CPI_Food",5.5,334.394092450857
2025-11-01,"CPI_Food",5.5,334.392120433149
2025-12-01,"CPI_Food",5.5,334.39014842707
2025-01-01,"CPI_Durables",5.5,120.292977319764
2025-02-01,"CPI_Durables",5.5,120.055847101049
2025-03-01,"CPI_Durables",5.5,120.559202272762
2025-04-01,"CPI_Durables",5.5,120.263639287307
2025-05-01,"CPI_Durables",5.5,120.421708155065
2025-06-01,"CPI_Durables",5.5,120.1095118145
2025-07-01,"CPI_Durables",5.5,120.262053476653
2025-08-01,"CPI_Durables",5.5,120.093415963223
2025-09-01,"CPI_Durables",5.5,120.311424614049
2025-10-01,"CPI_Durables",5.5,120.229265780357
2025-11-01,"CPI_Durables",5.5,120.365779823337
2025-12-01,"CPI_Durables",5.5,120.234234527088
2025-01-01,"CPI_Overall",5.5,319.968201060777
2025-02-01,"CPI_Overall",5.5,320.028779579426
2025-03-01,"CPI_Overall",5.5,320.238485890084
2025-04-01,"CPI_Overall",5.5,320.237918885736
2025-05-01,"CPI_Overall",5.5,320.237351882392
2025-06-01,"CPI_Overall",5.5,320.236784880052
2025-07-01,"CPI_Overall",5.5,320.236217878717
2025-08-01,"CPI_Overall",5.5,320.235650878385
2025-09-01,"CPI_Overall",5.5,320.235083879057
2025-10-01,"CPI_Overall",5.5,320.234516880732
2025-11-01,"CPI_Overall",5.5,320.233949883412
2025-12-01,"CPI_Overall",5.5,320.233382887096
2025-01-01,"CPI_Apparel",6,130.183953678644
2025-02-01,"CPI_Apparel",6,130.20753412796
2025-03-01,"CPI_Apparel",6,130.20753412796
2025-04-01,"CPI_Apparel",6,130.20753412796
2025-05-01,"CPI_Apparel",6,130.20753412796
2025-06-01,"CPI_Apparel",6,130.20753412796
2025-07-01,"CPI_Apparel",6,130.20753412796
2025-08-01,"CPI_Apparel",6,130.20753412796
2025-09-01,"CPI_Apparel",6,130.20753412796
2025-10-01,"CPI_Apparel",6,130.20753412796
2025-11-01,"CPI_Apparel",6,130.20753412796
2025-12-01,"CPI_Apparel",6,130.20753412796
2025-01-01,"CPI_Food",6,334.213376622744
2025-02-01,"CPI_Food",6,334.237722005163
2025-03-01,"CPI_Food",6,334.235750909615
2025-04-01,"CPI_Food",6,334.233779825692
2025-05-01,"CPI_Food",6,334.231808753393
2025-06-01,"CPI_Food",6,334.229837692718
2025-07-01,"CPI_Food",6,334.227866643667
2025-08-01,"CPI_Food",6,334.22589560624
2025-09-01,"CPI_Food",6,334.223924580436
2025-10-01,"CPI_Food",6,334.221953566256
2025-11-01,"CPI_Food",6,334.2199825637
2025-12-01,"CPI_Food",6,334.218011572767
2025-01-01,"CPI_Durables",6,119.95437847704
2025-02-01,"CPI_Durables",6,119.717915728858
2025-03-01,"CPI_Durables",6,120.21985406409
2025-04-01,"CPI_Durables",6,119.92512302483
2025-05-01,"CPI_Durables",6,120.082746962743
2025-06-01,"CPI_Durables",6,119.771429387689
2025-07-01,"CPI_Durables",6,119.923541677892
2025-08-01,"CPI_Durables",6,119.755378842769
2025-09-01,"CPI_Durables",6,119.972773846161
2025-10-01,"CPI_Durables",6,119.890846271905
2025-11-01,"CPI_Durables",6,120.026976057233
2025-12-01,"CPI_Durables",6,119.895801032682
2025-01-01,"CPI_Overall",6,320.226045699644
2025-02-01,"CPI_Overall",6,320.286673035164
2025-03-01,"CPI_Overall",6,320.496548336514
2025-04-01,"CPI_Overall",6,320.495980875249
2025-05-01,"CPI_Overall",6,320.495413414988
2025-06-01,"CPI_Overall",6,320.494845955733
2025-07-01,"CPI_Overall",6,320.494278497482
2025-08-01,"CPI_Overall",6,320.493711040236
2025-09-01,"CPI_Overall",6,320.493143583994
2025-10-01,"CPI_Overall",6,320.492576128758
2025-11-01,"CPI_Overall",6,320.492008674526
2025-12-01,"CPI_Overall",6,320.491441221299
2025-01-01,"CPI_Apparel",6.5,129.930160654962
2025-02-01,"CPI_Apparel",6.5,129.9536951343
2025-03-01,"CPI_Apparel",6.5,129.9536951343
2025-04-01,"CPI_Apparel",6.5,129.9536951343
2025-05-01,"CPI_Apparel",6.5,129.9536951343
2025-06-01,"CPI_Apparel",6.5,129.9536951343
2025-07-01,"CPI_Apparel",6.5,129.9536951343
2025-08-01,"CPI_Apparel",6.5,129.9536951343
2025-09-01,"CPI_Apparel",6.5,129.9536951343
2025-10-01,"CPI_Apparel",6.5,129.9536951343
2025-11-01,"CPI_Apparel",6.5,129.9536951343
2025-12-01,"CPI_Apparel",6.5,129.9536951343
2025-01-01,"CPI_Food",6.5,334.055106514135
2025-02-01,"CPI_Food",6.5,334.079440367554
2025-03-01,"CPI_Food",6.5,334.077470205438
2025-04-01,"CPI_Food",6.5,334.075500054942
2025-05-01,"CPI_Food",6.5,334.073529916064
2025-06-01,"CPI_Food",6.5,334.071559788805
2025-07-01,"CPI_Food",6.5,334.069589673164
2025-08-01,"CPI_Food",6.5,334.067619569141
2025-09-01,"CPI_Food",6.5,334.065649476736
2025-10-01,"CPI_Food",6.5,334.06367939595
2025-11-01,"CPI_Food",6.5,334.061709326782
2025-12-01,"CPI_Food",6.5,334.059739269232
2025-01-01,"CPI_Durables",6.5,119.643739441366
2025-02-01,"CPI_Durables",6.5,119.407889047323
2025-03-01,"CPI_Durables",6.5,119.908527541378
2025-04-01,"CPI_Durables",6.5,119.614559750338
2025-05-01,"CPI_Durables",6.5,119.771775498499
2025-06-01,"CPI_Durables",6.5,119.461264124873
2025-07-01,"CPI_Durables",6.5,119.612982498525
2025-08-01,"CPI_Durables",6.5,119.445255145137
2025-09-01,"CPI_Durables",6.5,119.662087173046
2025-10-01,"CPI_Durables",6.5,119.580371761972
2025-11-01,"CPI_Durables",6.5,119.716149019733
2025-12-01,"CPI_Durables",6.5,119.585313691687
2025-01-01,"CPI_Overall",6.5,320.463423257778
2025-02-01,"CPI_Overall",6.5,320.524095535203
2025-03-01,"CPI_Overall",6.5,320.734126413175
2025-04-01,"CPI_Overall",6.5,320.733558531262
2025-05-01,"CPI_Overall",6.5,320.732990650354
2025-06-01,"CPI_Overall",6.5,320.732422770452
2025-07-01,"CPI_Overall",6.5,320.731854891555
2025-08-01,"CPI_Overall",6.5,320.731287013663
2025-09-01,"CPI_Overall",6.5,320.730719136777
2025-10-01,"CPI_Overall",6.5,320.730151260897
2025-11-01,"CPI_Overall",6.5,320.729583386022
2025-12-01,"CPI_Overall",6.5,320.729015512152
2025-01-01,"CPI_Apparel",7,129.695626139571
2025-02-01,"CPI_Apparel",7,129.719118137258
2025-03-01,"CPI_Apparel",7,129.719118137258
2025-04-01,"CPI_Apparel",7,129.719118137258
2025-05-01,"CPI_Apparel",7,129.719118137258
2025-06-01,"CPI_Apparel",7,129.719118137258
2025-07-01,"CPI_Apparel",7,129.719118137258
2025-08-01,"CPI_Apparel",7,129.719118137258
2025-09-01,"CPI_Apparel",7,129.719118137258
2025-10-01,"CPI_Apparel",7,129.719118137258
2025-11-01,"CPI_Apparel",7,129.719118137258
2025-12-01,"CPI_Apparel",7,129.719118137258
2025-01-01,"CPI_Food",7,333.908638102802
2025-02-01,"CPI_Food",7,333.9329612869
2025-03-01,"CPI_Food",7,333.930991988614
2025-04-01,"CPI_Food",7,333.929022701942
2025-05-01,"CPI_Food",7,333.927053426883
2025-06-01,"CPI_Food",7,333.925084163437
2025-07-01,"CPI_Food",7,333.923114911605
2025-08-01,"CPI_Food",7,333.921145671385
2025-09-01,"CPI_Food",7,333.91917644278
2025-10-01,"CPI_Food",7,333.917207225787
2025-11-01,"CPI_Food",7,333.915238020407
2025-12-01,"CPI_Food",7,333.91326882664
2025-01-01,"CPI_Durables",7,119.356849850089
2025-02-01,"CPI_Durables",7,119.121564993561
2025-03-01,"CPI_Durables",7,119.62100302386
2025-04-01,"CPI_Durables",7,119.327740128035
2025-05-01,"CPI_Durables",7,119.484578893982
2025-06-01,"CPI_Durables",7,119.174812084856
2025-07-01,"CPI_Durables",7,119.326166658259
2025-08-01,"CPI_Durables",7,119.1588414925
2025-09-01,"CPI_Durables",7,119.375153586377
2025-10-01,"CPI_Durables",7,119.293634117865
2025-11-01,"CPI_Durables",7,119.429085800028
2025-12-01,"CPI_Durables",7,119.298564197498
2025-01-01,"CPI_Overall",7,320.683357423126
2025-02-01,"CPI_Overall",7,320.744071339958
2025-03-01,"CPI_Overall",7,320.954246362199
2025-04-01,"CPI_Overall",7,320.953678090548
2025-05-01,"CPI_Overall",7,320.953109819903
2025-06-01,"CPI_Overall",7,320.952541550264
2025-07-01,"CPI_Overall",7,320.951973281632
2025-08-01,"CPI_Overall",7,320.951405014006
2025-09-01,"CPI_Overall",7,320.950836747385
2025-10-01,"CPI_Overall",7,320.950268481771
2025-11-01,"CPI_Overall",7,320.949700217164
2025-12-01,"CPI_Overall",7,320.949131953562
2025-01-01,"CPI_Apparel",7.5,129.477660276344
2025-02-01,"CPI_Apparel",7.5,129.501112793489
2025-03-01,"CPI_Apparel",7.5,129.501112793489
2025-04-01,"CPI_Apparel",7.5,129.501112793489
2025-05-01,"CPI_Apparel",7.5,129.501112793489
2025-06-01,"CPI_Apparel",7.5,129.501112793489
2025-07-01,"CPI_Apparel",7.5,129.501112793489
2025-08-01,"CPI_Apparel",7.5,129.501112793489
2025-09-01,"CPI_Apparel",7.5,129.501112793489
2025-10-01,"CPI_Apparel",7.5,129.501112793489
2025-11-01,"CPI_Apparel",7.5,129.501112793489
2025-12-01,"CPI_Apparel",7.5,129.501112793489
2025-01-01,"CPI_Food",7.5,333.772336998683
2025-02-01,"CPI_Food",7.5,333.796650254087
2025-03-01,"CPI_Food",7.5,333.794681759666
2025-04-01,"CPI_Food",7.5,333.792713276854
2025-05-01,"CPI_Food",7.5,333.79074480565
2025-06-01,"CPI_Food",7.5,333.788776346056
2025-07-01,"CPI_Food",7.5,333.78680789807
2025-08-01,"CPI_Food",7.5,333.784839461692
2025-09-01,"CPI_Food",7.5,333.782871036923
2025-10-01,"CPI_Food",7.5,333.780902623762
2025-11-01,"CPI_Food",7.5,333.778934222209
2025-12-01,"CPI_Food",7.5,333.776965832265
2025-01-01,"CPI_Durables",7.5,119.090380402889
2025-02-01,"CPI_Durables",7.5,118.855620830211
2025-03-01,"CPI_Durables",7.5,119.353943843014
2025-04-01,"CPI_Durables",7.5,119.061335669577
2025-05-01,"CPI_Durables",7.5,119.217824286041
2025-06-01,"CPI_Durables",7.5,118.90874904502
2025-07-01,"CPI_Durables",7.5,119.059765712642
2025-08-01,"CPI_Durables",7.5,118.892814107718
2025-09-01,"CPI_Durables",7.5,119.108643275276
2025-10-01,"CPI_Durables",7.5,119.027305802584
2025-11-01,"CPI_Durables",7.5,119.162455082875
2025-12-01,"CPI_Durables",7.5,119.032224875596
2025-01-01,"CPI_Overall",7.5,320.888246903404
2025-02-01,"CPI_Overall",7.5,320.948999611282
2025-03-01,"CPI_Overall",7.5,321.159308917546
2025-04-01,"CPI_Overall",7.5,321.158740282817
2025-05-01,"CPI_Overall",7.5,321.158171649096
2025-06-01,"CPI_Overall",7.5,321.157603016381
2025-07-01,"CPI_Overall",7.5,321.157034384673
2025-08-01,"CPI_Overall",7.5,321.156465753972
2025-09-01,"CPI_Overall",7.5,321.155897124277
2025-10-01,"CPI_Overall",7.5,321.15532849559
2025-11-01,"CPI_Overall",7.5,321.154759867909
2025-12-01,"CPI_Overall",7.5,321.154191241235
2025-01-01,"CPI_Apparel",8,129.274098440918
2025-02-01,"CPI_Apparel",8,129.297514086549
2025-03-01,"CPI_Apparel",8,129.297514086549
2025-04-01,"CPI_Apparel",8,129.297514086549
2025-05-01,"CPI_Apparel",8,129.297514086549
2025-06-01,"CPI_Apparel",8,129.297514086549
2025-07-01,"CPI_Apparel",8,129.297514086549
2025-08-01,"CPI_Apparel",8,129.297514086549
2025-09-01,"CPI_Apparel",8,129.297514086549
2025-10-01,"CPI_Apparel",8,129.297514086549
2025-11-01,"CPI_Apparel",8,129.297514086549
2025-12-01,"CPI_Apparel",8,129.297514086549
2025-01-01,"CPI_Food",8,333.644886196976
2025-02-01,"CPI_Food",8,333.669190168374
2025-03-01,"CPI_Food",8,333.667222425622
2025-04-01,"CPI_Food",8,333.665254694474
2025-05-01,"CPI_Food",8,333.663286974931
2025-06-01,"CPI_Food",8,333.661319266992
2025-07-01,"CPI_Food",8,333.659351570656
2025-08-01,"CPI_Food",8,333.657383885925
2025-09-01,"CPI_Food",8,333.655416212798
2025-10-01,"CPI_Food",8,333.653448551275
2025-11-01,"CPI_Food",8,333.651480901355
2025-12-01,"CPI_Food",8,333.64951326304
2025-01-01,"CPI_Durables",8,118.841653439777
2025-02-01,"CPI_Durables",8,118.607384175682
2025-03-01,"CPI_Durables",8,119.104666412822
2025-04-01,"CPI_Durables",8,118.812669368026
2025-05-01,"CPI_Durables",8,118.968831149206
2025-06-01,"CPI_Durables",8,118.660401429223
2025-07-01,"CPI_Durables",8,118.811102690034
2025-08-01,"CPI_Durables",8,118.644499772934
2025-09-01,"CPI_Durables",8,118.859878169127
2025-10-01,"CPI_Durables",8,118.778710574325
2025-11-01,"CPI_Durables",8,118.913577587737
2025-12-01,"CPI_Durables",8,118.783619373576
2025-01-01,"CPI_Overall",8,321.080026712993
2025-02-01,"CPI_Overall",8,321.140815729906
2025-03-01,"CPI_Overall",8,321.351250728148
2025-04-01,"CPI_Overall",8,321.350681753574
2025-05-01,"CPI_Overall",8,321.350112780006
2025-06-01,"CPI_Overall",8,321.349543807447
2025-07-01,"CPI_Overall",8,321.348974835894
2025-08-01,"CPI_Overall",8,321.348405865349
2025-09-01,"CPI_Overall",8,321.347836895812
2025-10-01,"CPI_Overall",8,321.347267927282
2025-11-01,"CPI_Overall",8,321.346698959759
2025-12-01,"CPI_Overall",8,321.346129993243
2025-01-01,"CPI_Apparel",8.5,129.083173009612
2025-02-01,"CPI_Apparel",8.5,129.106554072583
2025-03-01,"CPI_Apparel",8.5,129.106554072583
2025-04-01,"CPI_Apparel",8.5,129.106554072583
2025-05-01,"CPI_Apparel",8.5,129.106554072583
2025-06-01,"CPI_Apparel",8.5,129.106554072583
2025-07-01,"CPI_Apparel",8.5,129.106554072583
2025-08-01,"CPI_Apparel",8.5,129.106554072583
2025-09-01,"CPI_Apparel",8.5,129.106554072583
2025-10-01,"CPI_Apparel",8.5,129.106554072583
2025-11-01,"CPI_Apparel",8.5,129.106554072583
2025-12-01,"CPI_Apparel",8.5,129.106554072583
2025-01-01,"CPI_Food",8.5,333.525208901328
2025-02-01,"CPI_Food",8.5,333.549504154975
2025-03-01,"CPI_Food",8.5,333.547537118045
2025-04-01,"CPI_Food",8.5,333.545570092716
2025-05-01,"CPI_Food",8.5,333.543603078987
2025-06-01,"CPI_Food",8.5,333.541636076857
2025-07-01,"CPI_Food",8.5,333.539669086328
2025-08-01,"CPI_Food",8.5,333.537702107399
2025-09-01,"CPI_Food",8.5,333.53573514007
2025-10-01,"CPI_Food",8.5,333.53376818434
2025-11-01,"CPI_Food",8.5,333.53180124021
2025-12-01,"CPI_Food",8.5,333.529834307679
2025-01-01,"CPI_Durables",8.5,118.608483572073
2025-02-01,"CPI_Durables",8.5,118.374673949287
2025-03-01,"CPI_Durables",8.5,118.870980508034
2025-04-01,"CPI_Durables",8.5,118.57955636769
2025-05-01,"CPI_Durables",8.5,118.735411756113
2025-06-01,"CPI_Durables",8.5,118.427587181843
2025-07-01,"CPI_Durables",8.5,118.577992763554
2025-08-01,"CPI_Durables",8.5,118.411716724944
2025-09-01,"CPI_Durables",8.5,118.626672544114
2025-10-01,"CPI_Durables",8.5,118.54566420187
2025-11-01,"CPI_Durables",8.5,118.680266603314
2025-12-01,"CPI_Durables",8.5,118.550563369951
2025-01-01,"CPI_Overall",8.5,321.26028055368
2025-02-01,"CPI_Overall",8.5,321.321103697455
2025-03-01,"CPI_Overall",8.5,321.531656833587
2025-04-01,"CPI_Overall",8.5,321.531087539591
2025-05-01,"CPI_Overall",8.5,321.530518246603
2025-06-01,"CPI_Overall",8.5,321.529948954623
2025-07-01,"CPI_Overall",8.5,321.52937966365
2025-08-01,"CPI_Overall",8.5,321.528810373686
2025-09-01,"CPI_Overall",8.5,321.52824108473
2025-10-01,"CPI_Overall",8.5,321.527671796782
2025-11-01,"CPI_Overall",8.5,321.527102509841
2025-12-01,"CPI_Overall",8.5,321.526533223909
2025-01-01,"CPI_Apparel",9,128.903421988343
2025-02-01,"CPI_Apparel",9,128.926770492694
2025-03-01,"CPI_Apparel",9,128.926770492694
2025-04-01,"CPI_Apparel",9,128.926770492694
2025-05-01,"CPI_Apparel",9,128.926770492694
2025-06-01,"CPI_Apparel",9,128.926770492694
2025-07-01,"CPI_Apparel",9,128.926770492694
2025-08-01,"CPI_Apparel",9,128.926770492694
2025-09-01,"CPI_Apparel",9,128.926770492694
2025-10-01,"CPI_Apparel",9,128.926770492694
2025-11-01,"CPI_Apparel",9,128.926770492694
2025-12-01,"CPI_Apparel",9,128.926770492694
2025-01-01,"CPI_Food",9,333.412413462314
2025-02-01,"CPI_Food",9,333.436700499508
2025-03-01,"CPI_Food",9,333.434734127814
2025-04-01,"CPI_Food",9,333.432767767717
2025-05-01,"CPI_Food",9,333.430801419215
2025-06-01,"CPI_Food",9,333.428835082309
2025-07-01,"CPI_Food",9,333.426868757
2025-08-01,"CPI_Food",9,333.424902443287
2025-09-01,"CPI_Food",9,333.422936141169
2025-10-01,"CPI_Food",9,333.420969850647
2025-11-01,"CPI_Food",9,333.419003571721
2025-12-01,"CPI_Food",9,333.417037304391
2025-01-01,"CPI_Durables",9,118.389064185943
2025-02-01,"CPI_Durables",9,118.155687098524
2025-03-01,"CPI_Durables",9,118.651075516535
2025-04-01,"CPI_Durables",9,118.36019049535
2025-05-01,"CPI_Durables",9,118.515757559594
2025-06-01,"CPI_Durables",9,118.208502444413
2025-07-01,"CPI_Durables",9,118.358629783799
2025-08-01,"CPI_Durables",9,118.192661347016
2025-09-01,"CPI_Durables",9,118.407219509353
2025-10-01,"CPI_Durables",9,118.326361028234
2025-11-01,"CPI_Durables",9,118.460714422395
2025-12-01,"CPI_Durables",9,118.331251133115
2025-01-01,"CPI_Overall",9,321.43032107521
2025-02-01,"CPI_Overall",9,321.491176412193
2025-03-01,"CPI_Overall",9,321.701840992431
2025-04-01,"CPI_Overall",9,321.701271397113
2025-05-01,"CPI_Overall",9,321.700701802802
2025-06-01,"CPI_Overall",9,321.7001322095
2025-07-01,"CPI_Overall",9,321.699562617207
2025-08-01,"CPI_Overall",9,321.698993025922
2025-09-01,"CPI_Overall",9,321.698423435646
2025-10-01,"CPI_Overall",9,321.697853846378
2025-11-01,"CPI_Overall",9,321.697284258119
2025-12-01,"CPI_Overall",9,321.696714670868
2025-01-01,"CPI_Apparel",9.5,128.733622481995
2025-02-01,"CPI_Apparel",9.5,128.756940230261
2025-03-01,"CPI_Apparel",9.5,128.756940230261
2025-04-01,"CPI_Apparel",9.5,128.756940230261
2025-05-01,"CPI_Apparel",9.5,128.756940230261
2025-06-01,"CPI_Apparel",9.5,128.756940230261
2025-07-01,"CPI_Apparel",9.5,128.756940230261
2025-08-01,"CPI_Apparel",9.5,128.756940230261
2025-09-01,"CPI_Apparel",9.5,128.756940230261
2025-10-01,"CPI_Apparel",9.5,128.756940230261
2025-11-01,"CPI_Apparel",9.5,128.756940230261
2025-12-01,"CPI_Apparel",9.5,128.756940230261
2025-01-01,"CPI_Food",9.5,333.305753237961
2025-02-01,"CPI_Food",9.5,333.330032505617
2025-03-01,"CPI_Food",9.5,333.328066762974
2025-04-01,"CPI_Food",9.5,333.326101031924
2025-05-01,"CPI_Food",9.5,333.324135312467
2025-06-01,"CPI_Food",9.5,333.322169604602
2025-07-01,"CPI_Food",9.5,333.32020390833
2025-08-01,"CPI_Food",9.5,333.318238223649
2025-09-01,"CPI_Food",9.5,333.316272550561
2025-10-01,"CPI_Food",9.5,333.314306889065
2025-11-01,"CPI_Food",9.5,333.312341239161
2025-12-01,"CPI_Food",9.5,333.31037560085
2025-01-01,"CPI_Durables",9.5,118.181884843649
2025-02-01,"CPI_Durables",9.5,117.948916163137
2025-03-01,"CPI_Durables",9.5,118.443437657776
2025-04-01,"CPI_Durables",9.5,118.153061681644
2025-05-01,"CPI_Durables",9.5,118.308356505523
2025-06-01,"CPI_Durables",9.5,118.001639082849
2025-07-01,"CPI_Durables",9.5,118.151503701318
2025-08-01,"CPI_Durables",9.5,117.985825707168
2025-09-01,"CPI_Durables",9.5,118.200008395476
2025-10-01,"CPI_Durables",9.5,118.119291415661
2025-11-01,"CPI_Durables",9.5,118.253409693107
2025-12-01,"CPI_Durables",9.5,118.124172962921
2025-01-01,"CPI_Overall",9.5,321.591248441215
2025-02-01,"CPI_Overall",9.5,321.652134246044
2025-03-01,"CPI_Overall",9.5,321.862904297651
2025-04-01,"CPI_Overall",9.5,321.862334417158
2025-05-01,"CPI_Overall",9.5,321.861764537675
2025-06-01,"CPI_Overall",9.5,321.8611946592
2025-07-01,"CPI_Overall",9.5,321.860624781735
2025-08-01,"CPI_Overall",9.5,321.860054905278
2025-09-01,"CPI_Overall",9.5,321.859485029831
2025-10-01,"CPI_Overall",9.5,321.858915155392
2025-11-01,"CPI_Overall",9.5,321.858345281963
2025-12-01,"CPI_Overall",9.5,321.857775409542
2025-01-01,"CPI_Apparel",10,128.572741320957
2025-02-01,"CPI_Apparel",10,128.596029928535
2025-03-01,"CPI_Apparel",10,128.596029928535
2025-04-01,"CPI_Apparel",10,128.596029928535
2025-05-01,"CPI_Apparel",10,128.596029928535
2025-06-01,"CPI_Apparel",10,128.596029928535
2025-07-01,"CPI_Apparel",10,128.596029928535
2025-08-01,"CPI_Apparel",10,128.596029928535
2025-09-01,"CPI_Apparel",10,128.596029928535
2025-10-01,"CPI_Apparel",10,128.596029928535
2025-11-01,"CPI_Apparel",10,128.596029928535
2025-12-01,"CPI_Apparel",10,128.596029928535
2025-01-01,"CPI_Food",10,333.204596772701
2025-02-01,"CPI_Food",10,333.228868671732
2025-03-01,"CPI_Food",10,333.226903525682
2025-04-01,"CPI_Food",10,333.22493839122
2025-05-01,"CPI_Food",10,333.222973268348
2025-06-01,"CPI_Food",10,333.221008157065
2025-07-01,"CPI_Food",10,333.21904305737
2025-08-01,"CPI_Food",10,333.217077969264
2025-09-01,"CPI_Food",10,333.215112892747
2025-10-01,"CPI_Food",10,333.213147827819
2025-11-01,"CPI_Food",10,333.211182774479
2025-12-01,"CPI_Food",10,333.209217732727
2025-01-01,"CPI_Durables",10,117.985670015042
2025-02-01,"CPI_Durables",10,117.753088127394
2025-03-01,"CPI_Durables",10,118.246788578686
2025-04-01,"CPI_Durables",10,117.956894707509
2025-05-01,"CPI_Durables",10,118.111931698749
2025-06-01,"CPI_Durables",10,117.805723512382
2025-07-01,"CPI_Durables",10,117.955339313864
2025-08-01,"CPI_Durables",10,117.789936391307
2025-09-01,"CPI_Durables",10,118.003763476728
2025-10-01,"CPI_Durables",10,117.923180509569
2025-11-01,"CPI_Durables",10,118.057076113338
2025-12-01,"CPI_Durables",10,117.928053952102
2025-01-01,"CPI_Overall",10,321.743993879462
2025-02-01,"CPI_Overall",10,321.804908603077
2025-03-01,"CPI_Overall",10,322.01577876364
2025-04-01,"CPI_Overall",10,322.015208612473
2025-05-01,"CPI_Overall",10,322.014638462315
2025-06-01,"CPI_Overall",10,322.014068313166
2025-07-01,"CPI_Overall",10,322.013498165027
2025-08-01,"CPI_Overall",10,322.012928017898
2025-09-01,"CPI_Overall",10,322.012357871778
2025-10-01,"CPI_Overall",10,322.011787726668
2025-11-01,"CPI_Overall",10,322.011217582567
2025-12-01,"CPI_Overall",10,322.010647439475
2025-01-01,"CPI_Apparel",10.5,128.419897797696
2025-02-01,"CPI_Apparel",10.5,128.443158720457
2025-03-01,"CPI_Apparel",10.5,128.443158720457
2025-04-01,"CPI_Apparel",10.5,128.443158720457
2025-05-01,"CPI_Apparel",10.5,128.443158720457
2025-06-01,"CPI_Apparel",10.5,128.443158720457
2025-07-01,"CPI_Apparel",10.5,128.443158720457
2025-08-01,"CPI_Apparel",10.5,128.443158720457
2025-09-01,"CPI_Apparel",10.5,128.443158720457
2025-10-01,"CPI_Apparel",10.5,128.443158720457
2025-11-01,"CPI_Apparel",10.5,128.443158720457
2025-12-01,"CPI_Apparel",10.5,128.443158720457
2025-01-01,"CPI_Food",10.5,333.108405267204
2025-02-01,"CPI_Food",10.5,333.132670159277
2025-03-01,"CPI_Food",10.5,333.130705580537
2025-04-01,"CPI_Food",10.5,333.128741013383
2025-05-01,"CPI_Food",10.5,333.126776457814
2025-06-01,"CPI_Food",10.5,333.124811913831
2025-07-01,"CPI_Food",10.5,333.122847381433
2025-08-01,"CPI_Food",10.5,333.120882860621
2025-09-01,"CPI_Food",10.5,333.118918351394
2025-10-01,"CPI_Food",10.5,333.116953853752
2025-11-01,"CPI_Food",10.5,333.114989367695
2025-12-01,"CPI_Food",10.5,333.113024893224
2025-01-01,"CPI_Durables",10.5,117.799332857524
2025-02-01,"CPI_Durables",10.5,117.56711829116
2025-03-01,"CPI_Durables",10.5,118.060039031333
2025-04-01,"CPI_Durables",10.5,117.770602995417
2025-05-01,"CPI_Durables",10.5,117.925395133598
2025-06-01,"CPI_Durables",10.5,117.619670548019
2025-07-01,"CPI_Durables",10.5,117.769050058237
2025-08-01,"CPI_Durables",10.5,117.603908359864
2025-09-01,"CPI_Durables",10.5,117.817397743839
2025-10-01,"CPI_Durables",10.5,117.736942042992
2025-11-01,"CPI_Durables",10.5,117.870626182724
2025-12-01,"CPI_Durables",10.5,117.741807788799
2025-01-01,"CPI_Overall",10.5,321.889352612725
2025-02-01,"CPI_Overall",10.5,321.950294856628
2025-03-01,"CPI_Overall",10.5,322.161260284919
2025-04-01,"CPI_Overall",10.5,322.160689876167
2025-05-01,"CPI_Overall",10.5,322.160119468424
2025-06-01,"CPI_Overall",10.5,322.159549061692
2025-07-01,"CPI_Overall",10.5,322.158978655969
2025-08-01,"CPI_Overall",10.5,322.158408251256
2025-09-01,"CPI_Overall",10.5,322.157837847554
2025-10-01,"CPI_Overall",10.5,322.157267444861
2025-11-01,"CPI_Overall",10.5,322.156697043178
2025-12-01,"CPI_Overall",10.5,322.156126642505
2025-01-01,"CPI_Apparel",11,128.274335117068
2025-02-01,"CPI_Apparel",11,128.297569673803
2025-03-01,"CPI_Apparel",11,128.297569673803
2025-04-01,"CPI_Apparel",11,128.297569673803
2025-05-01,"CPI_Apparel",11,128.297569673803
2025-06-01,"CPI_Apparel",11,128.297569673803
2025-07-01,"CPI_Apparel",11,128.297569673803
2025-08-01,"CPI_Apparel",11,128.297569673803
2025-09-01,"CPI_Apparel",11,128.297569673803
2025-10-01,"CPI_Apparel",11,128.297569673803
2025-11-01,"CPI_Apparel",11,128.297569673803
2025-12-01,"CPI_Apparel",11,128.297569673803
2025-01-01,"CPI_Food",11,333.016715299713
2025-02-01,"CPI_Food",11,333.040973512738
2025-03-01,"CPI_Food",11,333.03900947476
2025-04-01,"CPI_Food",11,333.037045448363
2025-05-01,"CPI_Food",11,333.03508143355
2025-06-01,"CPI_Food",11,333.033117430318
2025-07-01,"CPI_Food",11,333.031153438669
2025-08-01,"CPI_Food",11,333.029189458602
2025-09-01,"CPI_Food",11,333.027225490117
2025-10-01,"CPI_Food",11,333.025261533215
2025-11-01,"CPI_Food",11,333.023297587894
2025-12-01,"CPI_Food",11,333.021333654155
2025-01-01,"CPI_Durables",11,117.621939819326
2025-02-01,"CPI_Durables",11,117.390074942952
2025-03-01,"CPI_Durables",11,117.882253397871
2025-04-01,"CPI_Durables",11,117.593253221281
2025-05-01,"CPI_Durables",11,117.747812259264
2025-06-01,"CPI_Durables",11,117.442548061803
2025-07-01,"CPI_Durables",11,117.591702622656
2025-08-01,"CPI_Durables",11,117.426809609797
2025-09-01,"CPI_Durables",11,117.639977501879
2025-10-01,"CPI_Durables",11,117.559642958605
2025-11-01,"CPI_Durables",11,117.693125784499
2025-12-01,"CPI_Durables",11,117.564501377125
2025-01-01,"CPI_Overall",11,322.028009134356
2025-02-01,"CPI_Overall",11,322.088977629638
2025-03-01,"CPI_Overall",11,322.300033933046
2025-04-01,"CPI_Overall",11,322.299463278585
2025-05-01,"CPI_Overall",11,322.298892625135
2025-06-01,"CPI_Overall",11,322.298321972695
2025-07-01,"CPI_Overall",11,322.297751321265
2025-08-01,"CPI_Overall",11,322.297180670846
2025-09-01,"CPI_Overall",11,322.296610021437
2025-10-01,"CPI_Overall",11,322.296039373038
2025-11-01,"CPI_Overall",11,322.29546872565
2025-12-01,"CPI_Overall",11,322.294898079272
2025-01-01,"CPI_Apparel",11.5,128.135398225479
2025-02-01,"CPI_Apparel",11.5,128.15860761633
2025-03-01,"CPI_Apparel",11.5,128.15860761633
2025-04-01,"CPI_Apparel",11.5,128.15860761633
2025-05-01,"CPI_Apparel",11.5,128.15860761633
2025-06-01,"CPI_Apparel",11.5,128.15860761633
2025-07-01,"CPI_Apparel",11.5,128.15860761633
2025-08-01,"CPI_Apparel",11.5,128.15860761633
2025-09-01,"CPI_Apparel",11.5,128.15860761633
2025-10-01,"CPI_Apparel",11.5,128.15860761633
2025-11-01,"CPI_Apparel",11.5,128.15860761633
2025-12-01,"CPI_Apparel",11.5,128.15860761633
2025-01-01,"CPI_Food",11.5,332.929125395402
2025-02-01,"CPI_Food",11.5,332.953377228043
2025-03-01,"CPI_Food",11.5,332.951413706644
2025-04-01,"CPI_Food",11.5,332.949450196826
2025-05-01,"CPI_Food",11.5,332.947486698586
2025-06-01,"CPI_Food",11.5,332.945523211926
2025-07-01,"CPI_Food",11.5,332.943559736845
2025-08-01,"CPI_Food",11.5,332.941596273343
2025-09-01,"CPI_Food",11.5,332.939632821421
2025-10-01,"CPI_Food",11.5,332.937669381077
2025-11-01,"CPI_Food",11.5,332.935705952312
2025-12-01,"CPI_Food",11.5,332.933742535126
2025-01-01,"CPI_Durables",11.5,117.452683162602
2025-02-01,"CPI_Durables",11.5,117.221151937193
2025-03-01,"CPI_Durables",11.5,117.712622152817
2025-04-01,"CPI_Durables",11.5,117.424037844251
2025-05-01,"CPI_Durables",11.5,117.578374473506
2025-06-01,"CPI_Durables",11.5,117.273549547813
2025-07-01,"CPI_Durables",11.5,117.42248947692
2025-08-01,"CPI_Durables",11.5,117.257833743263
2025-09-01,"CPI_Durables",11.5,117.470694889132
2025-10-01,"CPI_Durables",11.5,117.390475946367
2025-11-01,"CPI_Durables",11.5,117.523766691967
2025-12-01,"CPI_Durables",11.5,117.395327373677
2025-01-01,"CPI_Overall",11.5,322.16055686996
2025-02-01,"CPI_Overall",11.5,322.221550460066
2025-03-01,"CPI_Overall",11.5,322.432693634908
2025-04-01,"CPI_Overall",11.5,322.432122745564
2025-05-01,"CPI_Overall",11.5,322.431551857231
2025-06-01,"CPI_Overall",11.5,322.430980969909
2025-07-01,"CPI_Overall",11.5,322.430410083597
2025-08-01,"CPI_Overall",11.5,322.429839198297
2025-09-01,"CPI_Overall",11.5,322.429268314007
2025-10-01,"CPI_Overall",11.5,322.428697430727
2025-11-01,"CPI_Overall",11.5,322.428126548459
2025-12-01,"CPI_Overall",11.5,322.427555667201
2025-01-01,"CPI_Apparel",12,128.002516382523
2025-02-01,"CPI_Apparel",12,128.025701704251
2025-03-01,"CPI_Apparel",12,128.025701704251
2025-04-01,"CPI_Apparel",12,128.025701704251
2025-05-01,"CPI_Apparel",12,128.025701704251
2025-06-01,"CPI_Apparel",12,128.025701704251
2025-07-01,"CPI_Apparel",12,128.025701704251
2025-08-01,"CPI_Apparel",12,128.025701704251
2025-09-01,"CPI_Apparel",12,128.025701704251
2025-10-01,"CPI_Apparel",12,128.025701704251
2025-11-01,"CPI_Apparel",12,128.025701704251
2025-12-01,"CPI_Apparel",12,128.025701704251
2025-01-01,"CPI_Food",12,332.845285459237
2025-02-01,"CPI_Food",12,332.869531184656
2025-03-01,"CPI_Food",12,332.867568157722
2025-04-01,"CPI_Food",12,332.865605142364
2025-05-01,"CPI_Food",12,332.863642138583
2025-06-01,"CPI_Food",12,332.861679146378
2025-07-01,"CPI_Food",12,332.859716165749
2025-08-01,"CPI_Food",12,332.857753196697
2025-09-01,"CPI_Food",12,332.855790239221
2025-10-01,"CPI_Food",12,332.853827293321
2025-11-01,"CPI_Food",12,332.851864358997
2025-12-01,"CPI_Food",12,332.849901436249
2025-01-01,"CPI_Durables",12,117.290859372328
2025-02-01,"CPI_Durables",12,117.05964714568
2025-03-01,"CPI_Durables",12,117.550440224171
2025-04-01,"CPI_Durables",12,117.262253520882
2025-05-01,"CPI_Durables",12,117.416377508436
2025-06-01,"CPI_Durables",12,117.111972563994
2025-07-01,"CPI_Durables",12,117.260707286858
2025-08-01,"CPI_Durables",12,117.096278412343
2025-09-01,"CPI_Durables",12,117.308846282686
2025-10-01,"CPI_Durables",12,117.228737863862
2025-11-01,"CPI_Durables",12,117.361844964328
2025-12-01,"CPI_Durables",12,117.23358260698
2025-01-01,"CPI_Overall",12,322.287513658383
2025-02-01,"CPI_Overall",12,322.348531284797
2025-03-01,"CPI_Overall",12,322.559757666781
2025-04-01,"CPI_Overall",12,322.559186552462
2025-05-01,"CPI_Overall",12,322.558615439153
2025-06-01,"CPI_Overall",12,322.558044326856
2025-07-01,"CPI_Overall",12,322.55747321557
2025-08-01,"CPI_Overall",12,322.556902105296
2025-09-01,"CPI_Overall",12,322.556330996032
2025-10-01,"CPI_Overall",12,322.55575988778
2025-11-01,"CPI_Overall",12,322.555188780538
2025-12-01,"CPI_Overall",12,322.554617674308
2025-01-01,"CPI_Apparel",12.5,127.87518930825
2025-02-01,"CPI_Apparel",12.5,127.898351567001
2025-03-01,"CPI_Apparel",12.5,127.898351567001
2025-04-01,"CPI_Apparel",12.5,127.898351567001
2025-05-01,"CPI_Apparel",12.5,127.898351567001
2025-06-01,"CPI_Apparel",12.5,127.898351567001
2025-07-01,"CPI_Apparel",12.5,127.898351567001
2025-08-01,"CPI_Apparel",12.5,127.898351567001
2025-09-01,"CPI_Apparel",12.5,127.898351567001
2025-10-01,"CPI_Apparel",12.5,127.898351567001
2025-11-01,"CPI_Apparel",12.5,127.898351567001
2025-12-01,"CPI_Apparel",12.5,127.898351567001
2025-01-01,"CPI_Food",12.5,332.764888369701
2025-02-01,"CPI_Food",12.5,332.789128238688
2025-03-01,"CPI_Food",12.5,332.787165685913
2025-04-01,"CPI_Food",12.5,332.785203144712
2025-05-01,"CPI_Food",12.5,332.783240615084
2025-06-01,"CPI_Food",12.5,332.78127809703
2025-07-01,"CPI_Food",12.5,332.77931559055
2025-08-01,"CPI_Food",12.5,332.777353095643
2025-09-01,"CPI_Food",12.5,332.775390612309
2025-10-01,"CPI_Food",12.5,332.773428140549
2025-11-01,"CPI_Food",12.5,332.771465680362
2025-12-01,"CPI_Food",12.5,332.769503231748
2025-01-01,"CPI_Durables",12.5,117.135852001189
2025-02-01,"CPI_Durables",12.5,116.904945336284
2025-03-01,"CPI_Durables",12.5,117.395089800337
2025-04-01,"CPI_Durables",12.5,117.107283954205
2025-05-01,"CPI_Durables",12.5,117.261204257054
2025-06-01,"CPI_Durables",12.5,116.957201603212
2025-07-01,"CPI_Durables",12.5,117.105739763628
2025-08-01,"CPI_Durables",12.5,116.941528192386
2025-09-01,"CPI_Durables",12.5,117.153815140695
2025-10-01,"CPI_Durables",12.5,117.073812590269
2025-11-01,"CPI_Durables",12.5,117.20674378119
2025-12-01,"CPI_Durables",12.5,117.078650930749
2025-01-01,"CPI_Overall",12.5,322.409334075585
2025-02-01,"CPI_Overall",12.5,322.470374765854
2025-03-01,"CPI_Overall",12.5,322.681680988617
2025-04-01,"CPI_Overall",12.5,322.681109658424
2025-05-01,"CPI_Overall",12.5,322.680538329242
2025-06-01,"CPI_Overall",12.5,322.679967001072
2025-07-01,"CPI_Overall",12.5,322.679395673914
2025-08-01,"CPI_Overall",12.5,322.678824347767
2025-09-01,"CPI_Overall",12.5,322.678253022632
2025-10-01,"CPI_Overall",12.5,322.677681698508
2025-11-01,"CPI_Overall",12.5,322.677110375396
2025-12-01,"CPI_Overall",12.5,322.676539053295
2025-01-01,"CPI_Apparel",13,127.752976060896
2025-02-01,"CPI_Apparel",13,127.776116182946
2025-03-01,"CPI_Apparel",13,127.776116182946
2025-04-01,"CPI_Apparel",13,127.776116182946
2025-05-01,"CPI_Apparel",13,127.776116182946
2025-06-01,"CPI_Apparel",13,127.776116182946
2025-07-01,"CPI_Apparel",13,127.776116182946
2025-08-01,"CPI_Apparel",13,127.776116182946
2025-09-01,"CPI_Apparel",13,127.776116182946
2025-10-01,"CPI_Apparel",13,127.776116182946
2025-11-01,"CPI_Apparel",13,127.776116182946
2025-12-01,"CPI_Apparel",13,127.776116182946
2025-01-01,"CPI_Food",13,332.68766322397
2025-02-01,"CPI_Food",13,332.711897467582
2025-03-01,"CPI_Food",13,332.709935370259
2025-04-01,"CPI_Food",13,332.707973284507
2025-05-01,"CPI_Food",13,332.706011210326
2025-06-01,"CPI_Food",13,332.704049147715
2025-07-01,"CPI_Food",13,332.702087096676
2025-08-01,"CPI_Food",13,332.700125057208
2025-09-01,"CPI_Food",13,332.69816302931
2025-10-01,"CPI_Food",13,332.696201012983
2025-11-01,"CPI_Food",13,332.694239008226
2025-12-01,"CPI_Food",13,332.69227701504
2025-01-01,"CPI_Durables",13,116.987117900684
2025-02-01,"CPI_Durables",13,116.756504431198
2025-03-01,"CPI_Durables",13,117.246026530751
2025-04-01,"CPI_Durables",13,116.958586128186
2025-05-01,"CPI_Durables",13,117.11231098961
2025-06-01,"CPI_Durables",13,116.80869434535
2025-07-01,"CPI_Durables",13,116.957043898356
2025-08-01,"CPI_Durables",13,116.793040835952
2025-09-01,"CPI_Durables",13,117.005058231363
2025-10-01,"CPI_Durables",13,116.925157264758
2025-11-01,"CPI_Durables",13,117.057919665332
2025-12-01,"CPI_Durables",13,116.92998946172
2025-01-01,"CPI_Overall",13,322.526419344028
2025-02-01,"CPI_Overall",13,322.587482201663
2025-03-01,"CPI_Overall",13,322.7988651618
2025-04-01,"CPI_Overall",13,322.798293624125
2025-05-01,"CPI_Overall",13,322.797722087461
2025-06-01,"CPI_Overall",13,322.797150551809
2025-07-01,"CPI_Overall",13,322.796579017169
2025-08-01,"CPI_Overall",13,322.79600748354
2025-09-01,"CPI_Overall",13,322.795435950924
2025-10-01,"CPI_Overall",13,322.79486441932
2025-11-01,"CPI_Overall",13,322.794292888728
2025-12-01,"CPI_Overall",13,322.793721359147
2025-01-01,"CPI_Apparel",13.5,127.63548602404
2025-02-01,"CPI_Apparel",13.5,127.658604864912
2025-03-01,"CPI_Apparel",13.5,127.658604864912
2025-04-01,"CPI_Apparel",13.5,127.658604864912
2025-05-01,"CPI_Apparel",13.5,127.658604864912
2025-06-01,"CPI_Apparel",13.5,127.658604864912
2025-07-01,"CPI_Apparel",13.5,127.658604864912
2025-08-01,"CPI_Apparel",13.5,127.658604864912
2025-09-01,"CPI_Apparel",13.5,127.658604864912
2025-10-01,"CPI_Apparel",13.5,127.658604864912
2025-11-01,"CPI_Apparel",13.5,127.658604864912
2025-12-01,"CPI_Apparel",13.5,127.658604864912
2025-01-01,"CPI_Food",13.5,332.613369859954
2025-02-01,"CPI_Food",13.5,332.637598691753
2025-03-01,"CPI_Food",13.5,332.635637032591
2025-04-01,"CPI_Food",13.5,332.633675384997
2025-05-01,"CPI_Food",13.5,332.631713748972
2025-06-01,"CPI_Food",13.5,332.629752124516
2025-07-01,"CPI_Food",13.5,332.627790511627
2025-08-01,"CPI_Food",13.5,332.625828910307
2025-09-01,"CPI_Food",13.5,332.623867320555
2025-10-01,"CPI_Food",13.5,332.621905742371
2025-11-01,"CPI_Food",13.5,332.619944175755
2025-12-01,"CPI_Food",13.5,332.617982620706
2025-01-01,"CPI_Durables",13.5,116.844176067372
2025-02-01,"CPI_Durables",13.5,116.613844375167
2025-03-01,"CPI_Durables",13.5,117.102768347443
2025-04-01,"CPI_Durables",13.5,116.815679156694
2025-05-01,"CPI_Durables",13.5,116.96921618792
2025-06-01,"CPI_Durables",13.5,116.665970520572
2025-07-01,"CPI_Durables",13.5,116.814138811253
2025-08-01,"CPI_Durables",13.5,116.650336137565
2025-09-01,"CPI_Durables",13.5,116.862094477486
2025-10-01,"CPI_Durables",13.5,116.782291138643
2025-11-01,"CPI_Durables",13.5,116.914891322204
2025-12-01,"CPI_Durables",13.5,116.787117431339
2025-01-01,"CPI_Overall",13.5,322.639125374014
2025-02-01,"CPI_Overall",13.5,322.700209569908
2025-03-01,"CPI_Overall",13.5,322.911666397279
2025-04-01,"CPI_Overall",13.5,322.911094659881
2025-05-01,"CPI_Overall",13.5,322.910522923495
2025-06-01,"CPI_Overall",13.5,322.909951188121
2025-07-01,"CPI_Overall",13.5,322.90937945376
2025-08-01,"CPI_Overall",13.5,322.908807720411
2025-09-01,"CPI_Overall",13.5,322.908235988074
2025-10-01,"CPI_Overall",13.5,322.907664256749
2025-11-01,"CPI_Overall",13.5,322.907092526437
2025-12-01,"CPI_Overall",13.5,322.906520797137
2025-01-01,"CPI_Apparel",14,127.522371540905
2025-02-01,"CPI_Apparel",14,127.54546989315
2025-03-01,"CPI_Apparel",14,127.54546989315
2025-04-01,"CPI_Apparel",14,127.54546989315
2025-05-01,"CPI_Apparel",14,127.54546989315
2025-06-01,"CPI_Apparel",14,127.54546989315
2025-07-01,"CPI_Apparel",14,127.54546989315
2025-08-01,"CPI_Apparel",14,127.54546989315
2025-09-01,"CPI_Apparel",14,127.54546989315
2025-10-01,"CPI_Apparel",14,127.54546989315
2025-11-01,"CPI_Apparel",14,127.54546989315
2025-12-01,"CPI_Apparel",14,127.54546989315
2025-01-01,"CPI_Food",14,332.541794376129
2025-02-01,"CPI_Food",14,332.566017994095
2025-03-01,"CPI_Food",14,332.564056757065
2025-04-01,"CPI_Food",14,332.562095531601
2025-05-01,"CPI_Food",14,332.560134317703
2025-06-01,"CPI_Food",14,332.55817311537
2025-07-01,"CPI_Food",14,332.556211924604
2025-08-01,"CPI_Food",14,332.554250745403
2025-09-01,"CPI_Food",14,332.552289577768
2025-10-01,"CPI_Food",14,332.550328421698
2025-11-01,"CPI_Food",14,332.548367277194
2025-12-01,"CPI_Food",14,332.546406144256
2025-01-01,"CPI_Durables",14,116.706598530461
2025-02-01,"CPI_Durables",14,116.47653804105
2025-03-01,"CPI_Durables",14,116.964886332464
2025-04-01,"CPI_Durables",14,116.678135173315
2025-05-01,"CPI_Durables",14,116.831491423203
2025-06-01,"CPI_Durables",14,116.528602810809
2025-07-01,"CPI_Durables",14,116.676596641545
2025-08-01,"CPI_Durables",14,116.512986836421
2025-09-01,"CPI_Durables",14,116.724495842641
2025-10-01,"CPI_Durables",14,116.644786467804
2025-11-01,"CPI_Durables",14,116.777230522003
2025-12-01,"CPI_Durables",14,116.649607077808
2025-01-01,"CPI_Overall",14,322.74776934435
2025-02-01,"CPI_Overall",14,322.808874109446
2025-03-01,"CPI_Overall",14,323.020402141787
2025-04-01,"CPI_Overall",14,323.019830211865
2025-05-01,"CPI_Overall",14,323.019258282955
2025-06-01,"CPI_Overall",14,323.018686355058
2025-07-01,"CPI_Overall",14,323.018114428173
2025-08-01,"CPI_Overall",14,323.017542502301
2025-09-01,"CPI_Overall",14,323.016970577442
2025-10-01,"CPI_Overall",14,323.016398653596
2025-11-01,"CPI_Overall",14,323.015826730762
2025-12-01,"CPI_Overall",14,323.01525480894
2025-01-01,"CPI_Apparel",14.5,127.413321847487
2025-02-01,"CPI_Apparel",14.5,127.43640044737
2025-03-01,"CPI_Apparel",14.5,127.43640044737
2025-04-01,"CPI_Apparel",14.5,127.43640044737
2025-05-01,"CPI_Apparel",14.5,127.43640044737
2025-06-01,"CPI_Apparel",14.5,127.43640044737
2025-07-01,"CPI_Apparel",14.5,127.43640044737
2025-08-01,"CPI_Apparel",14.5,127.43640044737
2025-09-01,"CPI_Apparel",14.5,127.43640044737
2025-10-01,"CPI_Apparel",14.5,127.43640044737
2025-11-01,"CPI_Apparel",14.5,127.43640044737
2025-12-01,"CPI_Apparel",14.5,127.43640044737
2025-01-01,"CPI_Food",14.5,332.47274543874
2025-02-01,"CPI_Food",14.5,332.496964026917
2025-03-01,"CPI_Food",14.5,332.495003197118
2025-04-01,"CPI_Food",14.5,332.493042378882
2025-05-01,"CPI_Food",14.5,332.49108157221
2025-06-01,"CPI_Food",14.5,332.489120777102
2025-07-01,"CPI_Food",14.5,332.487159993557
2025-08-01,"CPI_Food",14.5,332.485199221575
2025-09-01,"CPI_Food",14.5,332.483238461156
2025-10-01,"CPI_Food",14.5,332.481277712301
2025-11-01,"CPI_Food",14.5,332.479316975009
2025-12-01,"CPI_Food",14.5,332.477356249279
2025-01-01,"CPI_Durables",14.5,116.574002848575
2025-02-01,"CPI_Durables",14.5,116.344203741364
2025-03-01,"CPI_Durables",14.5,116.831997198043
2025-04-01,"CPI_Durables",14.5,116.545571829945
2025-05-01,"CPI_Durables",14.5,116.698753844813
2025-06-01,"CPI_Durables",14.5,116.396209357967
2025-07-01,"CPI_Durables",14.5,116.544035046172
2025-08-01,"CPI_Durables",14.5,116.380611125598
2025-09-01,"CPI_Durables",14.5,116.591879826803
2025-10-01,"CPI_Durables",14.5,116.512261013418
2025-11-01,"CPI_Durables",14.5,116.644554591894
2025-12-01,"CPI_Durables",14.5,116.517076146507
2025-01-01,"CPI_Overall",14.5,322.852635129667
2025-02-01,"CPI_Overall",14.5,322.913759748655
2025-03-01,"CPI_Overall",14.5,323.125356509753
2025-04-01,"CPI_Overall",14.5,323.124784394002
2025-05-01,"CPI_Overall",14.5,323.124212279264
2025-06-01,"CPI_Overall",14.5,323.123640165538
2025-07-01,"CPI_Overall",14.5,323.123068052826
2025-08-01,"CPI_Overall",14.5,323.122495941126
2025-09-01,"CPI_Overall",14.5,323.12192383044
2025-10-01,"CPI_Overall",14.5,323.121351720766
2025-11-01,"CPI_Overall",14.5,323.120779612106
2025-12-01,"CPI_Overall",14.5,323.120207504458
2025-01-01,"CPI_Apparel",15,127.308058039201
2025-02-01,"CPI_Apparel",15,127.331117572463
2025-03-01,"CPI_Apparel",15,127.331117572463
2025-04-01,"CPI_Apparel",15,127.331117572463
2025-05-01,"CPI_Apparel",15,127.331117572463
2025-06-01,"CPI_Apparel",15,127.331117572463
2025-07-01,"CPI_Apparel",15,127.331117572463
2025-08-01,"CPI_Apparel",15,127.331117572463
2025-09-01,"CPI_Apparel",15,127.331117572463
2025-10-01,"CPI_Apparel",15,127.331117572463
2025-11-01,"CPI_Apparel",15,127.331117572463
2025-12-01,"CPI_Apparel",15,127.331117572463
2025-01-01,"CPI_Food",15,332.406051215974
2025-02-01,"CPI_Food",15,332.430264945888
2025-03-01,"CPI_Food",15,332.428304509433
2025-04-01,"CPI_Food",15,332.426344084538
2025-05-01,"CPI_Food",15,332.424383671205
2025-06-01,"CPI_Food",15,332.422423269434
2025-07-01,"CPI_Food",15,332.420462879223
2025-08-01,"CPI_Food",15,332.418502500573
2025-09-01,"CPI_Food",15,332.416542133484
2025-10-01,"CPI_Food",15,332.414581777956
2025-11-01,"CPI_Food",15,332.412621433989
2025-12-01,"CPI_Food",15,332.410661101582
2025-01-01,"CPI_Durables",15,116.44604588657
2025-02-01,"CPI_Durables",15,116.216499017378
2025-03-01,"CPI_Durables",15,116.703757049629
2025-04-01,"CPI_Durables",15,116.417646075127
2025-05-01,"CPI_Durables",15,116.570659950403
2025-06-01,"CPI_Durables",15,116.268447550236
2025-07-01,"CPI_Durables",15,116.416110978198
2025-08-01,"CPI_Durables",15,116.252866439201
2025-09-01,"CPI_Durables",15,116.463903242208
2025-10-01,"CPI_Durables",15,116.384371822077
2025-11-01,"CPI_Durables",15,116.516520189066
2025-12-01,"CPI_Durables",15,116.389181669856
2025-01-01,"CPI_Overall",15,322.953977808841
2025-02-01,"CPI_Overall",15,323.015121614702
2025-03-01,"CPI_Overall",15,323.226784795524
2025-04-01,"CPI_Overall",15,323.226212500187
2025-05-01,"CPI_Overall",15,323.225640205863
2025-06-01,"CPI_Overall",15,323.225067912552
2025-07-01,"CPI_Overall",15,323.224495620255
2025-08-01,"CPI_Overall",15,323.223923328971
2025-09-01,"CPI_Overall",15,323.2233510387
2025-10-01,"CPI_Overall",15,323.222778749443
2025-11-01,"CPI_Overall",15,323.222206461199
2025-12-01,"CPI_Overall",15,323.221634173968
2025-01-01,"CPI_Apparel",15.5,127.206328866823
2025-02-01,"CPI_Apparel",15.5,127.229369973701
2025-03-01,"CPI_Apparel",15.5,127.229369973701
2025-04-01,"CPI_Apparel",15.5,127.229369973701
2025-05-01,"CPI_Apparel",15.5,127.229369973701
2025-06-01,"CPI_Apparel",15.5,127.229369973701
2025-07-01,"CPI_Apparel",15.5,127.229369973701
2025-08-01,"CPI_Apparel",15.5,127.229369973701
2025-09-01,"CPI_Apparel",15.5,127.229369973701
2025-10-01,"CPI_Apparel",15.5,127.229369973701
2025-11-01,"CPI_Apparel",15.5,127.229369973701
2025-12-01,"CPI_Apparel",15.5,127.229369973701
2025-01-01,"CPI_Food",15.5,332.341556815569
2025-02-01,"CPI_Food",15.5,332.365765847464
2025-03-01,"CPI_Food",15.5,332.363805791378
2025-04-01,"CPI_Food",15.5,332.361845746852
2025-05-01,"CPI_Food",15.5,332.359885713884
2025-06-01,"CPI_Food",15.5,332.357925692475
2025-07-01,"CPI_Food",15.5,332.355965682625
2025-08-01,"CPI_Food",15.5,332.354005684333
2025-09-01,"CPI_Food",15.5,332.352045697601
2025-10-01,"CPI_Food",15.5,332.350085722427
2025-11-01,"CPI_Food",15.5,332.348125758811
2025-12-01,"CPI_Food",15.5,332.346165806754
2025-01-01,"CPI_Durables",15.5,116.322418619197
2025-02-01,"CPI_Durables",15.5,116.093115453017
2025-03-01,"CPI_Durables",15.5,116.579856178059
2025-04-01,"CPI_Durables",15.5,116.294048958981
2025-05-01,"CPI_Durables",15.5,116.446900384024
2025-06-01,"CPI_Durables",15.5,116.145008833679
2025-07-01,"CPI_Durables",15.5,116.292515491818
2025-08-01,"CPI_Durables",15.5,116.129444264642
2025-09-01,"CPI_Durables",15.5,116.340257016218
2025-10-01,"CPI_Durables",15.5,116.260810032205
2025-11-01,"CPI_Durables",15.5,116.392818101244
2025-12-01,"CPI_Durables",15.5,116.265614773513
2025-01-01,"CPI_Overall",15.5,323.052027435136
2025-02-01,"CPI_Overall",15.5,323.113189804408
2025-03-01,"CPI_Overall",15.5,323.324917246695
2025-04-01,"CPI_Overall",15.5,323.324344777608
2025-05-01,"CPI_Overall",15.5,323.323772309534
2025-06-01,"CPI_Overall",15.5,323.323199842474
2025-07-01,"CPI_Overall",15.5,323.322627376427
2025-08-01,"CPI_Overall",15.5,323.322054911394
2025-09-01,"CPI_Overall",15.5,323.321482447375
2025-10-01,"CPI_Overall",15.5,323.320909984369
2025-11-01,"CPI_Overall",15.5,323.320337522377
2025-12-01,"CPI_Overall",15.5,323.319765061398
2025-01-01,"CPI_Apparel",16,127.107907203113
2025-02-01,"CPI_Apparel",16,127.130930482702
2025-03-01,"CPI_Apparel",16,127.130930482702
2025-04-01,"CPI_Apparel",16,127.130930482702
2025-05-01,"CPI_Apparel",16,127.130930482702
2025-06-01,"CPI_Apparel",16,127.130930482702
2025-07-01,"CPI_Apparel",16,127.130930482702
2025-08-01,"CPI_Apparel",16,127.130930482702
2025-09-01,"CPI_Apparel",16,127.130930482702
2025-10-01,"CPI_Apparel",16,127.130930482702
2025-11-01,"CPI_Apparel",16,127.130930482702
2025-12-01,"CPI_Apparel",16,127.130930482702
2025-01-01,"CPI_Food",16,332.279122129816
2025-02-01,"CPI_Food",16,332.30332661373
2025-03-01,"CPI_Food",16,332.301366925866
2025-04-01,"CPI_Food",16,332.299407249559
2025-05-01,"CPI_Food",16,332.297447584809
2025-06-01,"CPI_Food",16,332.295487931616
2025-07-01,"CPI_Food",16,332.293528289979
2025-08-01,"CPI_Food",16,332.291568659899
2025-09-01,"CPI_Food",16,332.289609041375
2025-10-01,"CPI_Food",16,332.287649434408
2025-11-01,"CPI_Food",16,332.285689838997
2025-12-01,"CPI_Food",16,332.283730255142
2025-01-01,"CPI_Durables",16,116.202841764946
2025-02-01,"CPI_Durables",16,115.973774317311
2025-03-01,"CPI_Durables",16,116.460014683734
2025-04-01,"CPI_Durables",16,116.174501268108
2025-05-01,"CPI_Durables",16,116.327195565292
2025-06-01,"CPI_Durables",16,116.025614352734
2025-07-01,"CPI_Durables",16,116.172969377315
2025-08-01,"CPI_Durables",16,116.010065783727
2025-09-01,"CPI_Durables",16,116.220661824492
2025-10-01,"CPI_Durables",16,116.141296510208
2025-11-01,"CPI_Durables",16,116.273168877894
2025-12-01,"CPI_Durables",16,116.146096312349
2025-01-01,"CPI_Overall",16,323.146992208613
2025-02-01,"CPI_Overall",16,323.208172557251
2025-03-01,"CPI_Overall",16,323.419962239198
2025-04-01,"CPI_Overall",16,323.419389601827
2025-05-01,"CPI_Overall",16,323.41881696547
2025-06-01,"CPI_Overall",16,323.418244330127
2025-07-01,"CPI_Overall",16,323.417671695797
2025-08-01,"CPI_Overall",16,323.417099062481
2025-09-01,"CPI_Overall",16,323.41652643018
2025-10-01,"CPI_Overall",16,323.415953798892
2025-11-01,"CPI_Overall",16,323.415381168618
2025-12-01,"CPI_Overall",16,323.414808539358
2025-01-01,"CPI_Apparel",16.5,127.012587055743
2025-02-01,"CPI_Apparel",16.5,127.035593069825
2025-03-01,"CPI_Apparel",16.5,127.035593069825
2025-04-01,"CPI_Apparel",16.5,127.035593069825
2025-05-01,"CPI_Apparel",16.5,127.035593069825
2025-06-01,"CPI_Apparel",16.5,127.035593069825
2025-07-01,"CPI_Apparel",16.5,127.035593069825
2025-08-01,"CPI_Apparel",16.5,127.035593069825
2025-09-01,"CPI_Apparel",16.5,127.035593069825
2025-10-01,"CPI_Apparel",16.5,127.035593069825
2025-11-01,"CPI_Apparel",16.5,127.035593069825
2025-12-01,"CPI_Apparel",16.5,127.035593069825
2025-01-01,"CPI_Food",16.5,332.218620012631
2025-02-01,"CPI_Food",16.5,332.242820089339
2025-03-01,"CPI_Food",16.5,332.240860758299
2025-04-01,"CPI_Food",16.5,332.238901438814
2025-05-01,"CPI_Food",16.5,332.236942130884
2025-06-01,"CPI_Food",16.5,332.234982834509
2025-07-01,"CPI_Food",16.5,332.233023549688
2025-08-01,"CPI_Food",16.5,332.231064276422
2025-09-01,"CPI_Food",16.5,332.22910501471
2025-10-01,"CPI_Food",16.5,332.227145764552
2025-11-01,"CPI_Food",16.5,332.225186525948
2025-12-01,"CPI_Food",16.5,332.223227298899
2025-01-01,"CPI_Durables",16.5,116.087062095952
2025-02-01,"CPI_Durables",16.5,115.858222881576
2025-03-01,"CPI_Durables",16.5,116.343978778361
2025-04-01,"CPI_Durables",16.5,116.058749836404
2025-05-01,"CPI_Durables",16.5,116.211291995354
2025-06-01,"CPI_Durables",16.5,115.910011265748
2025-07-01,"CPI_Durables",16.5,116.057219471923
2025-08-01,"CPI_Durables",16.5,115.894478188687
2025-09-01,"CPI_Durables",16.5,116.104864400333
2025-10-01,"CPI_Durables",16.5,116.025578162341
2025-11-01,"CPI_Durables",16.5,116.157319137895
2025-12-01,"CPI_Durables",16.5,116.030373182159
2025-01-01,"CPI_Overall",16.5,323.239061161044
2025-02-01,"CPI_Overall",16.5,323.300258940791
2025-03-01,"CPI_Overall",16.5,323.512108964486
2025-04-01,"CPI_Overall",16.5,323.511536163963
2025-05-01,"CPI_Overall",16.5,323.510963364454
2025-06-01,"CPI_Overall",16.5,323.510390565959
2025-07-01,"CPI_Overall",16.5,323.509817768478
2025-08-01,"CPI_Overall",16.5,323.509244972012
2025-09-01,"CPI_Overall",16.5,323.508672176559
2025-10-01,"CPI_Overall",16.5,323.508099382121
2025-11-01,"CPI_Overall",16.5,323.507526588697
2025-12-01,"CPI_Overall",16.5,323.506953796287
2025-01-01,"CPI_Apparel",17,126.920181028282
2025-02-01,"CPI_Apparel",17,126.943170304697
2025-03-01,"CPI_Apparel",17,126.943170304697
2025-04-01,"CPI_Apparel",17,126.943170304697
2025-05-01,"CPI_Apparel",17,126.943170304697
2025-06-01,"CPI_Apparel",17,126.943170304697
2025-07-01,"CPI_Apparel",17,126.943170304697
2025-08-01,"CPI_Apparel",17,126.943170304697
2025-09-01,"CPI_Apparel",17,126.943170304697
2025-10-01,"CPI_Apparel",17,126.943170304697
2025-11-01,"CPI_Apparel",17,126.943170304697
2025-12-01,"CPI_Apparel",17,126.943170304697
2025-01-01,"CPI_Food",17,332.159934729135
2025-02-01,"CPI_Food",17,332.184130530981
2025-03-01,"CPI_Food",17,332.182171546051
2025-04-01,"CPI_Food",17,332.180212572673
2025-05-01,"CPI_Food",17,332.178253610848
2025-06-01,"CPI_Food",17,332.176294660576
2025-07-01,"CPI_Food",17,332.174335721856
2025-08-01,"CPI_Food",17,332.172376794688
2025-09-01,"CPI_Food",17,332.170417879073
2025-10-01,"CPI_Food",17,332.16845897501
2025-11-01,"CPI_Food",17,332.1665000825
2025-12-01,"CPI_Food",17,332.164541201541
2025-01-01,"CPI_Durables",17,115.974849302227
2025-02-01,"CPI_Durables",17,115.746231289828
2025-03-01,"CPI_Durables",17,116.231517642245
2025-04-01,"CPI_Durables",17,115.946564410051
2025-05-01,"CPI_Durables",17,116.098959117756
2025-06-01,"CPI_Durables",17,115.797969613992
2025-07-01,"CPI_Durables",17,115.945035524861
2025-08-01,"CPI_Durables",17,115.78245155161
2025-09-01,"CPI_Durables",17,115.992634398435
2025-10-01,"CPI_Durables",17,115.913424800597
2025-11-01,"CPI_Durables",17,116.045038431875
2025-12-01,"CPI_Durables",17,115.918215185423
2025-01-01,"CPI_Overall",17,323.328406440599
2025-02-01,"CPI_Overall",17,323.389621135791
2025-03-01,"CPI_Overall",17,323.601529716146
2025-04-01,"CPI_Overall",17,323.600956757297
2025-05-01,"CPI_Overall",17,323.600383799462
2025-06-01,"CPI_Overall",17,323.599810842643
2025-07-01,"CPI_Overall",17,323.599237886837
2025-08-01,"CPI_Overall",17,323.598664932046
2025-09-01,"CPI_Overall",17,323.598091978269
2025-10-01,"CPI_Overall",17,323.597519025507
2025-11-01,"CPI_Overall",17,323.596946073759
2025-12-01,"CPI_Overall",17,323.596373123026
2025-01-01,"CPI_Apparel",17.5,126.83051815099
2025-02-01,"CPI_Apparel",17.5,126.85349118661
2025-03-01,"CPI_Apparel",17.5,126.85349118661
2025-04-01,"CPI_Apparel",17.5,126.85349118661
2025-05-01,"CPI_Apparel",17.5,126.85349118661
2025-06-01,"CPI_Apparel",17.5,126.85349118661
2025-07-01,"CPI_Apparel",17.5,126.85349118661
2025-08-01,"CPI_Apparel",17.5,126.85349118661
2025-09-01,"CPI_Apparel",17.5,126.85349118661
2025-10-01,"CPI_Apparel",17.5,126.85349118661
2025-11-01,"CPI_Apparel",17.5,126.85349118661
2025-12-01,"CPI_Apparel",17.5,126.85349118661
2025-01-01,"CPI_Food",17.5,332.10296063028
2025-02-01,"CPI_Food",17.5,332.127152281915
2025-03-01,"CPI_Food",17.5,332.125193633002
2025-04-01,"CPI_Food",17.5,332.12323499564
2025-05-01,"CPI_Food",17.5,332.121276369828
2025-06-01,"CPI_Food",17.5,332.119317755566
2025-07-01,"CPI_Food",17.5,332.117359152856
2025-08-01,"CPI_Food",17.5,332.115400561695
2025-09-01,"CPI_Food",17.5,332.113441982085
2025-10-01,"CPI_Food",17.5,332.111483414025
2025-11-01,"CPI_Food",17.5,332.109524857516
2025-12-01,"CPI_Food",17.5,332.107566312557
2025-01-01,"CPI_Durables",17.5,115.865993313285
2025-02-01,"CPI_Durables",17.5,115.637589885685
2025-03-01,"CPI_Durables",17.5,116.122420739982
2025-04-01,"CPI_Durables",17.5,115.837734969795
2025-05-01,"CPI_Durables",17.5,115.989986637205
2025-06-01,"CPI_Durables",17.5,115.689279647368
2025-07-01,"CPI_Durables",17.5,115.836207519642
2025-08-01,"CPI_Durables",17.5,115.673776150506
2025-09-01,"CPI_Durables",17.5,115.883761716095
2025-10-01,"CPI_Durables",17.5,115.804626465748
2025-11-01,"CPI_Durables",17.5,115.936116562207
2025-12-01,"CPI_Durables",17.5,115.809412354237
2025-01-01,"CPI_Overall",17.5,323.415185265824
2025-02-01,"CPI_Overall",17.5,323.476416390564
2025-03-01,"CPI_Overall",17.5,323.688381845531
2025-04-01,"CPI_Overall",17.5,323.687808732904
2025-05-01,"CPI_Overall",17.5,323.687235621292
2025-06-01,"CPI_Overall",17.5,323.686662510695
2025-07-01,"CPI_Overall",17.5,323.686089401113
2025-08-01,"CPI_Overall",17.5,323.685516292545
2025-09-01,"CPI_Overall",17.5,323.684943184992
2025-10-01,"CPI_Overall",17.5,323.684370078454
2025-11-01,"CPI_Overall",17.5,323.68379697293
2025-12-01,"CPI_Overall",17.5,323.683223868422
2025-01-01,"CPI_Apparel",18,126.743442018637
2025-02-01,"CPI_Apparel",18,126.766399282004
2025-03-01,"CPI_Apparel",18,126.766399282004
2025-04-01,"CPI_Apparel",18,126.766399282004
2025-05-01,"CPI_Apparel",18,126.766399282004
2025-06-01,"CPI_Apparel",18,126.766399282004
2025-07-01,"CPI_Apparel",18,126.766399282004
2025-08-01,"CPI_Apparel",18,126.766399282004
2025-09-01,"CPI_Apparel",18,126.766399282004
2025-10-01,"CPI_Apparel",18,126.766399282004
2025-11-01,"CPI_Apparel",18,126.766399282004
2025-12-01,"CPI_Apparel",18,126.766399282004
2025-01-01,"CPI_Food",18,332.047601014438
2025-02-01,"CPI_Food",18,332.071788633467
2025-03-01,"CPI_Food",18,332.069830311049
2025-04-01,"CPI_Food",18,332.06787200018
2025-05-01,"CPI_Food",18,332.065913700859
2025-06-01,"CPI_Food",18,332.063955413087
2025-07-01,"CPI_Food",18,332.061997136864
2025-08-01,"CPI_Food",18,332.060038872189
2025-09-01,"CPI_Food",18,332.058080619063
2025-10-01,"CPI_Food",18,332.056122377485
2025-11-01,"CPI_Food",18,332.054164147456
2025-12-01,"CPI_Food",18,332.052205928974
2025-01-01,"CPI_Durables",18,115.760301999421
2025-02-01,"CPI_Durables",18,115.532106918185
2025-03-01,"CPI_Durables",18,116.016495516661
2025-04-01,"CPI_Durables",18,115.732069432791
2025-05-01,"CPI_Durables",18,115.884182218392
2025-06-01,"CPI_Durables",18,115.583749529201
2025-07-01,"CPI_Durables",18,115.730543375956
2025-08-01,"CPI_Durables",18,115.568260174409
2025-09-01,"CPI_Durables",18,115.778054194147
2025-10-01,"CPI_Durables",18,115.698991129851
2025-11-01,"CPI_Durables",18,115.830361282911
2025-12-01,"CPI_Durables",18,115.703772652721
2025-01-01,"CPI_Overall",18,323.499541604777
2025-02-01,"CPI_Overall",18,323.560788700423
2025-03-01,"CPI_Overall",18,323.77280944231
2025-04-01,"CPI_Overall",18,323.772236180199
2025-05-01,"CPI_Overall",18,323.771662919102
2025-06-01,"CPI_Overall",18,323.771089659021
2025-07-01,"CPI_Overall",18,323.770516399954
2025-08-01,"CPI_Overall",18,323.769943141903
2025-09-01,"CPI_Overall",18,323.769369884866
2025-10-01,"CPI_Overall",18,323.768796628845
2025-11-01,"CPI_Overall",18,323.768223373838
2025-12-01,"CPI_Overall",18,323.767650119847
2025-01-01,"CPI_Apparel",18.5,126.658809184679
2025-02-01,"CPI_Apparel",18.5,126.681751118351
2025-03-01,"CPI_Apparel",18.5,126.681751118351
2025-04-01,"CPI_Apparel",18.5,126.681751118351
2025-05-01,"CPI_Apparel",18.5,126.681751118351
2025-06-01,"CPI_Apparel",18.5,126.681751118351
2025-07-01,"CPI_Apparel",18.5,126.681751118351
2025-08-01,"CPI_Apparel",18.5,126.681751118351
2025-09-01,"CPI_Apparel",18.5,126.681751118351
2025-10-01,"CPI_Apparel",18.5,126.681751118351
2025-11-01,"CPI_Apparel",18.5,126.681751118351
2025-12-01,"CPI_Apparel",18.5,126.681751118351
2025-01-01,"CPI_Food",18.5,331.993767145161
2025-02-01,"CPI_Food",18.5,332.017950842724
2025-03-01,"CPI_Food",18.5,332.015992837803
2025-04-01,"CPI_Food",18.5,332.014034844429
2025-05-01,"CPI_Food",18.5,332.012076862602
2025-06-01,"CPI_Food",18.5,332.010118892321
2025-07-01,"CPI_Food",18.5,332.008160933587
2025-08-01,"CPI_Food",18.5,332.0062029864
2025-09-01,"CPI_Food",18.5,332.00424505076
2025-10-01,"CPI_Food",18.5,332.002287126666
2025-11-01,"CPI_Food",18.5,332.000329214118
2025-12-01,"CPI_Food",18.5,331.998371313117
2025-01-01,"CPI_Durables",18.5,115.657599189922
2025-02-01,"CPI_Durables",18.5,115.429606563893
2025-03-01,"CPI_Durables",18.5,115.913565411677
2025-04-01,"CPI_Durables",18.5,115.629391671291
2025-05-01,"CPI_Durables",18.5,115.781369502074
2025-06-01,"CPI_Durables",18.5,115.481203357465
2025-07-01,"CPI_Durables",18.5,115.627866968378
2025-08-01,"CPI_Durables",18.5,115.465727744864
2025-09-01,"CPI_Durables",18.5,115.675335634859
2025-10-01,"CPI_Durables",18.5,115.596342715499
2025-11-01,"CPI_Durables",18.5,115.727596316653
2025-12-01,"CPI_Durables",18.5,115.60111999619
2025-01-01,"CPI_Overall",18.5,323.581607624437
2025-02-01,"CPI_Overall",18.5,323.64287025737
2025-03-01,"CPI_Overall",18.5,323.854944785109
2025-04-01,"CPI_Overall",18.5,323.854371377571
2025-05-01,"CPI_Overall",18.5,323.853797971049
2025-06-01,"CPI_Overall",18.5,323.853224565542
2025-07-01,"CPI_Overall",18.5,323.85265116105
2025-08-01,"CPI_Overall",18.5,323.852077757573
2025-09-01,"CPI_Overall",18.5,323.851504355111
2025-10-01,"CPI_Overall",18.5,323.850930953665
2025-11-01,"CPI_Overall",18.5,323.850357553234
2025-12-01,"CPI_Overall",18.5,323.849784153818
2025-01-01,"CPI_Apparel",19,126.576487770598
2025-02-01,"CPI_Apparel",19,126.599414793247
2025-03-01,"CPI_Apparel",19,126.599414793247
2025-04-01,"CPI_Apparel",19,126.599414793247
2025-05-01,"CPI_Apparel",19,126.599414793247
2025-06-01,"CPI_Apparel",19,126.599414793247
2025-07-01,"CPI_Apparel",19,126.599414793247
2025-08-01,"CPI_Apparel",19,126.599414793247
2025-09-01,"CPI_Apparel",19,126.599414793247
2025-10-01,"CPI_Apparel",19,126.599414793247
2025-11-01,"CPI_Apparel",19,126.599414793247
2025-12-01,"CPI_Apparel",19,126.599414793247
2025-01-01,"CPI_Food",19,331.94137740011
2025-02-01,"CPI_Food",19,331.965557281404
2025-03-01,"CPI_Food",19,331.963599585462
2025-04-01,"CPI_Food",19,331.961641901066
2025-05-01,"CPI_Food",19,331.959684228215
2025-06-01,"CPI_Food",19,331.957726566909
2025-07-01,"CPI_Food",19,331.955768917147
2025-08-01,"CPI_Food",19,331.953811278931
2025-09-01,"CPI_Food",19,331.951853652259
2025-10-01,"CPI_Food",19,331.949896037132
2025-11-01,"CPI_Food",19,331.94793843355
2025-12-01,"CPI_Food",19,331.945980841512
2025-01-01,"CPI_Durables",19,115.557722957202
2025-02-01,"CPI_Durables",19,115.329927214428
2025-03-01,"CPI_Durables",19,115.813468139076
2025-04-01,"CPI_Durables",19,115.529539797201
2025-05-01,"CPI_Durables",19,115.68138638738
2025-06-01,"CPI_Durables",19,115.381479451538
2025-07-01,"CPI_Durables",19,115.528016410946
2025-08-01,"CPI_Durables",19,115.366017202918
2025-09-01,"CPI_Durables",19,115.575444085815
2025-10-01,"CPI_Durables",19,115.496519380867
2025-11-01,"CPI_Durables",19,115.627659637846
2025-12-01,"CPI_Durables",19,115.501292536133
2025-01-01,"CPI_Overall",19,323.661504947129
2025-02-01,"CPI_Overall",19,323.722782706757
2025-03-01,"CPI_Overall",19,323.93490959899
2025-04-01,"CPI_Overall",19,323.934336049869
2025-05-01,"CPI_Overall",19,323.933762501763
2025-06-01,"CPI_Overall",19,323.933188954673
2025-07-01,"CPI_Overall",19,323.932615408599
2025-08-01,"CPI_Overall",19,323.93204186354
2025-09-01,"CPI_Overall",19,323.931468319496
2025-10-01,"CPI_Overall",19,323.930894776468
2025-11-01,"CPI_Overall",19,323.930321234456
2025-12-01,"CPI_Overall",19,323.929747693459
2025-01-01,"CPI_Apparel",19.5,126.496356256738
2025-02-01,"CPI_Apparel",19.5,126.519268765024
2025-03-01,"CPI_Apparel",19.5,126.519268765024
2025-04-01,"CPI_Apparel",19.5,126.519268765024
2025-05-01,"CPI_Apparel",19.5,126.519268765024
2025-06-01,"CPI_Apparel",19.5,126.519268765024
2025-07-01,"CPI_Apparel",19.5,126.519268765024
2025-08-01,"CPI_Apparel",19.5,126.519268765024
2025-09-01,"CPI_Apparel",19.5,126.519268765024
2025-10-01,"CPI_Apparel",19.5,126.519268765024
2025-11-01,"CPI_Apparel",19.5,126.519268765024
2025-12-01,"CPI_Apparel",19.5,126.519268765024
2025-01-01,"CPI_Food",19.5,331.890356530669
2025-02-01,"CPI_Food",19.5,331.914532695408
2025-03-01,"CPI_Food",19.5,331.912575300373
2025-04-01,"CPI_Food",19.5,331.910617916882
2025-05-01,"CPI_Food",19.5,331.908660544933
2025-06-01,"CPI_Food",19.5,331.906703184529
2025-07-01,"CPI_Food",19.5,331.904745835667
2025-08-01,"CPI_Food",19.5,331.902788498348
2025-09-01,"CPI_Food",19.5,331.900831172572
2025-10-01,"CPI_Food",19.5,331.898873858339
2025-11-01,"CPI_Food",19.5,331.896916555649
2025-12-01,"CPI_Food",19.5,331.894959264502
2025-01-01,"CPI_Durables",19.5,115.460524125208
2025-02-01,"CPI_Durables",19.5,115.232919987804
2025-03-01,"CPI_Durables",19.5,115.716054192659
2025-04-01,"CPI_Durables",19.5,115.432364670851
2025-05-01,"CPI_Durables",19.5,115.584083538618
2025-06-01,"CPI_Durables",19.5,115.284428862885
2025-07-01,"CPI_Durables",19.5,115.43084256596
2025-08-01,"CPI_Durables",19.5,115.268979619994
2025-09-01,"CPI_Durables",19.5,115.478230348084
2025-10-01,"CPI_Durables",19.5,115.399372028913
2025-11-01,"CPI_Durables",19.5,115.530401980155
2025-12-01,"CPI_Durables",19.5,115.404141169344
2025-01-01,"CPI_Overall",19.5,323.739345743992
2025-02-01,"CPI_Overall",19.5,323.800638240961
2025-03-01,"CPI_Overall",19.5,324.012816149845
2025-04-01,"CPI_Overall",19.5,324.012242462786
2025-05-01,"CPI_Overall",19.5,324.011668776741
2025-06-01,"CPI_Overall",19.5,324.011095091713
2025-07-01,"CPI_Overall",19.5,324.0105214077
2025-08-01,"CPI_Overall",19.5,324.009947724703
2025-09-01,"CPI_Overall",19.5,324.009374042722
2025-10-01,"CPI_Overall",19.5,324.008800361757
2025-11-01,"CPI_Overall",19.5,324.008226681807
2025-12-01,"CPI_Overall",19.5,324.007653002873
2025-01-01,"CPI_Apparel",20,126.418302426941
2025-02-01,"CPI_Apparel",20,126.441200797199
2025-03-01,"CPI_Apparel",20,126.441200797199
2025-04-01,"CPI_Apparel",20,126.441200797199
2025-05-01,"CPI_Apparel",20,126.441200797199
2025-06-01,"CPI_Apparel",20,126.441200797199
2025-07-01,"CPI_Apparel",20,126.441200797199
2025-08-01,"CPI_Apparel",20,126.441200797199
2025-09-01,"CPI_Apparel",20,126.441200797199
2025-10-01,"CPI_Apparel",20,126.441200797199
2025-11-01,"CPI_Apparel",20,126.441200797199
2025-12-01,"CPI_Apparel",20,126.441200797199
2025-01-01,"CPI_Food",20,331.840635015422
2025-02-01,"CPI_Food",20,331.864807558254
2025-03-01,"CPI_Food",20,331.862850456463
2025-04-01,"CPI_Food",20,331.860893366213
2025-05-01,"CPI_Food",20,331.858936287505
2025-06-01,"CPI_Food",20,331.856979220338
2025-07-01,"CPI_Food",20,331.855022164713
2025-08-01,"CPI_Food",20,331.853065120629
2025-09-01,"CPI_Food",20,331.851108088086
2025-10-01,"CPI_Food",20,331.849151067085
2025-11-01,"CPI_Food",20,331.847194057624
2025-12-01,"CPI_Food",20,331.845237059705
2025-01-01,"CPI_Durables",20,115.365864967847
2025-02-01,"CPI_Durables",20,115.138447429421
2025-03-01,"CPI_Durables",20,115.621185541524
2025-04-01,"CPI_Durables",20,115.337728599737
2025-05-01,"CPI_Durables",20,115.489323082305
2025-06-01,"CPI_Durables",20,115.189914075466
2025-07-01,"CPI_Durables",20,115.336207742728
2025-08-01,"CPI_Durables",20,115.174477498482
2025-09-01,"CPI_Durables",20,115.383556674453
2025-10-01,"CPI_Durables",20,115.304763006487
2025-11-01,"CPI_Durables",20,115.435685534132
2025-12-01,"CPI_Durables",20,115.309528236986
2025-01-01,"CPI_Overall",20,323.815233690234
2025-02-01,"CPI_Overall",20,323.876540554816
2025-03-01,"CPI_Overall",20,324.088768200459
2025-04-01,"CPI_Overall",20,324.088194378921
2025-05-01,"CPI_Overall",20,324.087620558399
2025-06-01,"CPI_Overall",20,324.087046738892
2025-07-01,"CPI_Overall",20,324.086472920402
2025-08-01,"CPI_Overall",20,324.085899102928
2025-09-01,"CPI_Overall",20,324.085325286469
2025-10-01,"CPI_Overall",20,324.084751471027
2025-11-01,"CPI_Overall",20,324.084177656601
2025-12-01,"CPI_Overall",20,324.08360384319
2025-01-01,"CPI_Apparel",20.5,126.342222444126
2025-02-01,"CPI_Apparel",20.5,126.365107033882
2025-03-01,"CPI_Apparel",20.5,126.365107033882
2025-04-01,"CPI_Apparel",20.5,126.365107033882
2025-05-01,"CPI_Apparel",20.5,126.365107033882
2025-06-01,"CPI_Apparel",20.5,126.365107033882
2025-07-01,"CPI_Apparel",20.5,126.365107033882
2025-08-01,"CPI_Apparel",20.5,126.365107033882
2025-09-01,"CPI_Apparel",20.5,126.365107033882
2025-10-01,"CPI_Apparel",20.5,126.365107033882
2025-11-01,"CPI_Apparel",20.5,126.365107033882
2025-12-01,"CPI_Apparel",20.5,126.365107033882
2025-01-01,"CPI_Food",20.5,331.792148493549
2025-02-01,"CPI_Food",20.5,331.816317504438
2025-03-01,"CPI_Food",20.5,331.814360688606
2025-04-01,"CPI_Food",20.5,331.812403884315
2025-05-01,"CPI_Food",20.5,331.810447091563
2025-06-01,"CPI_Food",20.5,331.808490310351
2025-07-01,"CPI_Food",20.5,331.806533540678
2025-08-01,"CPI_Food",20.5,331.804576782546
2025-09-01,"CPI_Food",20.5,331.802620035953
2025-10-01,"CPI_Food",20.5,331.800663300899
2025-11-01,"CPI_Food",20.5,331.798706577385
2025-12-01,"CPI_Food",20.5,331.79674986541
2025-01-01,"CPI_Durables",20.5,115.273618069121
2025-02-01,"CPI_Durables",20.5,115.046382374455
2025-03-01,"CPI_Durables",20.5,115.528734487686
2025-04-01,"CPI_Durables",20.5,115.245504198937
2025-05-01,"CPI_Durables",20.5,115.396977466094
2025-06-01,"CPI_Durables",20.5,115.097807867612
2025-07-01,"CPI_Durables",20.5,115.24398455801
2025-08-01,"CPI_Durables",20.5,115.082383633763
2025-09-01,"CPI_Durables",20.5,115.291295629385
2025-10-01,"CPI_Durables",20.5,115.212564965076
2025-11-01,"CPI_Durables",20.5,115.343382806667
2025-12-01,"CPI_Durables",20.5,115.217326385282
2025-01-01,"CPI_Overall",20.5,323.889264802609
2025-02-01,"CPI_Overall",20.5,323.950585683256
2025-03-01,"CPI_Overall",20.5,324.162861848694
2025-04-01,"CPI_Overall",20.5,324.162287895968
2025-05-01,"CPI_Overall",20.5,324.161713944258
2025-06-01,"CPI_Overall",20.5,324.161139993564
2025-07-01,"CPI_Overall",20.5,324.160566043886
2025-08-01,"CPI_Overall",20.5,324.159992095225
2025-09-01,"CPI_Overall",20.5,324.15941814758
2025-10-01,"CPI_Overall",20.5,324.158844200951
2025-11-01,"CPI_Overall",20.5,324.158270255339
2025-12-01,"CPI_Overall",20.5,324.157696310742
2025-01-01,"CPI_Apparel",21,126.268020037773
2025-02-01,"CPI_Apparel",21,126.290891187117
2025-03-01,"CPI_Apparel",21,126.290891187117
2025-04-01,"CPI_Apparel",21,126.290891187117
2025-05-01,"CPI_Apparel",21,126.290891187117
2025-06-01,"CPI_Apparel",21,126.290891187117
2025-07-01,"CPI_Apparel",21,126.290891187117
2025-08-01,"CPI_Apparel",21,126.290891187117
2025-09-01,"CPI_Apparel",21,126.290891187117
2025-10-01,"CPI_Apparel",21,126.290891187117
2025-11-01,"CPI_Apparel",21,126.290891187117
2025-12-01,"CPI_Apparel",21,126.290891187117
2025-01-01,"CPI_Food",21,331.744837266602
2025-02-01,"CPI_Food",21,331.76900283116
2025-03-01,"CPI_Food",21,331.767046294356
2025-04-01,"CPI_Food",21,331.765089769091
2025-05-01,"CPI_Food",21,331.763133255364
2025-06-01,"CPI_Food",21,331.761176753175
2025-07-01,"CPI_Food",21,331.759220262525
2025-08-01,"CPI_Food",21,331.757263783412
2025-09-01,"CPI_Food",21,331.755307315837
2025-10-01,"CPI_Food",21,331.7533508598
2025-11-01,"CPI_Food",21,331.751394415301
2025-12-01,"CPI_Food",21,331.749437982339
2025-01-01,"CPI_Durables",21,115.183665321483
2025-02-01,"CPI_Durables",21,114.95660694818
2025-03-01,"CPI_Durables",21,115.438582662209
2025-04-01,"CPI_Durables",21,115.155573389709
2025-05-01,"CPI_Durables",21,115.306928456042
2025-06-01,"CPI_Durables",21,115.007992311909
2025-07-01,"CPI_Durables",21,115.154054934621
2025-08-01,"CPI_Durables",21,114.992580114224
2025-09-01,"CPI_Durables",21,115.201329087219
2025-10-01,"CPI_Durables",21,115.122659859688
2025-11-01,"CPI_Durables",21,115.253375618734
2025-12-01,"CPI_Durables",21,115.127417564362
2025-01-01,"CPI_Overall",21,323.961528176149
2025-02-01,"CPI_Overall",21,324.022862738181
2025-03-01,"CPI_Overall",21,324.235186264842
2025-04-01,"CPI_Overall",21,324.23461218406
2025-05-01,"CPI_Overall",21,324.234038104295
2025-06-01,"CPI_Overall",21,324.233464025547
2025-07-01,"CPI_Overall",21,324.232889947814
2025-08-01,"CPI_Overall",21,324.232315871099
2025-09-01,"CPI_Overall",21,324.231741795399
2025-10-01,"CPI_Overall",21,324.231167720716
2025-11-01,"CPI_Overall",21,324.23059364705
2025-12-01,"CPI_Overall",21,324.2300195744
2025-01-01,"CPI_Apparel",21.5,126.195605787478
2025-02-01,"CPI_Apparel",21.5,126.2184638203
2025-03-01,"CPI_Apparel",21.5,126.2184638203
2025-04-01,"CPI_Apparel",21.5,126.2184638203
2025-05-01,"CPI_Apparel",21.5,126.2184638203
2025-06-01,"CPI_Apparel",21.5,126.2184638203
2025-07-01,"CPI_Apparel",21.5,126.2184638203
2025-08-01,"CPI_Apparel",21.5,126.2184638203
2025-09-01,"CPI_Apparel",21.5,126.2184638203
2025-10-01,"CPI_Apparel",21.5,126.2184638203
2025-11-01,"CPI_Apparel",21.5,126.2184638203
2025-12-01,"CPI_Apparel",21.5,126.2184638203
2025-01-01,"CPI_Food",21.5,331.698645858961
2025-02-01,"CPI_Food",21.5,331.722808058759
2025-03-01,"CPI_Food",21.5,331.72085179438
2025-04-01,"CPI_Food",21.5,331.718895541537
2025-05-01,"CPI_Food",21.5,331.716939300231
2025-06-01,"CPI_Food",21.5,331.714983070461
2025-07-01,"CPI_Food",21.5,331.713026852227
2025-08-01,"CPI_Food",21.5,331.71107064553
2025-09-01,"CPI_Food",21.5,331.70911445037
2025-10-01,"CPI_Food",21.5,331.707158266745
2025-11-01,"CPI_Food",21.5,331.705202094657
2025-12-01,"CPI_Food",21.5,331.703245934105
2025-01-01,"CPI_Durables",21.5,115.095897042777
2025-02-01,"CPI_Durables",21.5,114.869011684654
2025-03-01,"CPI_Durables",21.5,115.350620140195
2025-04-01,"CPI_Durables",21.5,115.067826516647
2025-05-01,"CPI_Durables",21.5,115.219066252619
2025-06-01,"CPI_Durables",21.5,114.920357893483
2025-07-01,"CPI_Durables",21.5,115.066309218599
2025-08-01,"CPI_Durables",21.5,114.904957439669
2025-09-01,"CPI_Durables",21.5,115.11354734898
2025-10-01,"CPI_Durables",21.5,115.034938066257
2025-11-01,"CPI_Durables",21.5,115.165554221795
2025-12-01,"CPI_Durables",21.5,115.039692145629
2025-01-01,"CPI_Overall",21.5,324.032106634339
2025-02-01,"CPI_Overall",21.5,324.093454558757
2025-03-01,"CPI_Overall",21.5,324.305824342352
2025-04-01,"CPI_Overall",21.5,324.305250136501
2025-05-01,"CPI_Overall",21.5,324.304675931667
2025-06-01,"CPI_Overall",21.5,324.304101727849
2025-07-01,"CPI_Overall",21.5,324.303527525048
2025-08-01,"CPI_Overall",21.5,324.302953323263
2025-09-01,"CPI_Overall",21.5,324.302379122495
2025-10-01,"CPI_Overall",21.5,324.301804922744
2025-11-01,"CPI_Overall",21.5,324.30123072401
2025-12-01,"CPI_Overall",21.5,324.300656526292
2025-01-01,"CPI_Apparel",22,126.124896489246
2025-02-01,"CPI_Apparel",22,126.147741714368
2025-03-01,"CPI_Apparel",22,126.147741714368
2025-04-01,"CPI_Apparel",22,126.147741714368
2025-05-01,"CPI_Apparel",22,126.147741714368
2025-06-01,"CPI_Apparel",22,126.147741714368
2025-07-01,"CPI_Apparel",22,126.147741714368
2025-08-01,"CPI_Apparel",22,126.147741714368
2025-09-01,"CPI_Apparel",22,126.147741714368
2025-10-01,"CPI_Apparel",22,126.147741714368
2025-11-01,"CPI_Apparel",22,126.147741714368
2025-12-01,"CPI_Apparel",22,126.147741714368
2025-01-01,"CPI_Food",22,331.653522628895
2025-02-01,"CPI_Food",22,331.677681541745
2025-03-01,"CPI_Food",22,331.675725543489
2025-04-01,"CPI_Food",22,331.673769556769
2025-05-01,"CPI_Food",22,331.671813581583
2025-06-01,"CPI_Food",22,331.669857617933
2025-07-01,"CPI_Food",22,331.667901665817
2025-08-01,"CPI_Food",22,331.665945725236
2025-09-01,"CPI_Food",22,331.66398979619
2025-10-01,"CPI_Food",22,331.662033878678
2025-11-01,"CPI_Food",22,331.660077972702
2025-12-01,"CPI_Food",22,331.658122078259
2025-01-01,"CPI_Durables",22,115.010211195331
2025-02-01,"CPI_Durables",22,114.783494747349
2025-03-01,"CPI_Durables",22,115.264744658148
2025-04-01,"CPI_Durables",22,114.982161566964
2025-05-01,"CPI_Durables",22,115.133288708958
2025-06-01,"CPI_Durables",22,114.834802730285
2025-07-01,"CPI_Durables",22,114.980645398504
2025-08-01,"CPI_Durables",22,114.819413741701
2025-09-01,"CPI_Durables",22,115.027848361349
2025-10-01,"CPI_Durables",22,114.949297601154
2025-11-01,"CPI_Durables",22,115.079816516424
2025-12-01,"CPI_Durables",22,114.954048141241
2025-01-01,"CPI_Overall",22,324.101077304675
2025-02-01,"CPI_Overall",22,324.162438287081
2025-03-01,"CPI_Overall",22,324.374853273871
2025-04-01,"CPI_Overall",22,324.374278945799
2025-05-01,"CPI_Overall",22,324.373704618744
2025-06-01,"CPI_Overall",22,324.373130292707
2025-07-01,"CPI_Overall",22,324.372555967686
2025-08-01,"CPI_Overall",22,324.371981643681
2025-09-01,"CPI_Overall",22,324.371407320694
2025-10-01,"CPI_Overall",22,324.370832998724
2025-11-01,"CPI_Overall",22,324.37025867777
2025-12-01,"CPI_Overall",22,324.369684357834
2025-01-01,"CPI_Apparel",22.5,126.055814593344
2025-02-01,"CPI_Apparel",22.5,126.078647305541
2025-03-01,"CPI_Apparel",22.5,126.078647305541
2025-04-01,"CPI_Apparel",22.5,126.078647305541
2025-05-01,"CPI_Apparel",22.5,126.078647305541
2025-06-01,"CPI_Apparel",22.5,126.078647305541
2025-07-01,"CPI_Apparel",22.5,126.078647305541
2025-08-01,"CPI_Apparel",22.5,126.078647305541
2025-09-01,"CPI_Apparel",22.5,126.078647305541
2025-10-01,"CPI_Apparel",22.5,126.078647305541
2025-11-01,"CPI_Apparel",22.5,126.078647305541
2025-12-01,"CPI_Apparel",22.5,126.078647305541
2025-01-01,"CPI_Food",22.5,331.609419423379
2025-02-01,"CPI_Food",22.5,331.633575123583
2025-03-01,"CPI_Food",22.5,331.631619385435
2025-04-01,"CPI_Food",22.5,331.629663658821
2025-05-01,"CPI_Food",22.5,331.627707943741
2025-06-01,"CPI_Food",22.5,331.625752240194
2025-07-01,"CPI_Food",22.5,331.62379654818
2025-08-01,"CPI_Food",22.5,331.6218408677
2025-09-01,"CPI_Food",22.5,331.619885198753
2025-10-01,"CPI_Food",22.5,331.617929541339
2025-11-01,"CPI_Food",22.5,331.615973895458
2025-12-01,"CPI_Food",22.5,331.61401826111
2025-01-01,"CPI_Durables",22.5,114.92651269335
2025-02-01,"CPI_Durables",22.5,114.699961237909
2025-03-01,"CPI_Durables",22.5,115.180860919836
2025-04-01,"CPI_Durables",22.5,114.898483478056
2025-05-01,"CPI_Durables",22.5,115.049500637508
2025-06-01,"CPI_Durables",22.5,114.751231881541
2025-07-01,"CPI_Durables",22.5,114.896968412986
2025-08-01,"CPI_Durables",22.5,114.735854092269
2025-09-01,"CPI_Durables",22.5,114.944137023947
2025-10-01,"CPI_Durables",22.5,114.865643428946
2025-11-01,"CPI_Durables",22.5,114.996067359278
2025-12-01,"CPI_Durables",22.5,114.870390511834
2025-01-01,"CPI_Overall",22.5,324.16851212964
2025-02-01,"CPI_Overall",22.5,324.229885879258
2025-03-01,"CPI_Overall",22.5,324.442345062653
2025-04-01,"CPI_Overall",22.5,324.441770615083
2025-05-01,"CPI_Overall",22.5,324.441196168529
2025-06-01,"CPI_Overall",22.5,324.440621722993
2025-07-01,"CPI_Overall",22.5,324.440047278474
2025-08-01,"CPI_Overall",22.5,324.439472834972
2025-09-01,"CPI_Overall",22.5,324.438898392487
2025-10-01,"CPI_Overall",22.5,324.438323951019
2025-11-01,"CPI_Overall",22.5,324.437749510568
2025-12-01,"CPI_Overall",22.5,324.437175071134
2025-01-01,"CPI_Apparel",23,125.988287704221
2025-02-01,"CPI_Apparel",23,126.011108185154
2025-03-01,"CPI_Apparel",23,126.011108185154
2025-04-01,"CPI_Apparel",23,126.011108185154
2025-05-01,"CPI_Apparel",23,126.011108185154
2025-06-01,"CPI_Apparel",23,126.011108185154
2025-07-01,"CPI_Apparel",23,126.011108185154
2025-08-01,"CPI_Apparel",23,126.011108185154
2025-09-01,"CPI_Apparel",23,126.011108185154
2025-10-01,"CPI_Apparel",23,126.011108185154
2025-11-01,"CPI_Apparel",23,126.011108185154
2025-12-01,"CPI_Apparel",23,126.011108185154
2025-01-01,"CPI_Food",23,331.566291270897
2025-02-01,"CPI_Food",23,331.590443829481
2025-03-01,"CPI_Food",23,331.588488345691
2025-04-01,"CPI_Food",23,331.586532873433
2025-05-01,"CPI_Food",23,331.584577412707
2025-06-01,"CPI_Food",23,331.582621963513
2025-07-01,"CPI_Food",23,331.580666525851
2025-08-01,"CPI_Food",23,331.578711099721
2025-09-01,"CPI_Food",23,331.576755685122
2025-10-01,"CPI_Food",23,331.574800282055
2025-11-01,"CPI_Food",23,331.57284489052
2025-12-01,"CPI_Food",23,331.570889510516
2025-01-01,"CPI_Durables",23,114.844712786905
2025-02-01,"CPI_Durables",23,114.618322581358
2025-03-01,"CPI_Durables",23,115.098879978914
2025-04-01,"CPI_Durables",23,114.81670352164
2025-05-01,"CPI_Durables",23,114.967613193366
2025-06-01,"CPI_Durables",23,114.66955673268
2025-07-01,"CPI_Durables",23,114.81518953493
2025-08-01,"CPI_Durables",23,114.654189888678
2025-09-01,"CPI_Durables",23,114.862324573238
2025-10-01,"CPI_Durables",23,114.78388684671
2025-11-01,"CPI_Durables",23,114.914217946719
2025-12-01,"CPI_Durables",23,114.788630550822
2025-01-01,"CPI_Overall",23,324.234478321621
2025-02-01,"CPI_Overall",23,324.295864560399
2025-03-01,"CPI_Overall",23,324.508366977862
2025-04-01,"CPI_Overall",23,324.507792413395
2025-05-01,"CPI_Overall",23,324.507217849946
2025-06-01,"CPI_Overall",23,324.506643287514
2025-07-01,"CPI_Overall",23,324.506068726099
2025-08-01,"CPI_Overall",23,324.505494165701
2025-09-01,"CPI_Overall",23,324.504919606321
2025-10-01,"CPI_Overall",23,324.504345047958
2025-11-01,"CPI_Overall",23,324.503770490612
2025-12-01,"CPI_Overall",23,324.503195934283
2025-01-01,"CPI_Apparel",23.5,125.922248134468
2025-02-01,"CPI_Apparel",23.5,125.945056653537
2025-03-01,"CPI_Apparel",23.5,125.945056653537
2025-04-01,"CPI_Apparel",23.5,125.945056653537
2025-05-01,"CPI_Apparel",23.5,125.945056653537
2025-06-01,"CPI_Apparel",23.5,125.945056653537
2025-07-01,"CPI_Apparel",23.5,125.945056653537
2025-08-01,"CPI_Apparel",23.5,125.945056653537
2025-09-01,"CPI_Apparel",23.5,125.945056653537
2025-10-01,"CPI_Apparel",23.5,125.945056653537
2025-11-01,"CPI_Apparel",23.5,125.945056653537
2025-12-01,"CPI_Apparel",23.5,125.945056653537
2025-01-01,"CPI_Food",23.5,331.524096107319
2025-02-01,"CPI_Food",23.5,331.548245592245
2025-03-01,"CPI_Food",23.5,331.546290357311
2025-04-01,"CPI_Food",23.5,331.544335133906
2025-05-01,"CPI_Food",23.5,331.542379922033
2025-06-01,"CPI_Food",23.5,331.54042472169
2025-07-01,"CPI_Food",23.5,331.538469532877
2025-08-01,"CPI_Food",23.5,331.536514355594
2025-09-01,"CPI_Food",23.5,331.534559189842
2025-10-01,"CPI_Food",23.5,331.53260403562
2025-11-01,"CPI_Food",23.5,331.530648892928
2025-12-01,"CPI_Food",23.5,331.528693761766
2025-01-01,"CPI_Durables",23.5,114.764728512585
2025-02-01,"CPI_Durables",23.5,114.538495977825
2025-03-01,"CPI_Durables",23.5,115.018718688361
2025-04-01,"CPI_Durables",23.5,114.736738754537
2025-05-01,"CPI_Durables",23.5,114.887543324336
2025-06-01,"CPI_Durables",23.5,114.589694446821
2025-07-01,"CPI_Durables",23.5,114.735225822252
2025-08-01,"CPI_Durables",23.5,114.574338305149
2025-09-01,"CPI_Durables",23.5,114.782328033086
2025-10-01,"CPI_Durables",23.5,114.703944934973
2025-11-01,"CPI_Durables",23.5,114.834185265122
2025-12-01,"CPI_Durables",23.5,114.708685335304
2025-01-01,"CPI_Overall",23.5,324.299038768979
2025-02-01,"CPI_Overall",23.5,324.360437230773
2025-03-01,"CPI_Overall",23.5,324.572981960982
2025-04-01,"CPI_Overall",23.5,324.57240728211
2025-05-01,"CPI_Overall",23.5,324.571832604255
2025-06-01,"CPI_Overall",23.5,324.571257927418
2025-07-01,"CPI_Overall",23.5,324.570683251598
2025-08-01,"CPI_Overall",23.5,324.570108576796
2025-09-01,"CPI_Overall",23.5,324.569533903011
2025-10-01,"CPI_Overall",23.5,324.568959230244
2025-11-01,"CPI_Overall",23.5,324.568384558495
2025-12-01,"CPI_Overall",23.5,324.567809887763
2025-01-01,"CPI_Apparel",24,125.857632505948
2025-02-01,"CPI_Apparel",24,125.880429321073
2025-03-01,"CPI_Apparel",24,125.880429321073
2025-04-01,"CPI_Apparel",24,125.880429321073
2025-05-01,"CPI_Apparel",24,125.880429321073
2025-06-01,"CPI_Apparel",24,125.880429321073
2025-07-01,"CPI_Apparel",24,125.880429321073
2025-08-01,"CPI_Apparel",24,125.880429321073
2025-09-01,"CPI_Apparel",24,125.880429321073
2025-10-01,"CPI_Apparel",24,125.880429321073
2025-11-01,"CPI_Apparel",24,125.880429321073
2025-12-01,"CPI_Apparel",24,125.880429321073
2025-01-01,"CPI_Food",24,331.482794530678
2025-02-01,"CPI_Food",24,331.506941007039
2025-03-01,"CPI_Food",24,331.504986015689
2025-04-01,"CPI_Food",24,331.503031035868
2025-05-01,"CPI_Food",24,331.501076067577
2025-06-01,"CPI_Food",24,331.499121110814
2025-07-01,"CPI_Food",24,331.497166165581
2025-08-01,"CPI_Food",24,331.495211231876
2025-09-01,"CPI_Food",24,331.4932563097
2025-10-01,"CPI_Food",24,331.491301399053
2025-11-01,"CPI_Food",24,331.489346499934
2025-12-01,"CPI_Food",24,331.487391612344
2025-01-01,"CPI_Durables",24,114.686482202335
2025-02-01,"CPI_Durables",24,114.460403912362
2025-03-01,"CPI_Durables",24,114.940299208233
2025-04-01,"CPI_Durables",24,114.658511527635
2025-05-01,"CPI_Durables",24,114.809213279249
2025-06-01,"CPI_Durables",24,114.511567474368
2025-07-01,"CPI_Durables",24,114.656999626863
2025-08-01,"CPI_Durables",24,114.496221802475
2025-09-01,"CPI_Durables",24,114.704069723526
2025-10-01,"CPI_Durables",24,114.625740066817
2025-11-01,"CPI_Durables",24,114.755891599428
2025-12-01,"CPI_Durables",24,114.630477235155
2025-01-01,"CPI_Overall",24,324.36225239944
2025-02-01,"CPI_Overall",24,324.423662829261
2025-03-01,"CPI_Overall",24,324.636248989516
2025-04-01,"CPI_Overall",24,324.635674198625
2025-05-01,"CPI_Overall",24,324.635099408752
2025-06-01,"CPI_Overall",24,324.634524619896
2025-07-01,"CPI_Overall",24,324.633949832059
2025-08-01,"CPI_Overall",24,324.633375045239
2025-09-01,"CPI_Overall",24,324.632800259436
2025-10-01,"CPI_Overall",24,324.632225474652
2025-11-01,"CPI_Overall",24,324.631650690885
2025-12-01,"CPI_Overall",24,324.631075908136
2025-01-01,"CPI_Apparel",24.5,125.794381392254
2025-02-01,"CPI_Apparel",24.5,125.817166750593
2025-03-01,"CPI_Apparel",24.5,125.817166750593
2025-04-01,"CPI_Apparel",24.5,125.817166750593
2025-05-01,"CPI_Apparel",24.5,125.817166750593
2025-06-01,"CPI_Apparel",24.5,125.817166750593
2025-07-01,"CPI_Apparel",24.5,125.817166750593
2025-08-01,"CPI_Apparel",24.5,125.817166750593
2025-09-01,"CPI_Apparel",24.5,125.817166750593
2025-10-01,"CPI_Apparel",24.5,125.817166750593
2025-11-01,"CPI_Apparel",24.5,125.817166750593
2025-12-01,"CPI_Apparel",24.5,125.817166750593
2025-01-01,"CPI_Food",24.5,331.442349581254
2025-02-01,"CPI_Food",24.5,331.46649311145
2025-03-01,"CPI_Food",24.5,331.464538358633
2025-04-01,"CPI_Food",24.5,331.462583617344
2025-05-01,"CPI_Food",24.5,331.460628887583
2025-06-01,"CPI_Food",24.5,331.458674169349
2025-07-01,"CPI_Food",24.5,331.456719462642
2025-08-01,"CPI_Food",24.5,331.454764767463
2025-09-01,"CPI_Food",24.5,331.452810083812
2025-10-01,"CPI_Food",24.5,331.450855411687
2025-11-01,"CPI_Food",24.5,331.44890075109
2025-12-01,"CPI_Food",24.5,331.446946102021
2025-01-01,"CPI_Durables",24.5,114.60990104326
2025-02-01,"CPI_Durables",24.5,114.383973715607
2025-03-01,"CPI_Durables",24.5,114.863548564488
2025-04-01,"CPI_Durables",24.5,114.581949045798
2025-05-01,"CPI_Durables",24.5,114.732550167288
2025-06-01,"CPI_Durables",24.5,114.435103113474
2025-07-01,"CPI_Durables",24.5,114.580438154588
2025-08-01,"CPI_Durables",24.5,114.419767688555
2025-09-01,"CPI_Durables",24.5,114.627476820497
2025-10-01,"CPI_Durables",24.5,114.549199467911
2025-11-01,"CPI_Durables",24.5,114.679264092676
2025-12-01,"CPI_Durables",24.5,114.553933473035
2025-01-01,"CPI_Overall",24.5,324.424174506082
2025-02-01,"CPI_Overall",24.5,324.48559665941
2025-03-01,"CPI_Overall",24.5,324.698223403249
2025-04-01,"CPI_Overall",24.5,324.697648502628
2025-05-01,"CPI_Overall",24.5,324.697073603025
2025-06-01,"CPI_Overall",24.5,324.69649870444
2025-07-01,"CPI_Overall",24.5,324.695923806873
2025-08-01,"CPI_Overall",24.5,324.695348910324
2025-09-01,"CPI_Overall",24.5,324.694774014793
2025-10-01,"CPI_Overall",24.5,324.694199120279
2025-11-01,"CPI_Overall",24.5,324.693624226784
2025-12-01,"CPI_Overall",24.5,324.693049334306
2025-01-01,"CPI_Apparel",25,125.732438997455
2025-02-01,"CPI_Apparel",25,125.755213136059
2025-03-01,"CPI_Apparel",25,125.755213136059
2025-04-01,"CPI_Apparel",25,125.755213136059
2025-05-01,"CPI_Apparel",25,125.755213136059
2025-06-01,"CPI_Apparel",25,125.755213136059
2025-07-01,"CPI_Apparel",25,125.755213136059
2025-08-01,"CPI_Apparel",25,125.755213136059
2025-09-01,"CPI_Apparel",25,125.755213136059
2025-10-01,"CPI_Apparel",25,125.755213136059
2025-11-01,"CPI_Apparel",25,125.755213136059
2025-12-01,"CPI_Apparel",25,125.755213136059
2025-01-01,"CPI_Food",25,331.402726543911
2025-02-01,"CPI_Food",25,331.426867187813
2025-03-01,"CPI_Food",25,331.424912668682
2025-04-01,"CPI_Food",25,331.422958161077
2025-05-01,"CPI_Food",25,331.421003664998
2025-06-01,"CPI_Food",25,331.419049180445
2025-07-01,"CPI_Food",25,331.417094707419
2025-08-01,"CPI_Food",25,331.415140245918
2025-09-01,"CPI_Food",25,331.413185795944
2025-10-01,"CPI_Food",25,331.411231357495
2025-11-01,"CPI_Food",25,331.409276930573
2025-12-01,"CPI_Food",25,331.407322515176
2025-01-01,"CPI_Durables",25,114.53491668217
2025-02-01,"CPI_Durables",25,114.309137169114
2025-03-01,"CPI_Durables",25,114.788398252664
2025-04-01,"CPI_Durables",25,114.506982972506
2025-05-01,"CPI_Durables",25,114.657485562117
2025-06-01,"CPI_Durables",25,114.360233115201
2025-07-01,"CPI_Durables",25,114.505473069807
2025-08-01,"CPI_Durables",25,114.344907723595
2025-09-01,"CPI_Durables",25,114.552480960327
2025-10-01,"CPI_Durables",25,114.474254821268
2025-11-01,"CPI_Durables",25,114.604234350307
2025-12-01,"CPI_Durables",25,114.478985729136
2025-01-01,"CPI_Overall",25,324.484857040443
2025-02-01,"CPI_Overall",25,324.546290682594
2025-03-01,"CPI_Overall",25,324.758957197605
2025-04-01,"CPI_Overall",25,324.758382189451
2025-05-01,"CPI_Overall",25,324.757807182315
2025-06-01,"CPI_Overall",25,324.757232176197
2025-07-01,"CPI_Overall",25,324.756657171097
2025-08-01,"CPI_Overall",25,324.756082167015
2025-09-01,"CPI_Overall",25,324.755507163952
2025-10-01,"CPI_Overall",25,324.754932161906
2025-11-01,"CPI_Overall",25,324.754357160879
2025-12-01,"CPI_Overall",25,324.753782160869
2025-01-01,"CPI_Apparel",25.5,125.6717528668
2025-02-01,"CPI_Apparel",25.5,125.694516013219
2025-03-01,"CPI_Apparel",25.5,125.694516013219
2025-04-01,"CPI_Apparel",25.5,125.694516013219
2025-05-01,"CPI_Apparel",25.5,125.694516013219
2025-06-01,"CPI_Apparel",25.5,125.694516013219
2025-07-01,"CPI_Apparel",25.5,125.694516013219
2025-08-01,"CPI_Apparel",25.5,125.694516013219
2025-09-01,"CPI_Apparel",25.5,125.694516013219
2025-10-01,"CPI_Apparel",25.5,125.694516013219
2025-11-01,"CPI_Apparel",25.5,125.694516013219
2025-12-01,"CPI_Apparel",25.5,125.694516013219
2025-01-01,"CPI_Food",25.5,331.363892770021
2025-02-01,"CPI_Food",25.5,331.388030585122
2025-03-01,"CPI_Food",25.5,331.386076295021
2025-04-01,"CPI_Food",25.5,331.384122016445
2025-05-01,"CPI_Food",25.5,331.382167749394
2025-06-01,"CPI_Food",25.5,331.380213493868
2025-07-01,"CPI_Food",25.5,331.378259249867
2025-08-01,"CPI_Food",25.5,331.37630501739
2025-09-01,"CPI_Food",25.5,331.374350796438
2025-10-01,"CPI_Food",25.5,331.372396587011
2025-11-01,"CPI_Food",25.5,331.370442389108
2025-12-01,"CPI_Food",25.5,331.36848820273
2025-01-01,"CPI_Durables",25.5,114.461464869534
2025-02-01,"CPI_Durables",25.5,114.235830150005
2025-03-01,"CPI_Durables",25.5,114.714783881034
2025-04-01,"CPI_Durables",25.5,114.433549073897
2025-05-01,"CPI_Durables",25.5,114.583955145448
2025-06-01,"CPI_Durables",25.5,114.286893328007
2025-07-01,"CPI_Durables",25.5,114.432040139507
2025-08-01,"CPI_Durables",25.5,114.271577764651
2025-09-01,"CPI_Durables",25.5,114.479017883632
2025-10-01,"CPI_Durables",25.5,114.400841911386
2025-11-01,"CPI_Durables",25.5,114.530738083905
2025-12-01,"CPI_Durables",25.5,114.405569785299
2025-01-01,"CPI_Overall",25.5,324.544348876657
2025-02-01,"CPI_Overall",25.5,324.605793782199
2025-03-01,"CPI_Overall",25.5,324.818499288002
2025-04-01,"CPI_Overall",25.5,324.817924174425
2025-05-01,"CPI_Overall",25.5,324.817349061866
2025-06-01,"CPI_Overall",25.5,324.816773950325
2025-07-01,"CPI_Overall",25.5,324.816198839802
2025-08-01,"CPI_Overall",25.5,324.815623730298
2025-09-01,"CPI_Overall",25.5,324.815048621811
2025-10-01,"CPI_Overall",25.5,324.814473514343
2025-11-01,"CPI_Overall",25.5,324.813898407894
2025-12-01,"CPI_Overall",25.5,324.813323302462
2025-01-01,"CPI_Apparel",26,125.612273625651
2025-02-01,"CPI_Apparel",26,125.63502599849
2025-03-01,"CPI_Apparel",26,125.63502599849
2025-04-01,"CPI_Apparel",26,125.63502599849
2025-05-01,"CPI_Apparel",26,125.63502599849
2025-06-01,"CPI_Apparel",26,125.63502599849
2025-07-01,"CPI_Apparel",26,125.63502599849
2025-08-01,"CPI_Apparel",26,125.63502599849
2025-09-01,"CPI_Apparel",26,125.63502599849
2025-10-01,"CPI_Apparel",26,125.63502599849
2025-11-01,"CPI_Apparel",26,125.63502599849
2025-12-01,"CPI_Apparel",26,125.63502599849
2025-01-01,"CPI_Food",26,331.325817516705
2025-02-01,"CPI_Food",26,331.349952558259
2025-03-01,"CPI_Food",26,331.347998492715
2025-04-01,"CPI_Food",26,331.346044438694
2025-05-01,"CPI_Food",26,331.344090396198
2025-06-01,"CPI_Food",26,331.342136365225
2025-07-01,"CPI_Food",26,331.340182345775
2025-08-01,"CPI_Food",26,331.338228337849
2025-09-01,"CPI_Food",26,331.336274341446
2025-10-01,"CPI_Food",26,331.334320356566
2025-11-01,"CPI_Food",26,331.33236638321
2025-12-01,"CPI_Food",26,331.330412421377
2025-01-01,"CPI_Durables",26,114.389485138214
2025-02-01,"CPI_Durables",26,114.163992310338
2025-03-01,"CPI_Durables",26,114.642644848639
2025-04-01,"CPI_Durables",26,114.361586897581
2025-05-01,"CPI_Durables",26,114.511898385434
2025-06-01,"CPI_Durables",26,114.215023376976
2025-07-01,"CPI_Durables",26,114.360078912093
2025-08-01,"CPI_Durables",26,114.199717444897
2025-09-01,"CPI_Durables",26,114.407027114001
2025-10-01,"CPI_Durables",26,114.328900303152
2025-11-01,"CPI_Durables",26,114.458714789737
2025-12-01,"CPI_Durables",26,114.333625203914
2025-01-01,"CPI_Overall",26,324.602696049978
2025-02-01,"CPI_Overall",26,324.664152002198
2025-03-01,"CPI_Overall",26,324.876895748584
2025-04-01,"CPI_Overall",26,324.876320531611
2025-05-01,"CPI_Overall",26,324.875745315657
2025-06-01,"CPI_Overall",26,324.875170100721
2025-07-01,"CPI_Overall",26,324.874594886804
2025-08-01,"CPI_Overall",26,324.874019673906
2025-09-01,"CPI_Overall",26,324.873444462025
2025-10-01,"CPI_Overall",26,324.872869251164
2025-11-01,"CPI_Overall",26,324.87229404132
2025-12-01,"CPI_Overall",26,324.871718832495
2025-01-01,"CPI_Apparel",26.5,125.553954743391
2025-02-01,"CPI_Apparel",26.5,125.576696552828
2025-03-01,"CPI_Apparel",26.5,125.576696552828
2025-04-01,"CPI_Apparel",26.5,125.576696552828
2025-05-01,"CPI_Apparel",26.5,125.576696552828
2025-06-01,"CPI_Apparel",26.5,125.576696552828
2025-07-01,"CPI_Apparel",26.5,125.576696552828
2025-08-01,"CPI_Apparel",26.5,125.576696552828
2025-09-01,"CPI_Apparel",26.5,125.576696552828
2025-10-01,"CPI_Apparel",26.5,125.576696552828
2025-11-01,"CPI_Apparel",26.5,125.576696552828
2025-12-01,"CPI_Apparel",26.5,125.576696552828
2025-01-01,"CPI_Food",26.5,331.288471801405
2025-02-01,"CPI_Food",26.5,331.312604122554
2025-03-01,"CPI_Food",26.5,331.310650277265
2025-04-01,"CPI_Food",26.5,331.308696443497
2025-05-01,"CPI_Food",26.5,331.306742621253
2025-06-01,"CPI_Food",26.5,331.30478881053
2025-07-01,"CPI_Food",26.5,331.30283501133
2025-08-01,"CPI_Food",26.5,331.300881223651
2025-09-01,"CPI_Food",26.5,331.298927447495
2025-10-01,"CPI_Food",26.5,331.296973682861
2025-11-01,"CPI_Food",26.5,331.295019929748
2025-12-01,"CPI_Food",26.5,331.293066188158
2025-01-01,"CPI_Durables",26.5,114.318920512996
2025-02-01,"CPI_Durables",26.5,114.093566787213
2025-03-01,"CPI_Durables",26.5,114.57192405417
2025-04-01,"CPI_Durables",26.5,114.291039482239
2025-05-01,"CPI_Durables",26.5,114.441258245889
2025-06-01,"CPI_Durables",26.5,114.144566373789
2025-07-01,"CPI_Durables",26.5,114.289532426997
2025-08-01,"CPI_Durables",26.5,114.129269883639
2025-09-01,"CPI_Durables",26.5,114.336451667482
2025-10-01,"CPI_Durables",26.5,114.258373051527
2025-11-01,"CPI_Durables",26.5,114.388107458107
2025-12-01,"CPI_Durables",26.5,114.263095037591
2025-01-01,"CPI_Overall",26.5,324.659941972635
2025-02-01,"CPI_Overall",26.5,324.721408763035
2025-03-01,"CPI_Overall",26.5,324.934190028247
2025-04-01,"CPI_Overall",26.5,324.933614709831
2025-05-01,"CPI_Overall",26.5,324.933039392434
2025-06-01,"CPI_Overall",26.5,324.932464076055
2025-07-01,"CPI_Overall",26.5,324.931888760695
2025-08-01,"CPI_Overall",26.5,324.931313446354
2025-09-01,"CPI_Overall",26.5,324.930738133031
2025-10-01,"CPI_Overall",26.5,324.930162820727
2025-11-01,"CPI_Overall",26.5,324.929587509441
2025-12-01,"CPI_Overall",26.5,324.929012199174
2025-01-01,"CPI_Apparel",27,125.496752319511
2025-02-01,"CPI_Apparel",27,125.519483767772
2025-03-01,"CPI_Apparel",27,125.519483767772
2025-04-01,"CPI_Apparel",27,125.519483767772
2025-05-01,"CPI_Apparel",27,125.519483767772
2025-06-01,"CPI_Apparel",27,125.519483767772
2025-07-01,"CPI_Apparel",27,125.519483767772
2025-08-01,"CPI_Apparel",27,125.519483767772
2025-09-01,"CPI_Apparel",27,125.519483767772
2025-10-01,"CPI_Apparel",27,125.519483767772
2025-11-01,"CPI_Apparel",27,125.519483767772
2025-12-01,"CPI_Apparel",27,125.519483767772
2025-01-01,"CPI_Food",27,331.251828270064
2025-02-01,"CPI_Food",27,331.275957921958
2025-03-01,"CPI_Food",27,331.274004292782
2025-04-01,"CPI_Food",27,331.272050675126
2025-05-01,"CPI_Food",27,331.270097068992
2025-06-01,"CPI_Food",27,331.268143474379
2025-07-01,"CPI_Food",27,331.266189891286
2025-08-01,"CPI_Food",27,331.264236319715
2025-09-01,"CPI_Food",27,331.262282759664
2025-10-01,"CPI_Food",27,331.260329211134
2025-11-01,"CPI_Food",27,331.258375674125
2025-12-01,"CPI_Food",27,331.256422148636
2025-01-01,"CPI_Durables",27,114.249717247435
2025-02-01,"CPI_Durables",27,114.024499940136
2025-03-01,"CPI_Durables",27,114.502567632237
2025-04-01,"CPI_Durables",27,114.221853094535
2025-05-01,"CPI_Durables",27,114.371980922854
2025-06-01,"CPI_Durables",27,114.075468653975
2025-07-01,"CPI_Durables",27,114.220346951593
2025-08-01,"CPI_Durables",27,114.060181423596
2025-09-01,"CPI_Durables",27,114.267237789391
2025-10-01,"CPI_Durables",27,114.189206438535
2025-11-01,"CPI_Durables",27,114.318862310044
2025-12-01,"CPI_Durables",27,114.193925566132
2025-01-01,"CPI_Overall",27,324.716127629534
2025-02-01,"CPI_Overall",27,324.777605057378
2025-03-01,"CPI_Overall",27,324.990423146521
2025-04-01,"CPI_Overall",27,324.98984772854
2025-05-01,"CPI_Overall",27,324.989272311578
2025-06-01,"CPI_Overall",27,324.988696895635
2025-07-01,"CPI_Overall",27,324.988121480711
2025-08-01,"CPI_Overall",27,324.987546066806
2025-09-01,"CPI_Overall",27,324.986970653919
2025-10-01,"CPI_Overall",27,324.986395242051
2025-11-01,"CPI_Overall",27,324.985819831203
2025-12-01,"CPI_Overall",27,324.985244421372
2025-01-01,"CPI_Apparel",27.5,125.440624889413
2025-02-01,"CPI_Apparel",27.5,125.463346171213
2025-03-01,"CPI_Apparel",27.5,125.463346171213
2025-04-01,"CPI_Apparel",27.5,125.463346171213
2025-05-01,"CPI_Apparel",27.5,125.463346171213
2025-06-01,"CPI_Apparel",27.5,125.463346171213
2025-07-01,"CPI_Apparel",27.5,125.463346171213
2025-08-01,"CPI_Apparel",27.5,125.463346171213
2025-09-01,"CPI_Apparel",27.5,125.463346171213
2025-10-01,"CPI_Apparel",27.5,125.463346171213
2025-11-01,"CPI_Apparel",27.5,125.463346171213
2025-12-01,"CPI_Apparel",27.5,125.463346171213
2025-01-01,"CPI_Food",27.5,331.215861077413
2025-02-01,"CPI_Food",27.5,331.239988109319
2025-03-01,"CPI_Food",27.5,331.238034692267
2025-04-01,"CPI_Food",27.5,331.236081286735
2025-05-01,"CPI_Food",27.5,331.234127892722
2025-06-01,"CPI_Food",27.5,331.23217451023
2025-07-01,"CPI_Food",27.5,331.230221139257
2025-08-01,"CPI_Food",27.5,331.228267779803
2025-09-01,"CPI_Food",27.5,331.226314431869
2025-10-01,"CPI_Food",27.5,331.224361095455
2025-11-01,"CPI_Food",27.5,331.22240777056
2025-12-01,"CPI_Food",27.5,331.220454457184
2025-01-01,"CPI_Durables",27.5,114.181824585005
2025-02-01,"CPI_Durables",27.5,113.956741112633
2025-03-01,"CPI_Durables",27.5,114.434524713979
2025-04-01,"CPI_Durables",27.5,114.153976990321
2025-05-01,"CPI_Durables",27.5,114.304015605483
2025-06-01,"CPI_Durables",27.5,114.007679538417
2025-07-01,"CPI_Durables",27.5,114.152471742402
2025-08-01,"CPI_Durables",27.5,113.992401392444
2025-09-01,"CPI_Durables",27.5,114.199334715414
2025-10-01,"CPI_Durables",27.5,114.12134973453
2025-11-01,"CPI_Durables",27.5,114.250928558301
2025-12-01,"CPI_Durables",27.5,114.126066057795
2025-01-01,"CPI_Overall",27.5,324.771291756039
2025-02-01,"CPI_Overall",27.5,324.832779627925
2025-03-01,"CPI_Overall",27.5,325.04563387149
2025-04-01,"CPI_Overall",27.5,325.045058355755
2025-05-01,"CPI_Overall",27.5,325.044482841039
2025-06-01,"CPI_Overall",27.5,325.043907327342
2025-07-01,"CPI_Overall",27.5,325.043331814664
2025-08-01,"CPI_Overall",27.5,325.042756303005
2025-09-01,"CPI_Overall",27.5,325.042180792364
2025-10-01,"CPI_Overall",27.5,325.041605282743
2025-11-01,"CPI_Overall",27.5,325.041029774141
2025-12-01,"CPI_Overall",27.5,325.040454266558
2025-01-01,"CPI_Apparel",28,125.385533247794
2025-02-01,"CPI_Apparel",28,125.408244550748
2025-03-01,"CPI_Apparel",28,125.408244550748
2025-04-01,"CPI_Apparel",28,125.408244550748
2025-05-01,"CPI_Apparel",28,125.408244550748
2025-06-01,"CPI_Apparel",28,125.408244550748
2025-07-01,"CPI_Apparel",28,125.408244550748
2025-08-01,"CPI_Apparel",28,125.408244550748
2025-09-01,"CPI_Apparel",28,125.408244550748
2025-10-01,"CPI_Apparel",28,125.408244550748
2025-11-01,"CPI_Apparel",28,125.408244550748
2025-12-01,"CPI_Apparel",28,125.408244550748
2025-01-01,"CPI_Food",28,331.180545778063
2025-02-01,"CPI_Food",28,331.204670237467
2025-03-01,"CPI_Food",28,331.202717028695
2025-04-01,"CPI_Food",28,331.200763831441
2025-05-01,"CPI_Food",28,331.198810645706
2025-06-01,"CPI_Food",28,331.196857471489
2025-07-01,"CPI_Food",28,331.19490430879
2025-08-01,"CPI_Food",28,331.19295115761
2025-09-01,"CPI_Food",28,331.190998017949
2025-10-01,"CPI_Food",28,331.189044889805
2025-11-01,"CPI_Food",28,331.18709177318
2025-12-01,"CPI_Food",28,331.185138668073
2025-01-01,"CPI_Durables",28,114.115194541891
2025-02-01,"CPI_Durables",28,113.89024241548
2025-03-01,"CPI_Durables",28,114.367747209388
2025-04-01,"CPI_Durables",28,114.087363197486
2025-05-01,"CPI_Durables",28,114.237314258613
2025-06-01,"CPI_Durables",28,113.941151116486
2025-07-01,"CPI_Durables",28,114.085858827944
2025-08-01,"CPI_Durables",28,113.925881885973
2025-09-01,"CPI_Durables",28,114.13269445438
2025-10-01,"CPI_Durables",28,114.054754981113
2025-11-01,"CPI_Durables",28,114.184258190024
2025-12-01,"CPI_Durables",28,114.059468552199
2025-01-01,"CPI_Overall",28,324.825470999767
2025-02-01,"CPI_Overall",28,324.886969129229
2025-03-01,"CPI_Overall",28,325.099858881727
2025-04-01,"CPI_Overall",28,325.099283269983
2025-05-01,"CPI_Overall",28,325.098707659258
2025-06-01,"CPI_Overall",28,325.098132049552
2025-07-01,"CPI_Overall",28,325.097556440865
2025-08-01,"CPI_Overall",28,325.096980833198
2025-09-01,"CPI_Overall",28,325.096405226549
2025-10-01,"CPI_Overall",28,325.09582962092
2025-11-01,"CPI_Overall",28,325.09525401631
2025-12-01,"CPI_Overall",28,325.094678412719
2025-01-01,"CPI_Apparel",28.5,125.331440287732
2025-02-01,"CPI_Apparel",28.5,125.354141792732
2025-03-01,"CPI_Apparel",28.5,125.354141792732
2025-04-01,"CPI_Apparel",28.5,125.354141792732
2025-05-01,"CPI_Apparel",28.5,125.354141792732
2025-06-01,"CPI_Apparel",28.5,125.354141792732
2025-07-01,"CPI_Apparel",28.5,125.354141792732
2025-08-01,"CPI_Apparel",28.5,125.354141792732
2025-09-01,"CPI_Apparel",28.5,125.354141792732
2025-10-01,"CPI_Apparel",28.5,125.354141792732
2025-11-01,"CPI_Apparel",28.5,125.354141792732
2025-12-01,"CPI_Apparel",28.5,125.354141792732
2025-01-01,"CPI_Food",28.5,331.145859227239
2025-02-01,"CPI_Food",28.5,331.169981159942
2025-03-01,"CPI_Food",28.5,331.168028155741
2025-04-01,"CPI_Food",28.5,331.166075163057
2025-05-01,"CPI_Food",28.5,331.164122181891
2025-06-01,"CPI_Food",28.5,331.162169212242
2025-07-01,"CPI_Food",28.5,331.16021625411
2025-08-01,"CPI_Food",28.5,331.158263307496
2025-09-01,"CPI_Food",28.5,331.156310372398
2025-10-01,"CPI_Food",28.5,331.154357448818
2025-11-01,"CPI_Food",28.5,331.152404536754
2025-12-01,"CPI_Food",28.5,331.150451636207
2025-01-01,"CPI_Durables",28.5,114.049781709137
2025-02-01,"CPI_Durables",28.5,113.824958529234
2025-03-01,"CPI_Durables",28.5,114.302189609012
2025-04-01,"CPI_Durables",28.5,114.021966318147
2025-05-01,"CPI_Durables",28.5,114.171831424694
2025-06-01,"CPI_Durables",28.5,113.875838048478
2025-07-01,"CPI_Durables",28.5,114.020462810936
2025-08-01,"CPI_Durables",28.5,113.860577570556
2025-09-01,"CPI_Durables",28.5,114.067271590369
2025-10-01,"CPI_Durables",28.5,113.989376793376
2025-11-01,"CPI_Durables",28.5,114.118805768774
2025-12-01,"CPI_Durables",28.5,113.99408766256
2025-01-01,"CPI_Overall",28.5,324.878700068077
2025-02-01,"CPI_Overall",28.5,324.940208275222
2025-03-01,"CPI_Overall",28.5,325.15313291391
2025-04-01,"CPI_Overall",28.5,325.152557207841
2025-05-01,"CPI_Overall",28.5,325.151981502791
2025-06-01,"CPI_Overall",28.5,325.15140579876
2025-07-01,"CPI_Overall",28.5,325.150830095748
2025-08-01,"CPI_Overall",28.5,325.150254393756
2025-09-01,"CPI_Overall",28.5,325.149678692783
2025-10-01,"CPI_Overall",28.5,325.14910299283
2025-11-01,"CPI_Overall",28.5,325.148527293895
2025-12-01,"CPI_Overall",28.5,325.14795159598
2025-01-01,"CPI_Apparel",29,125.278310853837
2025-02-01,"CPI_Apparel",29,125.301002735409
2025-03-01,"CPI_Apparel",29,125.301002735409
2025-04-01,"CPI_Apparel",29,125.301002735409
2025-05-01,"CPI_Apparel",29,125.301002735409
2025-06-01,"CPI_Apparel",29,125.301002735409
2025-07-01,"CPI_Apparel",29,125.301002735409
2025-08-01,"CPI_Apparel",29,125.301002735409
2025-09-01,"CPI_Apparel",29,125.301002735409
2025-10-01,"CPI_Apparel",29,125.301002735409
2025-11-01,"CPI_Apparel",29,125.301002735409
2025-12-01,"CPI_Apparel",29,125.301002735409
2025-01-01,"CPI_Food",29,331.111779490166
2025-02-01,"CPI_Food",29,331.13589894037
2025-03-01,"CPI_Food",29,331.133946137162
2025-04-01,"CPI_Food",29,331.131993345469
2025-05-01,"CPI_Food",29,331.130040565293
2025-06-01,"CPI_Food",29,331.128087796633
2025-07-01,"CPI_Food",29,331.126135039489
2025-08-01,"CPI_Food",29,331.124182293861
2025-09-01,"CPI_Food",29,331.122229559749
2025-10-01,"CPI_Food",29,331.120276837153
2025-11-01,"CPI_Food",29,331.118324126073
2025-12-01,"CPI_Food",29,331.116371426508
2025-01-01,"CPI_Durables",29,113.9855430721
2025-02-01,"CPI_Durables",29,113.760846524045
2025-03-01,"CPI_Durables",29,114.237808803009
2025-04-01,"CPI_Durables",29,113.957743348152
2025-05-01,"CPI_Durables",29,114.10752404305
2025-06-01,"CPI_Durables",29,113.811697385356
2025-07-01,"CPI_Durables",29,113.956240687793
2025-08-01,"CPI_Durables",29,113.796445502912
2025-09-01,"CPI_Durables",29,114.003023102141
2025-10-01,"CPI_Durables",29,113.925172179459
2025-11-01,"CPI_Durables",29,114.054528253876
2025-12-01,"CPI_Durables",29,113.929880395242
2025-01-01,"CPI_Overall",29,324.931011862766
2025-02-01,"CPI_Overall",29,324.992529973929
2025-03-01,"CPI_Overall",29,325.205488897629
2025-04-01,"CPI_Overall",29,325.204913098859
2025-05-01,"CPI_Overall",29,325.204337301109
2025-06-01,"CPI_Overall",29,325.203761504379
2025-07-01,"CPI_Overall",29,325.203185708668
2025-08-01,"CPI_Overall",29,325.202609913977
2025-09-01,"CPI_Overall",29,325.202034120305
2025-10-01,"CPI_Overall",29,325.201458327652
2025-11-01,"CPI_Overall",29,325.200882536019
2025-12-01,"CPI_Overall",29,325.200306745406
2025-01-01,"CPI_Apparel",29.5,125.226111608011
2025-02-01,"CPI_Apparel",29.5,125.248794034641
2025-03-01,"CPI_Apparel",29.5,125.248794034641
2025-04-01,"CPI_Apparel",29.5,125.248794034641
2025-05-01,"CPI_Apparel",29.5,125.248794034641
2025-06-01,"CPI_Apparel",29.5,125.248794034641
2025-07-01,"CPI_Apparel",29.5,125.248794034641
2025-08-01,"CPI_Apparel",29.5,125.248794034641
2025-09-01,"CPI_Apparel",29.5,125.248794034641
2025-10-01,"CPI_Apparel",29.5,125.248794034641
2025-11-01,"CPI_Apparel",29.5,125.248794034641
2025-12-01,"CPI_Apparel",29.5,125.248794034641
2025-01-01,"CPI_Food",29.5,331.078285759201
2025-02-01,"CPI_Food",29.5,331.102402769594
2025-03-01,"CPI_Food",29.5,331.100450163922
2025-04-01,"CPI_Food",29.5,331.098497569765
2025-05-01,"CPI_Food",29.5,331.096544987123
2025-06-01,"CPI_Food",29.5,331.094592415996
2025-07-01,"CPI_Food",29.5,331.092639856384
2025-08-01,"CPI_Food",29.5,331.090687308287
2025-09-01,"CPI_Food",29.5,331.088734771704
2025-10-01,"CPI_Food",29.5,331.086782246636
2025-11-01,"CPI_Food",29.5,331.084829733083
2025-12-01,"CPI_Food",29.5,331.082877231044
2025-01-01,"CPI_Durables",29.5,113.922437845435
2025-02-01,"CPI_Durables",29.5,113.697865694968
2025-03-01,"CPI_Durables",29.5,114.174563915772
2025-04-01,"CPI_Durables",29.5,113.894653512105
2025-05-01,"CPI_Durables",29.5,114.044351284691
2025-06-01,"CPI_Durables",29.5,113.74868840398
2025-07-01,"CPI_Durables",29.5,113.893151683656
2025-08-01,"CPI_Durables",29.5,113.733444965356
2025-09-01,"CPI_Durables",29.5,113.939908198098
2025-10-01,"CPI_Durables",29.5,113.862100375619
2025-11-01,"CPI_Durables",29.5,113.991384835302
2025-12-01,"CPI_Durables",29.5,113.866805984817
2025-01-01,"CPI_Overall",29.5,324.982437603261
2025-02-01,"CPI_Overall",29.5,325.043965450689
2025-03-01,"CPI_Overall",29.5,325.256958078683
2025-04-01,"CPI_Overall",29.5,325.256382188783
2025-05-01,"CPI_Overall",29.5,325.255806299904
2025-06-01,"CPI_Overall",29.5,325.255230412044
2025-07-01,"CPI_Overall",29.5,325.254654525204
2025-08-01,"CPI_Overall",29.5,325.254078639384
2025-09-01,"CPI_Overall",29.5,325.253502754583
2025-10-01,"CPI_Overall",29.5,325.252926870801
2025-11-01,"CPI_Overall",29.5,325.25235098804
2025-12-01,"CPI_Overall",29.5,325.251775106298
2025-01-01,"CPI_Apparel",30,125.17481090654
2025-02-01,"CPI_Apparel",30,125.197484040984
2025-03-01,"CPI_Apparel",30,125.197484040984
2025-04-01,"CPI_Apparel",30,125.197484040984
2025-05-01,"CPI_Apparel",30,125.197484040984
2025-06-01,"CPI_Apparel",30,125.197484040984
2025-07-01,"CPI_Apparel",30,125.197484040984
2025-08-01,"CPI_Apparel",30,125.197484040984
2025-09-01,"CPI_Apparel",30,125.197484040984
2025-10-01,"CPI_Apparel",30,125.197484040984
2025-11-01,"CPI_Apparel",30,125.197484040984
2025-12-01,"CPI_Apparel",30,125.197484040984
2025-01-01,"CPI_Food",30,331.045358277947
2025-02-01,"CPI_Food",30,331.069472889776
2025-03-01,"CPI_Food",30,331.067520478301
2025-04-01,"CPI_Food",30,331.06556807834
2025-05-01,"CPI_Food",30,331.063615689892
2025-06-01,"CPI_Food",30,331.061663312959
2025-07-01,"CPI_Food",30,331.059710947539
2025-08-01,"CPI_Food",30,331.057758593633
2025-09-01,"CPI_Food",30,331.055806251241
2025-10-01,"CPI_Food",30,331.053853920362
2025-11-01,"CPI_Food",30,331.051901600996
2025-12-01,"CPI_Food",30,331.049949293144
2025-01-01,"CPI_Durables",30,113.860427322038
2025-02-01,"CPI_Durables",30,113.635977411201
2025-03-01,"CPI_Durables",30,114.112416154533
2025-04-01,"CPI_Durables",30,113.832658112341
2025-05-01,"CPI_Durables",30,113.98227440109
2025-06-01,"CPI_Durables",30,113.686772456279
2025-07-01,"CPI_Durables",30,113.83115710137
2025-08-01,"CPI_Durables",30,113.671537314999
2025-09-01,"CPI_Durables",30,113.877888165199
2025-10-01,"CPI_Durables",30,113.800122695253
2025-11-01,"CPI_Durables",30,113.929336782521
2025-12-01,"CPI_Durables",30,113.804825743083
2025-01-01,"CPI_Overall",30,325.033006939484
2025-02-01,"CPI_Overall",30,325.094544361038
2025-03-01,"CPI_Overall",30,325.30757013204
2025-04-01,"CPI_Overall",30,325.306994152529
2025-05-01,"CPI_Overall",30,325.306418174037
2025-06-01,"CPI_Overall",30,325.305842196566
2025-07-01,"CPI_Overall",30,325.305266220114
2025-08-01,"CPI_Overall",30,325.304690244682
2025-09-01,"CPI_Overall",30,325.30411427027
2025-10-01,"CPI_Overall",30,325.303538296877
2025-11-01,"CPI_Overall",30,325.302962324505
2025-12-01,"CPI_Overall",30,325.302386353152
2025-01-01,"CPI_Apparel",30.5,125.124378687398
2025-02-01,"CPI_Apparel",30.5,125.147042686966
2025-03-01,"CPI_Apparel",30.5,125.147042686966
2025-04-01,"CPI_Apparel",30.5,125.147042686966
2025-05-01,"CPI_Apparel",30.5,125.147042686966
2025-06-01,"CPI_Apparel",30.5,125.147042686966
2025-07-01,"CPI_Apparel",30.5,125.147042686966
2025-08-01,"CPI_Apparel",30.5,125.147042686966
2025-09-01,"CPI_Apparel",30.5,125.147042686966
2025-10-01,"CPI_Apparel",30.5,125.147042686966
2025-11-01,"CPI_Apparel",30.5,125.147042686966
2025-12-01,"CPI_Apparel",30.5,125.147042686966
2025-01-01,"CPI_Food",30.5,331.012978271637
2025-02-01,"CPI_Food",30.5,331.037090524782
2025-03-01,"CPI_Food",30.5,331.035138304275
2025-04-01,"CPI_Food",30.5,331.033186095281
2025-05-01,"CPI_Food",30.5,331.031233897799
2025-06-01,"CPI_Food",30.5,331.029281711831
2025-07-01,"CPI_Food",30.5,331.027329537374
2025-08-01,"CPI_Food",30.5,331.025377374431
2025-09-01,"CPI_Food",30.5,331.023425223
2025-10-01,"CPI_Food",30.5,331.021473083081
2025-11-01,"CPI_Food",30.5,331.019520954674
2025-12-01,"CPI_Food",30.5,331.01756883778
2025-01-01,"CPI_Durables",30.5,113.79947473455
2025-02-01,"CPI_Durables",30.5,113.575144977863
2025-03-01,"CPI_Durables",30.5,114.051328670561
2025-04-01,"CPI_Durables",30.5,113.771720390467
2025-05-01,"CPI_Durables",30.5,113.921256585543
2025-06-01,"CPI_Durables",30.5,113.62591283097
2025-07-01,"CPI_Durables",30.5,113.770220183028
2025-08-01,"CPI_Durables",30.5,113.610685845475
2025-09-01,"CPI_Durables",30.5,113.816926230446
2025-10-01,"CPI_Durables",30.5,113.739202390474
2025-11-01,"CPI_Durables",30.5,113.868347305922
2025-12-01,"CPI_Durables",30.5,113.743902920634
2025-01-01,"CPI_Overall",30.5,325.082748055402
2025-02-01,"CPI_Overall",30.5,325.144294894276
2025-03-01,"CPI_Overall",30.5,325.357353265473
2025-04-01,"CPI_Overall",30.5,325.356777197818
2025-05-01,"CPI_Overall",30.5,325.356201131182
2025-06-01,"CPI_Overall",30.5,325.355625065566
2025-07-01,"CPI_Overall",30.5,325.35504900097
2025-08-01,"CPI_Overall",30.5,325.354472937395
2025-09-01,"CPI_Overall",30.5,325.353896874839
2025-10-01,"CPI_Overall",30.5,325.353320813303
2025-11-01,"CPI_Overall",30.5,325.352744752787
2025-12-01,"CPI_Overall",30.5,325.352168693291
2025-01-01,"CPI_Apparel",31,125.074786366757
2025-02-01,"CPI_Apparel",31,125.09744138358
2025-03-01,"CPI_Apparel",31,125.09744138358
2025-04-01,"CPI_Apparel",31,125.09744138358
2025-05-01,"CPI_Apparel",31,125.09744138358
2025-06-01,"CPI_Apparel",31,125.09744138358
2025-07-01,"CPI_Apparel",31,125.09744138358
2025-08-01,"CPI_Apparel",31,125.09744138358
2025-09-01,"CPI_Apparel",31,125.09744138358
2025-10-01,"CPI_Apparel",31,125.09744138358
2025-11-01,"CPI_Apparel",31,125.09744138358
2025-12-01,"CPI_Apparel",31,125.09744138358
2025-01-01,"CPI_Food",31,330.981127883191
2025-02-01,"CPI_Food",31,331.005237816232
2025-03-01,"CPI_Food",31,331.003285783569
2025-04-01,"CPI_Food",31,331.001333762419
2025-05-01,"CPI_Food",31,330.99938175278
2025-06-01,"CPI_Food",31,330.997429754652
2025-07-01,"CPI_Food",31,330.995477768036
2025-08-01,"CPI_Food",31,330.993525792931
2025-09-01,"CPI_Food",31,330.991573829338
2025-10-01,"CPI_Food",31,330.989621877256
2025-11-01,"CPI_Food",31,330.987669936685
2025-12-01,"CPI_Food",31,330.985718007626
2025-01-01,"CPI_Durables",31,113.73954512819
2025-02-01,"CPI_Durables",31,113.515333509078
2025-03-01,"CPI_Durables",31,113.991266431715
2025-04-01,"CPI_Durables",31,113.711805400228
2025-05-01,"CPI_Durables",31,113.86126284586
2025-06-01,"CPI_Durables",31,113.566074626583
2025-07-01,"CPI_Durables",31,113.710305982835
2025-08-01,"CPI_Durables",31,113.550855659994
2025-09-01,"CPI_Durables",31,113.756987433698
2025-10-01,"CPI_Durables",31,113.679304525014
2025-11-01,"CPI_Durables",31,113.80838142957
2025-12-01,"CPI_Durables",31,113.68400257976
2025-01-01,"CPI_Overall",31,325.131687764165
2025-02-01,"CPI_Overall",31,325.193243868632
2025-03-01,"CPI_Overall",31,325.406334314785
2025-04-01,"CPI_Overall",31,325.405758160405
2025-05-01,"CPI_Overall",31,325.405182007045
2025-06-01,"CPI_Overall",31,325.404605854705
2025-07-01,"CPI_Overall",31,325.404029703386
2025-08-01,"CPI_Overall",31,325.403453553086
2025-09-01,"CPI_Overall",31,325.402877403807
2025-10-01,"CPI_Overall",31,325.402301255547
2025-11-01,"CPI_Overall",31,325.401725108308
2025-12-01,"CPI_Overall",31,325.401148962089
2025-01-01,"CPI_Apparel",31.5,125.026006743807
2025-02-01,"CPI_Apparel",31.5,125.048652925091
2025-03-01,"CPI_Apparel",31.5,125.048652925091
2025-04-01,"CPI_Apparel",31.5,125.048652925091
2025-05-01,"CPI_Apparel",31.5,125.048652925091
2025-06-01,"CPI_Apparel",31.5,125.048652925091
2025-07-01,"CPI_Apparel",31.5,125.048652925091
2025-08-01,"CPI_Apparel",31.5,125.048652925091
2025-09-01,"CPI_Apparel",31.5,125.048652925091
2025-10-01,"CPI_Apparel",31.5,125.048652925091
2025-11-01,"CPI_Apparel",31.5,125.048652925091
2025-12-01,"CPI_Apparel",31.5,125.048652925091
2025-01-01,"CPI_Food",31.5,330.949790114395
2025-02-01,"CPI_Food",31.5,330.973897764673
2025-03-01,"CPI_Food",31.5,330.971945916832
2025-04-01,"CPI_Food",31.5,330.969994080501
2025-05-01,"CPI_Food",31.5,330.968042255681
2025-06-01,"CPI_Food",31.5,330.966090442372
2025-07-01,"CPI_Food",31.5,330.964138640573
2025-08-01,"CPI_Food",31.5,330.962186850284
2025-09-01,"CPI_Food",31.5,330.960235071505
2025-10-01,"CPI_Food",31.5,330.958283304237
2025-11-01,"CPI_Food",31.5,330.956331548479
2025-12-01,"CPI_Food",31.5,330.954379804231
2025-01-01,"CPI_Durables",31.5,113.68060524383
2025-02-01,"CPI_Durables",31.5,113.456509811281
2025-03-01,"CPI_Durables",31.5,113.932196105259
2025-04-01,"CPI_Durables",31.5,113.652879890607
2025-05-01,"CPI_Durables",31.5,113.802259887323
2025-06-01,"CPI_Durables",31.5,113.507224634716
2025-07-01,"CPI_Durables",31.5,113.651381250213
2025-08-01,"CPI_Durables",31.5,113.492013554602
2025-09-01,"CPI_Durables",31.5,113.698038510727
2025-10-01,"CPI_Durables",31.5,113.620395857362
2025-11-01,"CPI_Durables",31.5,113.749405874206
2025-12-01,"CPI_Durables",31.5,113.625091477574
2025-01-01,"CPI_Overall",31.5,325.179851595659
2025-02-01,"CPI_Overall",31.5,325.241416818825
2025-03-01,"CPI_Overall",31.5,325.454538831425
2025-04-01,"CPI_Overall",31.5,325.453962591696
2025-05-01,"CPI_Overall",31.5,325.453386352986
2025-06-01,"CPI_Overall",31.5,325.452810115297
2025-07-01,"CPI_Overall",31.5,325.452233878629
2025-08-01,"CPI_Overall",31.5,325.451657642981
2025-09-01,"CPI_Overall",31.5,325.451081408352
2025-10-01,"CPI_Overall",31.5,325.450505174745
2025-11-01,"CPI_Overall",31.5,325.449928942157
2025-12-01,"CPI_Overall",31.5,325.44935271059
2025-01-01,"CPI_Apparel",32,124.978013913121
2025-02-01,"CPI_Apparel",32,125.000651401379
2025-03-01,"CPI_Apparel",32,125.000651401379
2025-04-01,"CPI_Apparel",32,125.000651401379
2025-05-01,"CPI_Apparel",32,125.000651401379
2025-06-01,"CPI_Apparel",32,125.000651401379
2025-07-01,"CPI_Apparel",32,125.000651401379
2025-08-01,"CPI_Apparel",32,125.000651401379
2025-09-01,"CPI_Apparel",32,125.000651401379
2025-10-01,"CPI_Apparel",32,125.000651401379
2025-11-01,"CPI_Apparel",32,125.000651401379
2025-12-01,"CPI_Apparel",32,125.000651401379
2025-01-01,"CPI_Food",32,330.918948771714
2025-02-01,"CPI_Food",32,330.943054175391
2025-03-01,"CPI_Food",32,330.941102509443
2025-04-01,"CPI_Food",32,330.939150855005
2025-05-01,"CPI_Food",32,330.937199212076
2025-06-01,"CPI_Food",32,330.935247580657
2025-07-01,"CPI_Food",32,330.933295960747
2025-08-01,"CPI_Food",32,330.931344352346
2025-09-01,"CPI_Food",32,330.929392755455
2025-10-01,"CPI_Food",32,330.927441170072
2025-11-01,"CPI_Food",32,330.925489596199
2025-12-01,"CPI_Food",32,330.923538033835
2025-01-01,"CPI_Durables",32,113.622623410332
2025-02-01,"CPI_Durables",32,113.398642275767
2025-03-01,"CPI_Durables",32,113.874085949966
2025-04-01,"CPI_Durables",32,113.594912198192
2025-05-01,"CPI_Durables",32,113.7442160049
2025-06-01,"CPI_Durables",32,113.449331232535
2025-07-01,"CPI_Durables",32,113.593414322167
2025-08-01,"CPI_Durables",32,113.434127910704
2025-09-01,"CPI_Durables",32,113.640047785538
2025-10-01,"CPI_Durables",32,113.562444733154
2025-11-01,"CPI_Durables",32,113.691388949528
2025-12-01,"CPI_Durables",32,113.567137958404
2025-01-01,"CPI_Overall",32,325.227263877164
2025-02-01,"CPI_Overall",32,325.288838076739
2025-03-01,"CPI_Overall",32,325.501991163223
2025-04-01,"CPI_Overall",32,325.501414839476
2025-05-01,"CPI_Overall",32,325.500838516749
2025-06-01,"CPI_Overall",32,325.500262195043
2025-07-01,"CPI_Overall",32,325.499685874357
2025-08-01,"CPI_Overall",32,325.499109554692
2025-09-01,"CPI_Overall",32,325.498533236047
2025-10-01,"CPI_Overall",32,325.497956918422
2025-11-01,"CPI_Overall",32,325.497380601818
2025-12-01,"CPI_Overall",32,325.496804286234
2025-01-01,"CPI_Apparel",32.5,124.930783183836
2025-02-01,"CPI_Apparel",32.5,124.953412117108
2025-03-01,"CPI_Apparel",32.5,124.953412117108
2025-04-01,"CPI_Apparel",32.5,124.953412117108
2025-05-01,"CPI_Apparel",32.5,124.953412117108
2025-06-01,"CPI_Apparel",32.5,124.953412117108
2025-07-01,"CPI_Apparel",32.5,124.953412117108
2025-08-01,"CPI_Apparel",32.5,124.953412117108
2025-09-01,"CPI_Apparel",32.5,124.953412117108
2025-10-01,"CPI_Apparel",32.5,124.953412117108
2025-11-01,"CPI_Apparel",32.5,124.953412117108
2025-12-01,"CPI_Apparel",32.5,124.953412117108
2025-01-01,"CPI_Food",32.5,330.888588416314
2025-02-01,"CPI_Food",32.5,330.912691608426
2025-03-01,"CPI_Food",32.5,330.910740121535
2025-04-01,"CPI_Food",32.5,330.908788646153
2025-05-01,"CPI_Food",32.5,330.906837182279
2025-06-01,"CPI_Food",32.5,330.904885729913
2025-07-01,"CPI_Food",32.5,330.902934289056
2025-08-01,"CPI_Food",32.5,330.900982859706
2025-09-01,"CPI_Food",32.5,330.899031441865
2025-10-01,"CPI_Food",32.5,330.897080035532
2025-11-01,"CPI_Food",32.5,330.895128640707
2025-12-01,"CPI_Food",32.5,330.89317725739
2025-01-01,"CPI_Durables",32.5,113.565569445288
2025-02-01,"CPI_Durables",32.5,113.341700779627
2025-03-01,"CPI_Durables",32.5,113.816905716627
2025-04-01,"CPI_Durables",32.5,113.537872147934
2025-05-01,"CPI_Durables",32.5,113.687100983885
2025-06-01,"CPI_Durables",32.5,113.392364283664
2025-07-01,"CPI_Durables",32.5,113.536375024046
2025-08-01,"CPI_Durables",32.5,113.377168595963
2025-09-01,"CPI_Durables",32.5,113.582985071095
2025-10-01,"CPI_Durables",32.5,113.505420985967
2025-11-01,"CPI_Durables",32.5,113.634300454858
2025-12-01,"CPI_Durables",32.5,113.510111854581
2025-01-01,"CPI_Overall",32.5,325.273947807775
2025-02-01,"CPI_Overall",32.5,325.335530845864
2025-03-01,"CPI_Overall",32.5,325.548714528872
2025-04-01,"CPI_Overall",32.5,325.548138122398
2025-05-01,"CPI_Overall",32.5,325.547561716945
2025-06-01,"CPI_Overall",32.5,325.546985312512
2025-07-01,"CPI_Overall",32.5,325.5464089091
2025-08-01,"CPI_Overall",32.5,325.545832506708
2025-09-01,"CPI_Overall",32.5,325.545256105337
2025-10-01,"CPI_Overall",32.5,325.544679704986
2025-11-01,"CPI_Overall",32.5,325.544103305656
2025-12-01,"CPI_Overall",32.5,325.543526907346
2025-01-01,"CPI_Apparel",33,124.884291005031
2025-02-01,"CPI_Apparel",33,124.906911517093
2025-03-01,"CPI_Apparel",33,124.906911517093
2025-04-01,"CPI_Apparel",33,124.906911517093
2025-05-01,"CPI_Apparel",33,124.906911517093
2025-06-01,"CPI_Apparel",33,124.906911517093
2025-07-01,"CPI_Apparel",33,124.906911517093
2025-08-01,"CPI_Apparel",33,124.906911517093
2025-09-01,"CPI_Apparel",33,124.906911517093
2025-10-01,"CPI_Apparel",33,124.906911517093
2025-11-01,"CPI_Apparel",33,124.906911517093
2025-12-01,"CPI_Apparel",33,124.906911517093
2025-01-01,"CPI_Food",33,330.858694317901
2025-02-01,"CPI_Food",33,330.882795332413
2025-03-01,"CPI_Food",33,330.880844021829
2025-04-01,"CPI_Food",33,330.878892722752
2025-05-01,"CPI_Food",33,330.876941435183
2025-06-01,"CPI_Food",33,330.874990159121
2025-07-01,"CPI_Food",33,330.873038894566
2025-08-01,"CPI_Food",33,330.871087641519
2025-09-01,"CPI_Food",33,330.869136399978
2025-10-01,"CPI_Food",33,330.867185169945
2025-11-01,"CPI_Food",33,330.865233951418
2025-12-01,"CPI_Food",33,330.863282744399
2025-01-01,"CPI_Durables",33,113.50941456338
2025-02-01,"CPI_Durables",33,113.285656594285
2025-03-01,"CPI_Durables",33,113.760626556219
2025-04-01,"CPI_Durables",33,113.481730961537
2025-05-01,"CPI_Durables",33,113.630886008155
2025-06-01,"CPI_Durables",33,113.336295046688
2025-07-01,"CPI_Durables",33,113.480234577934
2025-08-01,"CPI_Durables",33,113.321106872814
2025-09-01,"CPI_Durables",33,113.526821577666
2025-10-01,"CPI_Durables",33,113.449295845729
2025-11-01,"CPI_Durables",33,113.578111587459
2025-12-01,"CPI_Durables",33,113.453984394845
2025-01-01,"CPI_Overall",33,325.319925527153
2025-02-01,"CPI_Overall",33,325.381517270052
2025-03-01,"CPI_Overall",33,325.594731086735
2025-04-01,"CPI_Overall",33,325.594154598786
2025-05-01,"CPI_Overall",33,325.593578111857
2025-06-01,"CPI_Overall",33,325.593001625949
2025-07-01,"CPI_Overall",33,325.592425141062
2025-08-01,"CPI_Overall",33,325.591848657195
2025-09-01,"CPI_Overall",33,325.591272174349
2025-10-01,"CPI_Overall",33,325.590695692524
2025-11-01,"CPI_Overall",33,325.590119211719
2025-12-01,"CPI_Overall",33,325.589542731935
2025-01-01,"CPI_Apparel",33.5,124.838514896757
2025-02-01,"CPI_Apparel",33.5,124.861127117311
2025-03-01,"CPI_Apparel",33.5,124.861127117311
2025-04-01,"CPI_Apparel",33.5,124.861127117311
2025-05-01,"CPI_Apparel",33.5,124.861127117311
2025-06-01,"CPI_Apparel",33.5,124.861127117311
2025-07-01,"CPI_Apparel",33.5,124.861127117311
2025-08-01,"CPI_Apparel",33.5,124.861127117311
2025-09-01,"CPI_Apparel",33.5,124.861127117311
2025-10-01,"CPI_Apparel",33.5,124.861127117311
2025-11-01,"CPI_Apparel",33.5,124.861127117311
2025-12-01,"CPI_Apparel",33.5,124.861127117311
2025-01-01,"CPI_Food",33.5,330.829252412039
2025-02-01,"CPI_Food",33.5,330.853351281889
2025-03-01,"CPI_Food",33.5,330.851400144945
2025-04-01,"CPI_Food",33.5,330.849449019508
2025-05-01,"CPI_Food",33.5,330.847497905576
2025-06-01,"CPI_Food",33.5,330.845546803151
2025-07-01,"CPI_Food",33.5,330.843595712233
2025-08-01,"CPI_Food",33.5,330.84164463282
2025-09-01,"CPI_Food",33.5,330.839693564913
2025-10-01,"CPI_Food",33.5,330.837742508513
2025-11-01,"CPI_Food",33.5,330.835791463618
2025-12-01,"CPI_Food",33.5,330.833840430229
2025-01-01,"CPI_Durables",33.5,113.454131291679
2025-02-01,"CPI_Durables",33.5,113.230482300967
2025-03-01,"CPI_Durables",33.5,113.705220935011
2025-04-01,"CPI_Durables",33.5,113.426461172771
2025-05-01,"CPI_Durables",33.5,113.575543575379
2025-06-01,"CPI_Durables",33.5,113.281096090576
2025-07-01,"CPI_Durables",33.5,113.424965517962
2025-08-01,"CPI_Durables",33.5,113.265915313903
2025-09-01,"CPI_Durables",33.5,113.471529828106
2025-10-01,"CPI_Durables",33.5,113.39404185406
2025-11-01,"CPI_Durables",33.5,113.522794857773
2025-12-01,"CPI_Durables",33.5,113.39872811968
2025-01-01,"CPI_Overall",33.5,325.365218179114
2025-02-01,"CPI_Overall",33.5,325.426818497121
2025-03-01,"CPI_Overall",33.5,325.640061998488
2025-04-01,"CPI_Overall",33.5,325.639485430277
2025-05-01,"CPI_Overall",33.5,325.638908863087
2025-06-01,"CPI_Overall",33.5,325.638332296918
2025-07-01,"CPI_Overall",33.5,325.637755731769
2025-08-01,"CPI_Overall",33.5,325.637179167642
2025-09-01,"CPI_Overall",33.5,325.636602604535
2025-10-01,"CPI_Overall",33.5,325.636026042449
2025-11-01,"CPI_Overall",33.5,325.635449481384
2025-12-01,"CPI_Overall",33.5,325.63487292134
2025-01-01,"CPI_Apparel",34,124.79343338618
2025-02-01,"CPI_Apparel",34,124.816037441041
2025-03-01,"CPI_Apparel",34,124.816037441041
2025-04-01,"CPI_Apparel",34,124.816037441041
2025-05-01,"CPI_Apparel",34,124.816037441041
2025-06-01,"CPI_Apparel",34,124.816037441041
2025-07-01,"CPI_Apparel",34,124.816037441041
2025-08-01,"CPI_Apparel",34,124.816037441041
2025-09-01,"CPI_Apparel",34,124.816037441041
2025-10-01,"CPI_Apparel",34,124.816037441041
2025-11-01,"CPI_Apparel",34,124.816037441041
2025-12-01,"CPI_Apparel",34,124.816037441041
2025-01-01,"CPI_Food",34,330.80024926063
2025-02-01,"CPI_Food",34,330.824346017779
2025-03-01,"CPI_Food",34,330.822395051887
2025-04-01,"CPI_Food",34,330.820444097501
2025-05-01,"CPI_Food",34,330.81849315462
2025-06-01,"CPI_Food",34,330.816542223245
2025-07-01,"CPI_Food",34,330.814591303374
2025-08-01,"CPI_Food",34,330.812640395009
2025-09-01,"CPI_Food",34,330.810689498148
2025-10-01,"CPI_Food",34,330.808738612793
2025-11-01,"CPI_Food",34,330.806787738943
2025-12-01,"CPI_Food",34,330.804836876597
2025-01-01,"CPI_Durables",34,113.399693391252
2025-02-01,"CPI_Durables",34,113.176151712467
2025-03-01,"CPI_Durables",34,113.650662556
2025-04-01,"CPI_Durables",34,113.372036549103
2025-05-01,"CPI_Durables",34,113.521047418547
2025-06-01,"CPI_Durables",34,113.226741216417
2025-07-01,"CPI_Durables",34,113.370541611943
2025-08-01,"CPI_Durables",34,113.211567723829
2025-09-01,"CPI_Durables",34,113.417083579461
2025-10-01,"CPI_Durables",34,113.339632785926
2025-11-01,"CPI_Durables",34,113.468324010988
2025-12-01,"CPI_Durables",34,113.344316802968
2025-01-01,"CPI_Overall",34,325.409845970513
2025-02-01,"CPI_Overall",34,325.471454737751
2025-03-01,"CPI_Overall",34,325.684727488055
2025-04-01,"CPI_Overall",34,325.684150840761
2025-05-01,"CPI_Overall",34,325.683574194487
2025-06-01,"CPI_Overall",34,325.682997549235
2025-07-01,"CPI_Overall",34,325.682420905004
2025-08-01,"CPI_Overall",34,325.681844261793
2025-09-01,"CPI_Overall",34,325.681267619604
2025-10-01,"CPI_Overall",34,325.680690978435
2025-11-01,"CPI_Overall",34,325.680114338288
2025-12-01,"CPI_Overall",34,325.679537699161
2025-01-01,"CPI_Apparel",34.5,124.749025948427
2025-02-01,"CPI_Apparel",34.5,124.77162195969
2025-03-01,"CPI_Apparel",34.5,124.77162195969
2025-04-01,"CPI_Apparel",34.5,124.77162195969
2025-05-01,"CPI_Apparel",34.5,124.77162195969
2025-06-01,"CPI_Apparel",34.5,124.77162195969
2025-07-01,"CPI_Apparel",34.5,124.77162195969
2025-08-01,"CPI_Apparel",34.5,124.77162195969
2025-09-01,"CPI_Apparel",34.5,124.77162195969
2025-10-01,"CPI_Apparel",34.5,124.77162195969
2025-11-01,"CPI_Apparel",34.5,124.77162195969
2025-12-01,"CPI_Apparel",34.5,124.77162195969
2025-01-01,"CPI_Food",34.5,330.771672015283
2025-02-01,"CPI_Food",34.5,330.795766690756
2025-03-01,"CPI_Food",34.5,330.793815893405
2025-04-01,"CPI_Food",34.5,330.791865107558
2025-05-01,"CPI_Food",34.5,330.789914333216
2025-06-01,"CPI_Food",34.5,330.787963570377
2025-07-01,"CPI_Food",34.5,330.786012819043
2025-08-01,"CPI_Food",34.5,330.784062079214
2025-09-01,"CPI_Food",34.5,330.782111350888
2025-10-01,"CPI_Food",34.5,330.780160634066
2025-11-01,"CPI_Food",34.5,330.778209928748
2025-12-01,"CPI_Food",34.5,330.776259234934
2025-01-01,"CPI_Durables",34.5,113.346075784534
2025-02-01,"CPI_Durables",34.5,113.122639800654
2025-03-01,"CPI_Durables",34.5,113.596926286122
2025-04-01,"CPI_Durables",34.5,113.318432019084
2025-05-01,"CPI_Durables",34.5,113.467372433257
2025-06-01,"CPI_Durables",34.5,113.17320538489
2025-07-01,"CPI_Durables",34.5,113.31693778876
2025-08-01,"CPI_Durables",34.5,113.158039066629
2025-09-01,"CPI_Durables",34.5,113.36345775032
2025-10-01,"CPI_Durables",34.5,113.286043577044
2025-11-01,"CPI_Durables",34.5,113.414673954362
2025-12-01,"CPI_Durables",34.5,113.290725379391
2025-01-01,"CPI_Overall",34.5,325.45382822584
2025-02-01,"CPI_Overall",34.5,325.515445320092
2025-03-01,"CPI_Overall",34.5,325.72874689625
2025-04-01,"CPI_Overall",34.5,325.728170171016
2025-05-01,"CPI_Overall",34.5,325.727593446803
2025-06-01,"CPI_Overall",34.5,325.727016723612
2025-07-01,"CPI_Overall",34.5,325.726440001441
2025-08-01,"CPI_Overall",34.5,325.725863280292
2025-09-01,"CPI_Overall",34.5,325.725286560164
2025-10-01,"CPI_Overall",34.5,325.724709841057
2025-11-01,"CPI_Overall",34.5,325.724133122971
2025-12-01,"CPI_Overall",34.5,325.723556405906
2025-01-01,"CPI_Apparel",35,124.705272951694
2025-02-01,"CPI_Apparel",35,124.7278610379
2025-03-01,"CPI_Apparel",35,124.7278610379
2025-04-01,"CPI_Apparel",35,124.7278610379
2025-05-01,"CPI_Apparel",35,124.7278610379
2025-06-01,"CPI_Apparel",35,124.7278610379
2025-07-01,"CPI_Apparel",35,124.7278610379
2025-08-01,"CPI_Apparel",35,124.7278610379
2025-09-01,"CPI_Apparel",35,124.7278610379
2025-10-01,"CPI_Apparel",35,124.7278610379
2025-11-01,"CPI_Apparel",35,124.7278610379
2025-12-01,"CPI_Apparel",35,124.7278610379
2025-01-01,"CPI_Food",35,330.743508383324
2025-02-01,"CPI_Food",35,330.76760100725
2025-03-01,"CPI_Food",35,330.765650376
2025-04-01,"CPI_Food",35,330.763699756254
2025-05-01,"CPI_Food",35,330.76174914801
2025-06-01,"CPI_Food",35,330.75979855127
2025-07-01,"CPI_Food",35,330.757847966033
2025-08-01,"CPI_Food",35,330.7558973923
2025-09-01,"CPI_Food",35,330.753946830069
2025-10-01,"CPI_Food",35,330.751996279342
2025-11-01,"CPI_Food",35,330.750045740117
2025-12-01,"CPI_Food",35,330.748095212396
2025-01-01,"CPI_Durables",35,113.293254487954
2025-02-01,"CPI_Durables",35,113.069922629235
2025-03-01,"CPI_Durables",35,113.543988088726
2025-04-01,"CPI_Durables",35,113.265623604993
2025-05-01,"CPI_Durables",35,113.414494610271
2025-06-01,"CPI_Durables",35,113.120464649005
2025-07-01,"CPI_Durables",35,113.264130071006
2025-08-01,"CPI_Durables",35,113.105305398519
2025-09-01,"CPI_Durables",35,113.310628353433
2025-10-01,"CPI_Durables",35,113.233250256546
2025-11-01,"CPI_Durables",35,113.361820689809
2025-12-01,"CPI_Durables",35,113.237929877089
2025-01-01,"CPI_Overall",35,325.497183437892
2025-02-01,"CPI_Overall",35,325.558808740443
2025-03-01,"CPI_Overall",35,325.772138731492
2025-04-01,"CPI_Overall",35,325.77156192943
2025-05-01,"CPI_Overall",35,325.770985128389
2025-06-01,"CPI_Overall",35,325.770408328369
2025-07-01,"CPI_Overall",35,325.769831529371
2025-08-01,"CPI_Overall",35,325.769254731394
2025-09-01,"CPI_Overall",35,325.768677934439
2025-10-01,"CPI_Overall",35,325.768101138504
2025-11-01,"CPI_Overall",35,325.767524343591
2025-12-01,"CPI_Overall",35,325.766947549699
2025-01-01,"CPI_Apparel",35.5,124.662155606273
2025-02-01,"CPI_Apparel",35.5,124.684735882558
2025-03-01,"CPI_Apparel",35.5,124.684735882558
2025-04-01,"CPI_Apparel",35.5,124.684735882558
2025-05-01,"CPI_Apparel",35.5,124.684735882558
2025-06-01,"CPI_Apparel",35.5,124.684735882558
2025-07-01,"CPI_Apparel",35.5,124.684735882558
2025-08-01,"CPI_Apparel",35.5,124.684735882558
2025-09-01,"CPI_Apparel",35.5,124.684735882558
2025-10-01,"CPI_Apparel",35.5,124.684735882558
2025-11-01,"CPI_Apparel",35.5,124.684735882558
2025-12-01,"CPI_Apparel",35.5,124.684735882558
2025-01-01,"CPI_Food",35.5,330.715746596217
2025-02-01,"CPI_Food",35.5,330.739837197869
2025-03-01,"CPI_Food",35.5,330.73788673035
2025-04-01,"CPI_Food",35.5,330.735936274334
2025-05-01,"CPI_Food",35.5,330.73398582982
2025-06-01,"CPI_Food",35.5,330.732035396808
2025-07-01,"CPI_Food",35.5,330.730084975298
2025-08-01,"CPI_Food",35.5,330.728134565291
2025-09-01,"CPI_Food",35.5,330.726184166786
2025-10-01,"CPI_Food",35.5,330.724233779782
2025-11-01,"CPI_Food",35.5,330.722283404281
2025-12-01,"CPI_Food",35.5,330.720333040282
2025-01-01,"CPI_Durables",35.5,113.241206549371
2025-02-01,"CPI_Durables",35.5,113.017977291314
2025-03-01,"CPI_Durables",35.5,113.491824960876
2025-04-01,"CPI_Durables",35.5,113.213588360286
2025-05-01,"CPI_Durables",35.5,113.362390972888
2025-06-01,"CPI_Durables",35.5,113.068496091627
2025-07-01,"CPI_Durables",35.5,113.212095512443
2025-08-01,"CPI_Durables",35.5,113.053343805436
2025-09-01,"CPI_Durables",35.5,113.258572433141
2025-10-01,"CPI_Durables",35.5,113.181229884446
2025-11-01,"CPI_Durables",35.5,113.309741251298
2025-12-01,"CPI_Durables",35.5,113.185907355129
2025-01-01,"CPI_Overall",35.5,325.539929314865
2025-02-01,"CPI_Overall",35.5,325.601562710351
2025-03-01,"CPI_Overall",35.5,325.814920716934
2025-04-01,"CPI_Overall",35.5,325.814343839124
2025-05-01,"CPI_Overall",35.5,325.813766962335
2025-06-01,"CPI_Overall",35.5,325.813190086567
2025-07-01,"CPI_Overall",35.5,325.812613211821
2025-08-01,"CPI_Overall",35.5,325.812036338096
2025-09-01,"CPI_Overall",35.5,325.811459465392
2025-10-01,"CPI_Overall",35.5,325.81088259371
2025-11-01,"CPI_Overall",35.5,325.81030572305
2025-12-01,"CPI_Overall",35.5,325.80972885341
2025-01-01,"CPI_Apparel",36,124.619655917159
2025-02-01,"CPI_Apparel",36,124.6422284954
2025-03-01,"CPI_Apparel",36,124.6422284954
2025-04-01,"CPI_Apparel",36,124.6422284954
2025-05-01,"CPI_Apparel",36,124.6422284954
2025-06-01,"CPI_Apparel",36,124.6422284954
2025-07-01,"CPI_Apparel",36,124.6422284954
2025-08-01,"CPI_Apparel",36,124.6422284954
2025-09-01,"CPI_Apparel",36,124.6422284954
2025-10-01,"CPI_Apparel",36,124.6422284954
2025-11-01,"CPI_Apparel",36,124.6422284954
2025-12-01,"CPI_Apparel",36,124.6422284954
2025-01-01,"CPI_Food",36,330.688375380199
2025-02-01,"CPI_Food",36,330.712463988026
2025-03-01,"CPI_Food",36,330.710513681935
2025-04-01,"CPI_Food",36,330.708563387345
2025-05-01,"CPI_Food",36,330.706613104256
2025-06-01,"CPI_Food",36,330.704662832669
2025-07-01,"CPI_Food",36,330.702712572584
2025-08-01,"CPI_Food",36,330.700762323999
2025-09-01,"CPI_Food",36,330.698812086916
2025-10-01,"CPI_Food",36,330.696861861334
2025-11-01,"CPI_Food",36,330.694911647253
2025-12-01,"CPI_Food",36,330.692961444673
2025-01-01,"CPI_Durables",36,113.189909989915
2025-02-01,"CPI_Durables",36,112.966781851346
2025-03-01,"CPI_Durables",36,113.440414875057
2025-04-01,"CPI_Durables",36,113.162304311453
2025-05-01,"CPI_Durables",36,113.311039518714
2025-06-01,"CPI_Durables",36,113.017277767404
2025-07-01,"CPI_Durables",36,113.160812139847
2025-08-01,"CPI_Durables",36,113.002132344971
2025-09-01,"CPI_Durables",36,113.207268007201
2025-10-01,"CPI_Durables",36,113.129960493515
2025-11-01,"CPI_Durables",36,113.258413646654
2025-12-01,"CPI_Durables",36,113.134635845374
2025-01-01,"CPI_Overall",36,325.582082824146
2025-02-01,"CPI_Overall",36,325.643724200416
2025-03-01,"CPI_Overall",36,325.857109834297
2025-04-01,"CPI_Overall",36,325.856532881788
2025-05-01,"CPI_Overall",36,325.855955930301
2025-06-01,"CPI_Overall",36,325.855378979834
2025-07-01,"CPI_Overall",36,325.85480203039
2025-08-01,"CPI_Overall",36,325.854225081967
2025-09-01,"CPI_Overall",36,325.853648134565
2025-10-01,"CPI_Overall",36,325.853071188185
2025-11-01,"CPI_Overall",36,325.852494242827
2025-12-01,"CPI_Overall",36,325.85191729849
2025-01-01,"CPI_Apparel",36.5,124.57775663994
2025-02-01,"CPI_Apparel",36.5,124.600321628891
2025-03-01,"CPI_Apparel",36.5,124.600321628891
2025-04-01,"CPI_Apparel",36.5,124.600321628891
2025-05-01,"CPI_Apparel",36.5,124.600321628891
2025-06-01,"CPI_Apparel",36.5,124.600321628891
2025-07-01,"CPI_Apparel",36.5,124.600321628891
2025-08-01,"CPI_Apparel",36.5,124.600321628891
2025-09-01,"CPI_Apparel",36.5,124.600321628891
2025-10-01,"CPI_Apparel",36.5,124.600321628891
2025-11-01,"CPI_Apparel",36.5,124.600321628891
2025-12-01,"CPI_Apparel",36.5,124.600321628891
2025-01-01,"CPI_Food",36.5,330.661383928934
2025-02-01,"CPI_Food",36.5,330.685470570601
2025-03-01,"CPI_Food",36.5,330.683520423698
2025-04-01,"CPI_Food",36.5,330.681570288295
2025-05-01,"CPI_Food",36.5,330.679620164392
2025-06-01,"CPI_Food",36.5,330.67767005199
2025-07-01,"CPI_Food",36.5,330.675719951089
2025-08-01,"CPI_Food",36.5,330.673769861688
2025-09-01,"CPI_Food",36.5,330.671819783787
2025-10-01,"CPI_Food",36.5,330.669869717386
2025-11-01,"CPI_Food",36.5,330.667919662485
2025-12-01,"CPI_Food",36.5,330.665969619084
2025-01-01,"CPI_Durables",36.5,113.139343749856
2025-02-01,"CPI_Durables",36.5,112.916315291118
2025-03-01,"CPI_Durables",36.5,113.389736724933
2025-04-01,"CPI_Durables",36.5,113.111750403901
2025-05-01,"CPI_Durables",36.5,113.260419165485
2025-06-01,"CPI_Durables",36.5,112.966788648728
2025-07-01,"CPI_Durables",36.5,113.110258898905
2025-08-01,"CPI_Durables",36.5,112.951649992332
2025-09-01,"CPI_Durables",36.5,113.156694012655
2025-10-01,"CPI_Durables",36.5,113.079421035177
2025-11-01,"CPI_Durables",36.5,113.207816803405
2025-12-01,"CPI_Durables",36.5,113.084094298379
2025-01-01,"CPI_Overall",36.5,325.623660233101
2025-02-01,"CPI_Overall",36.5,325.685309481084
2025-03-01,"CPI_Overall",36.5,325.898722364689
2025-04-01,"CPI_Overall",36.5,325.898145338501
2025-05-01,"CPI_Overall",36.5,325.897568313336
2025-06-01,"CPI_Overall",36.5,325.896991289192
2025-07-01,"CPI_Overall",36.5,325.89641426607
2025-08-01,"CPI_Overall",36.5,325.89583724397
2025-09-01,"CPI_Overall",36.5,325.895260222891
2025-10-01,"CPI_Overall",36.5,325.894683202834
2025-11-01,"CPI_Overall",36.5,325.894106183798
2025-12-01,"CPI_Overall",36.5,325.893529165785
2025-01-01,"CPI_Apparel",37,124.536441239703
2025-02-01,"CPI_Apparel",37,124.558998745123
2025-03-01,"CPI_Apparel",37,124.558998745123
2025-04-01,"CPI_Apparel",37,124.558998745123
2025-05-01,"CPI_Apparel",37,124.558998745123
2025-06-01,"CPI_Apparel",37,124.558998745123
2025-07-01,"CPI_Apparel",37,124.558998745123
2025-08-01,"CPI_Apparel",37,124.558998745123
2025-09-01,"CPI_Apparel",37,124.558998745123
2025-10-01,"CPI_Apparel",37,124.558998745123
2025-11-01,"CPI_Apparel",37,124.558998745123
2025-12-01,"CPI_Apparel",37,124.558998745123
2025-01-01,"CPI_Food",37,330.634761878046
2025-02-01,"CPI_Food",37,330.658846580461
2025-03-01,"CPI_Food",37,330.656896590567
2025-04-01,"CPI_Food",37,330.654946612172
2025-05-01,"CPI_Food",37,330.652996645277
2025-06-01,"CPI_Food",37,330.651046689882
2025-07-01,"CPI_Food",37,330.649096745986
2025-08-01,"CPI_Food",37,330.647146813589
2025-09-01,"CPI_Food",37,330.645196892692
2025-10-01,"CPI_Food",37,330.643246983294
2025-11-01,"CPI_Food",37,330.641297085395
2025-12-01,"CPI_Food",37,330.639347198996
2025-01-01,"CPI_Durables",37,113.089487638192
2025-02-01,"CPI_Durables",37,112.866557459428
2025-03-01,"CPI_Durables",37,113.339770274817
2025-04-01,"CPI_Durables",37,113.061906451552
2025-05-01,"CPI_Durables",37,113.210509700591
2025-06-01,"CPI_Durables",37,112.917008575391
2025-07-01,"CPI_Durables",37,113.060415603805
2025-08-01,"CPI_Durables",37,112.901876590012
2025-09-01,"CPI_Durables",37,113.106830255405
2025-10-01,"CPI_Durables",37,113.029591329125
2025-11-01,"CPI_Durables",37,113.157930518328
2025-12-01,"CPI_Durables",37,113.034262533001
2025-01-01,"CPI_Overall",37,325.664677147085
2025-02-01,"CPI_Overall",37,325.726334160665
2025-03-01,"CPI_Overall",37,325.939773926646
2025-04-01,"CPI_Overall",37,325.939196827775
2025-05-01,"CPI_Overall",37,325.938619729925
2025-06-01,"CPI_Overall",37,325.938042633097
2025-07-01,"CPI_Overall",37,325.93746553729
2025-08-01,"CPI_Overall",37,325.936888442506
2025-09-01,"CPI_Overall",37,325.936311348743
2025-10-01,"CPI_Overall",37,325.935734256002
2025-11-01,"CPI_Overall",37,325.935157164283
2025-12-01,"CPI_Overall",37,325.934580073585
2025-01-01,"CPI_Apparel",37.5,124.495693852715
2025-02-01,"CPI_Apparel",37.5,124.518243977488
2025-03-01,"CPI_Apparel",37.5,124.518243977488
2025-04-01,"CPI_Apparel",37.5,124.518243977488
2025-05-01,"CPI_Apparel",37.5,124.518243977488
2025-06-01,"CPI_Apparel",37.5,124.518243977488
2025-07-01,"CPI_Apparel",37.5,124.518243977488
2025-08-01,"CPI_Apparel",37.5,124.518243977488
2025-09-01,"CPI_Apparel",37.5,124.518243977488
2025-10-01,"CPI_Apparel",37.5,124.518243977488
2025-11-01,"CPI_Apparel",37.5,124.518243977488
2025-12-01,"CPI_Apparel",37.5,124.518243977488
2025-01-01,"CPI_Food",37.5,330.608499281346
2025-02-01,"CPI_Food",37.5,330.632582070693
2025-03-01,"CPI_Food",37.5,330.630632235688
2025-04-01,"CPI_Food",37.5,330.628682412182
2025-05-01,"CPI_Food",37.5,330.626732600174
2025-06-01,"CPI_Food",37.5,330.624782799666
2025-07-01,"CPI_Food",37.5,330.622833010655
2025-08-01,"CPI_Food",37.5,330.620883233144
2025-09-01,"CPI_Food",37.5,330.61893346713
2025-10-01,"CPI_Food",37.5,330.616983712615
2025-11-01,"CPI_Food",37.5,330.615033969598
2025-12-01,"CPI_Food",37.5,330.61308423808
2025-01-01,"CPI_Durables",37.5,113.040322285631
2025-02-01,"CPI_Durables",37.5,112.817489025166
2025-03-01,"CPI_Durables",37.5,113.290496112548
2025-04-01,"CPI_Durables",37.5,113.012753089838
2025-05-01,"CPI_Durables",37.5,113.161291734012
2025-06-01,"CPI_Durables",37.5,112.867918207642
2025-07-01,"CPI_Durables",37.5,113.011262890233
2025-08-01,"CPI_Durables",37.5,112.852792800853
2025-09-01,"CPI_Durables",37.5,113.057657363187
2025-10-01,"CPI_Durables",37.5,112.980452016324
2025-11-01,"CPI_Durables",37.5,113.108735410407
2025-12-01,"CPI_Durables",37.5,112.985121189407
2025-01-01,"CPI_Overall",37.5,325.705148544914
2025-02-01,"CPI_Overall",37.5,325.76681322081
2025-03-01,"CPI_Overall",37.5,325.980279511638
2025-04-01,"CPI_Overall",37.5,325.979702341048
2025-05-01,"CPI_Overall",37.5,325.979125171481
2025-06-01,"CPI_Overall",37.5,325.978548002935
2025-07-01,"CPI_Overall",37.5,325.977970835411
2025-08-01,"CPI_Overall",37.5,325.977393668909
2025-09-01,"CPI_Overall",37.5,325.976816503429
2025-10-01,"CPI_Overall",37.5,325.976239338971
2025-11-01,"CPI_Overall",37.5,325.975662175535
2025-12-01,"CPI_Overall",37.5,325.97508501312
2025-01-01,"CPI_Apparel",38,124.455499250643
2025-02-01,"CPI_Apparel",38,124.478042094897
2025-03-01,"CPI_Apparel",38,124.478042094897
2025-04-01,"CPI_Apparel",38,124.478042094897
2025-05-01,"CPI_Apparel",38,124.478042094897
2025-06-01,"CPI_Apparel",38,124.478042094897
2025-07-01,"CPI_Apparel",38,124.478042094897
2025-08-01,"CPI_Apparel",38,124.478042094897
2025-09-01,"CPI_Apparel",38,124.478042094897
2025-10-01,"CPI_Apparel",38,124.478042094897
2025-11-01,"CPI_Apparel",38,124.478042094897
2025-12-01,"CPI_Apparel",38,124.478042094897
2025-01-01,"CPI_Food",38,330.582586588646
2025-02-01,"CPI_Food",38,330.606667490413
2025-03-01,"CPI_Food",38,330.604717808233
2025-04-01,"CPI_Food",38,330.602768137552
2025-05-01,"CPI_Food",38,330.600818478369
2025-06-01,"CPI_Food",38,330.598868830683
2025-07-01,"CPI_Food",38,330.596919194495
2025-08-01,"CPI_Food",38,330.594969569804
2025-09-01,"CPI_Food",38,330.593019956611
2025-10-01,"CPI_Food",38,330.591070354915
2025-11-01,"CPI_Food",38,330.589120764717
2025-12-01,"CPI_Food",38,330.587171186016
2025-01-01,"CPI_Durables",38,112.99182910071
2025-02-01,"CPI_Durables",38,112.76909143352
2025-03-01,"CPI_Durables",38,113.24189560552
2025-04-01,"CPI_Durables",38,112.964271731831
2025-05-01,"CPI_Durables",38,113.112746654389
2025-06-01,"CPI_Durables",38,112.819498982372
2025-07-01,"CPI_Durables",38,112.962782171507
2025-08-01,"CPI_Durables",38,112.804380064234
2025-09-01,"CPI_Durables",38,113.009156741689
2025-10-01,"CPI_Durables",38,112.931984515159
2025-11-01,"CPI_Durables",38,113.06021287693
2025-12-01,"CPI_Durables",38,112.936651685213
2025-01-01,"CPI_Overall",38,325.745088811983
2025-02-01,"CPI_Overall",38,325.806761049636
2025-03-01,"CPI_Overall",38,326.02025351721
2025-04-01,"CPI_Overall",38,326.019676275843
2025-05-01,"CPI_Overall",38,326.019099035499
2025-06-01,"CPI_Overall",38,326.018521796177
2025-07-01,"CPI_Overall",38,326.017944557877
2025-08-01,"CPI_Overall",38,326.017367320598
2025-09-01,"CPI_Overall",38,326.016790084342
2025-10-01,"CPI_Overall",38,326.016212849108
2025-11-01,"CPI_Overall",38,326.015635614896
2025-12-01,"CPI_Overall",38,326.015058381706
2025-01-01,"CPI_Apparel",38.5,124.415842807138
2025-02-01,"CPI_Apparel",38.5,124.438378468351
2025-03-01,"CPI_Apparel",38.5,124.438378468351
2025-04-01,"CPI_Apparel",38.5,124.438378468351
2025-05-01,"CPI_Apparel",38.5,124.438378468351
2025-06-01,"CPI_Apparel",38.5,124.438378468351
2025-07-01,"CPI_Apparel",38.5,124.438378468351
2025-08-01,"CPI_Apparel",38.5,124.438378468351
2025-09-01,"CPI_Apparel",38.5,124.438378468351
2025-10-01,"CPI_Apparel",38.5,124.438378468351
2025-11-01,"CPI_Apparel",38.5,124.438378468351
2025-12-01,"CPI_Apparel",38.5,124.438378468351
2025-01-01,"CPI_Food",38.5,330.55701462502
2025-02-01,"CPI_Food",38.5,330.581093664027
2025-03-01,"CPI_Food",38.5,330.579144132665
2025-04-01,"CPI_Food",38.5,330.577194612799
2025-05-01,"CPI_Food",38.5,330.575245104429
2025-06-01,"CPI_Food",38.5,330.573295607557
2025-07-01,"CPI_Food",38.5,330.571346122182
2025-08-01,"CPI_Food",38.5,330.569396648303
2025-09-01,"CPI_Food",38.5,330.567447185921
2025-10-01,"CPI_Food",38.5,330.565497735035
2025-11-01,"CPI_Food",38.5,330.563548295646
2025-12-01,"CPI_Food",38.5,330.561598867753
2025-01-01,"CPI_Durables",38.5,112.943990228803
2025-02-01,"CPI_Durables",38.5,112.721346865058
2025-03-01,"CPI_Durables",38.5,113.19395085959
2025-04-01,"CPI_Durables",38.5,112.916444527259
2025-05-01,"CPI_Durables",38.5,113.06485658799
2025-06-01,"CPI_Durables",38.5,112.771733072188
2025-07-01,"CPI_Durables",38.5,112.914955597589
2025-08-01,"CPI_Durables",38.5,112.75662055515
2025-09-01,"CPI_Durables",38.5,112.961310533545
2025-10-01,"CPI_Durables",38.5,112.88417098046
2025-11-01,"CPI_Durables",38.5,113.012345052463
2025-12-01,"CPI_Durables",38.5,112.888836174511
2025-01-01,"CPI_Overall",38.5,325.784511771226
2025-02-01,"CPI_Overall",38.5,325.846191472697
2025-03-01,"CPI_Overall",38.5,326.059709777974
2025-04-01,"CPI_Overall",38.5,326.059132466747
2025-05-01,"CPI_Overall",38.5,326.058555156543
2025-06-01,"CPI_Overall",38.5,326.057977847361
2025-07-01,"CPI_Overall",38.5,326.057400539201
2025-08-01,"CPI_Overall",38.5,326.056823232063
2025-09-01,"CPI_Overall",38.5,326.056245925948
2025-10-01,"CPI_Overall",38.5,326.055668620854
2025-11-01,"CPI_Overall",38.5,326.055091316783
2025-12-01,"CPI_Overall",38.5,326.054514013734
2025-01-01,"CPI_Apparel",39,124.376710466574
2025-02-01,"CPI_Apparel",39,124.399239039676
2025-03-01,"CPI_Apparel",39,124.399239039676
2025-04-01,"CPI_Apparel",39,124.399239039676
2025-05-01,"CPI_Apparel",39,124.399239039676
2025-06-01,"CPI_Apparel",39,124.399239039676
2025-07-01,"CPI_Apparel",39,124.399239039676
2025-08-01,"CPI_Apparel",39,124.399239039676
2025-09-01,"CPI_Apparel",39,124.399239039676
2025-10-01,"CPI_Apparel",39,124.399239039676
2025-11-01,"CPI_Apparel",39,124.399239039676
2025-12-01,"CPI_Apparel",39,124.399239039676
2025-01-01,"CPI_Food",39,330.53177457141
2025-02-01,"CPI_Food",39,330.555851771835
2025-03-01,"CPI_Food",39,330.553902389331
2025-04-01,"CPI_Food",39,330.551953018323
2025-05-01,"CPI_Food",39,330.550003658811
2025-06-01,"CPI_Food",39,330.548054310794
2025-07-01,"CPI_Food",39,330.546104974274
2025-08-01,"CPI_Food",39,330.544155649249
2025-09-01,"CPI_Food",39,330.542206335721
2025-10-01,"CPI_Food",39,330.540257033687
2025-11-01,"CPI_Food",39,330.53830774315
2025-12-01,"CPI_Food",39,330.536358464108
2025-01-01,"CPI_Durables",39,112.896788513787
2025-02-01,"CPI_Durables",39,112.674238197476
2025-03-01,"CPI_Durables",39,113.146644680667
2025-04-01,"CPI_Durables",39,112.869254324181
2025-05-01,"CPI_Durables",39,113.01760436033
2025-06-01,"CPI_Durables",39,112.72460334713
2025-07-01,"CPI_Durables",39,112.867766016767
2025-08-01,"CPI_Durables",39,112.709497145937
2025-09-01,"CPI_Durables",39,112.914101580002
2025-10-01,"CPI_Durables",39,112.83699426519
2025-11-01,"CPI_Durables",39,112.9651147705
2025-12-01,"CPI_Durables",39,112.841657509556
2025-01-01,"CPI_Overall",39,325.823430712085
2025-02-01,"CPI_Overall",39,325.885117781951
2025-03-01,"CPI_Overall",39,326.098661594598
2025-04-01,"CPI_Overall",39,326.098084214405
2025-05-01,"CPI_Overall",39,326.097506835234
2025-06-01,"CPI_Overall",39,326.096929457085
2025-07-01,"CPI_Overall",39,326.096352079959
2025-08-01,"CPI_Overall",39,326.095774703855
2025-09-01,"CPI_Overall",39,326.095197328773
2025-10-01,"CPI_Overall",39,326.094619954713
2025-11-01,"CPI_Overall",39,326.094042581676
2025-12-01,"CPI_Overall",39,326.093465209661
2025-01-01,"CPI_Apparel",39.5,124.338088714792
2025-02-01,"CPI_Apparel",39.5,124.360610292269
2025-03-01,"CPI_Apparel",39.5,124.360610292269
2025-04-01,"CPI_Apparel",39.5,124.360610292269
2025-05-01,"CPI_Apparel",39.5,124.360610292269
2025-06-01,"CPI_Apparel",39.5,124.360610292269
2025-07-01,"CPI_Apparel",39.5,124.360610292269
2025-08-01,"CPI_Apparel",39.5,124.360610292269
2025-09-01,"CPI_Apparel",39.5,124.360610292269
2025-10-01,"CPI_Apparel",39.5,124.360610292269
2025-11-01,"CPI_Apparel",39.5,124.360610292269
2025-12-01,"CPI_Apparel",39.5,124.360610292269
2025-01-01,"CPI_Food",39.5,330.506857946461
2025-02-01,"CPI_Food",39.5,330.530933331863
2025-03-01,"CPI_Food",39.5,330.52898409631
2025-04-01,"CPI_Food",39.5,330.527034872253
2025-05-01,"CPI_Food",39.5,330.52508565969
2025-06-01,"CPI_Food",39.5,330.523136458622
2025-07-01,"CPI_Food",39.5,330.521187269049
2025-08-01,"CPI_Food",39.5,330.519238090972
2025-09-01,"CPI_Food",39.5,330.517288924389
2025-10-01,"CPI_Food",39.5,330.515339769301
2025-11-01,"CPI_Food",39.5,330.513390625707
2025-12-01,"CPI_Food",39.5,330.511441493609
2025-01-01,"CPI_Durables",39.5,112.850207462163
2025-02-01,"CPI_Durables",39.5,112.627748969791
2025-03-01,"CPI_Durables",39.5,113.09996053875
2025-04-01,"CPI_Durables",39.5,112.822684633124
2025-05-01,"CPI_Durables",39.5,112.970973460263
2025-06-01,"CPI_Durables",39.5,112.678093338857
2025-07-01,"CPI_Durables",39.5,112.821196939784
2025-08-01,"CPI_Durables",39.5,112.66299337046
2025-09-01,"CPI_Durables",39.5,112.867513385032
2025-10-01,"CPI_Durables",39.5,112.790437884587
2025-11-01,"CPI_Durables",39.5,112.918505527562
2025-12-01,"CPI_Durables",39.5,112.795099204905
2025-01-01,"CPI_Overall",39.5,325.861858417638
2025-02-01,"CPI_Overall",39.5,325.923552762894
2025-03-01,"CPI_Overall",39.5,326.137121760957
2025-04-01,"CPI_Overall",39.5,326.136544312667
2025-05-01,"CPI_Overall",39.5,326.1359668654
2025-06-01,"CPI_Overall",39.5,326.135389419155
2025-07-01,"CPI_Overall",39.5,326.134811973933
2025-08-01,"CPI_Overall",39.5,326.134234529733
2025-09-01,"CPI_Overall",39.5,326.133657086555
2025-10-01,"CPI_Overall",39.5,326.1330796444
2025-11-01,"CPI_Overall",39.5,326.132502203267
2025-12-01,"CPI_Overall",39.5,326.131924763157
2025-01-01,"CPI_Apparel",40,124.299964551698
2025-02-01,"CPI_Apparel",40,124.322479223677
2025-03-01,"CPI_Apparel",40,124.322479223677
2025-04-01,"CPI_Apparel",40,124.322479223677
2025-05-01,"CPI_Apparel",40,124.322479223677
2025-06-01,"CPI_Apparel",40,124.322479223677
2025-07-01,"CPI_Apparel",40,124.322479223677
2025-08-01,"CPI_Apparel",40,124.322479223677
2025-09-01,"CPI_Apparel",40,124.322479223677
2025-10-01,"CPI_Apparel",40,124.322479223677
2025-11-01,"CPI_Apparel",40,124.322479223677
2025-12-01,"CPI_Apparel",40,124.322479223677
2025-01-01,"CPI_Food",40,330.482256589505
2025-02-01,"CPI_Food",40,330.506330182851
2025-03-01,"CPI_Food",40,330.504381092389
2025-04-01,"CPI_Food",40,330.502432013422
2025-05-01,"CPI_Food",40,330.50048294595
2025-06-01,"CPI_Food",40,330.498533889971
2025-07-01,"CPI_Food",40,330.496584845487
2025-08-01,"CPI_Food",40,330.494635812497
2025-09-01,"CPI_Food",40,330.492686791001
2025-10-01,"CPI_Food",40,330.490737780998
2025-11-01,"CPI_Food",40,330.48878878249
2025-12-01,"CPI_Food",40,330.486839795475
2025-01-01,"CPI_Durables",40,112.804231209457
2025-02-01,"CPI_Durables",40,112.5818633488
2025-03-01,"CPI_Durables",40,113.053882534254
2025-04-01,"CPI_Durables",40,112.776719593482
2025-05-01,"CPI_Durables",40,112.924948006336
2025-06-01,"CPI_Durables",40,112.632187207089
2025-07-01,"CPI_Durables",40,112.775232506242
2025-08-01,"CPI_Durables",40,112.617093390564
2025-09-01,"CPI_Durables",40,112.821530081728
2025-10-01,"CPI_Durables",40,112.744485982577
2025-11-01,"CPI_Durables",40,112.872501449571
2025-12-01,"CPI_Durables",40,112.74914540383
2025-01-01,"CPI_Overall",40,325.899807190012
2025-02-01,"CPI_Overall",40,325.961508719983
2025-03-01,"CPI_Overall",40,326.175102589571
2025-04-01,"CPI_Overall",40,326.174525074034
2025-05-01,"CPI_Overall",40,326.173947559519
2025-06-01,"CPI_Overall",40,326.173370046027
2025-07-01,"CPI_Overall",40,326.172792533557
2025-08-01,"CPI_Overall",40,326.17221502211
2025-09-01,"CPI_Overall",40,326.171637511685
2025-10-01,"CPI_Overall",40,326.171060002283
2025-11-01,"CPI_Overall",40,326.170482493903
2025-12-01,"CPI_Overall",40,326.169904986546
2025-01-01,"CPI_Apparel",40.5,124.262325465556
2025-02-01,"CPI_Apparel",40.5,124.284833319902
2025-03-01,"CPI_Apparel",40.5,124.284833319902
2025-04-01,"CPI_Apparel",40.5,124.284833319902
2025-05-01,"CPI_Apparel",40.5,124.284833319902
2025-06-01,"CPI_Apparel",40.5,124.284833319902
2025-07-01,"CPI_Apparel",40.5,124.284833319902
2025-08-01,"CPI_Apparel",40.5,124.284833319902
2025-09-01,"CPI_Apparel",40.5,124.284833319902
2025-10-01,"CPI_Apparel",40.5,124.284833319902
2025-11-01,"CPI_Apparel",40.5,124.284833319902
2025-12-01,"CPI_Apparel",40.5,124.284833319902
2025-01-01,"CPI_Food",40.5,330.457962644605
2025-02-01,"CPI_Food",40.5,330.482034468286
2025-03-01,"CPI_Food",40.5,330.480085521104
2025-04-01,"CPI_Food",40.5,330.478136585415
2025-05-01,"CPI_Food",40.5,330.476187661219
2025-06-01,"CPI_Food",40.5,330.474238748517
2025-07-01,"CPI_Food",40.5,330.472289847308
2025-08-01,"CPI_Food",40.5,330.470340957592
2025-09-01,"CPI_Food",40.5,330.46839207937
2025-10-01,"CPI_Food",40.5,330.466443212641
2025-11-01,"CPI_Food",40.5,330.464494357404
2025-12-01,"CPI_Food",40.5,330.462545513661
2025-01-01,"CPI_Durables",40.5,112.758844488711
2025-02-01,"CPI_Durables",40.5,112.536566097641
2025-03-01,"CPI_Durables",40.5,113.008395366434
2025-04-01,"CPI_Durables",40.5,112.731343942019
2025-05-01,"CPI_Durables",40.5,112.879512715252
2025-06-01,"CPI_Durables",40.5,112.586869708153
2025-07-01,"CPI_Durables",40.5,112.729857453108
2025-08-01,"CPI_Durables",40.5,112.571781964617
2025-09-01,"CPI_Durables",40.5,112.77613640079
2025-10-01,"CPI_Durables",40.5,112.699123300291
2025-11-01,"CPI_Durables",40.5,112.827087260332
2025-12-01,"CPI_Durables",40.5,112.703780846827
2025-01-01,"CPI_Overall",40.5,325.937288874238
2025-02-01,"CPI_Overall",40.5,325.998997500492
2025-03-01,"CPI_Overall",40.5,326.212615935476
2025-04-01,"CPI_Overall",40.5,326.212038353519
2025-05-01,"CPI_Overall",40.5,326.211460772584
2025-06-01,"CPI_Overall",40.5,326.210883192672
2025-07-01,"CPI_Overall",40.5,326.210305613783
2025-08-01,"CPI_Overall",40.5,326.209728035916
2025-09-01,"CPI_Overall",40.5,326.209150459072
2025-10-01,"CPI_Overall",40.5,326.208572883251
2025-11-01,"CPI_Overall",40.5,326.207995308452
2025-12-01,"CPI_Overall",40.5,326.207417734676
2025-01-01,"CPI_Apparel",41,124.225159408886
2025-02-01,"CPI_Apparel",41,124.247660531278
2025-03-01,"CPI_Apparel",41,124.247660531278
2025-04-01,"CPI_Apparel",41,124.247660531278
2025-05-01,"CPI_Apparel",41,124.247660531278
2025-06-01,"CPI_Apparel",41,124.247660531278
2025-07-01,"CPI_Apparel",41,124.247660531278
2025-08-01,"CPI_Apparel",41,124.247660531278
2025-09-01,"CPI_Apparel",41,124.247660531278
2025-10-01,"CPI_Apparel",41,124.247660531278
2025-11-01,"CPI_Apparel",41,124.247660531278
2025-12-01,"CPI_Apparel",41,124.247660531278
2025-01-01,"CPI_Food",41,330.433968545572
2025-02-01,"CPI_Food",41,330.458038621431
2025-03-01,"CPI_Food",41,330.456089815759
2025-04-01,"CPI_Food",41,330.454141021579
2025-05-01,"CPI_Food",41,330.452192238893
2025-06-01,"CPI_Food",41,330.450243467698
2025-07-01,"CPI_Food",41,330.448294707997
2025-08-01,"CPI_Food",41,330.446345959787
2025-09-01,"CPI_Food",41,330.44439722307
2025-10-01,"CPI_Food",41,330.442448497845
2025-11-01,"CPI_Food",41,330.440499784112
2025-12-01,"CPI_Food",41,330.438551081872
2025-01-01,"CPI_Durables",41,112.714032600925
2025-02-01,"CPI_Durables",41,112.49184254629
2025-03-01,"CPI_Durables",41,112.963484303759
2025-04-01,"CPI_Durables",41,112.686542983322
2025-05-01,"CPI_Durables",41,112.834652872283
2025-06-01,"CPI_Durables",41,112.542126165468
2025-07-01,"CPI_Durables",41,112.685057085162
2025-08-01,"CPI_Durables",41,112.527044418004
2025-09-01,"CPI_Durables",41,112.731317640964
2025-10-01,"CPI_Durables",41,112.654335146512
2025-11-01,"CPI_Durables",41,112.782248251946
2025-12-01,"CPI_Durables",41,112.658990842076
2025-01-01,"CPI_Overall",41,325.974314880629
2025-02-01,"CPI_Overall",41,326.036030516895
2025-03-01,"CPI_Overall",41,326.249673218626
2025-04-01,"CPI_Overall",41,326.249095571056
2025-05-01,"CPI_Overall",41,326.248517924509
2025-06-01,"CPI_Overall",41,326.247940278985
2025-07-01,"CPI_Overall",41,326.247362634483
2025-08-01,"CPI_Overall",41,326.246784991004
2025-09-01,"CPI_Overall",41,326.246207348548
2025-10-01,"CPI_Overall",41,326.245629707115
2025-11-01,"CPI_Overall",41,326.245052066705
2025-12-01,"CPI_Overall",41,326.244474427317
2025-01-01,"CPI_Apparel",41.5,124.188454775812
2025-02-01,"CPI_Apparel",41.5,124.210949249829
2025-03-01,"CPI_Apparel",41.5,124.210949249829
2025-04-01,"CPI_Apparel",41.5,124.210949249829
2025-05-01,"CPI_Apparel",41.5,124.210949249829
2025-06-01,"CPI_Apparel",41.5,124.210949249829
2025-07-01,"CPI_Apparel",41.5,124.210949249829
2025-08-01,"CPI_Apparel",41.5,124.210949249829
2025-09-01,"CPI_Apparel",41.5,124.210949249829
2025-10-01,"CPI_Apparel",41.5,124.210949249829
2025-11-01,"CPI_Apparel",41.5,124.210949249829
2025-12-01,"CPI_Apparel",41.5,124.210949249829
2025-01-01,"CPI_Food",41.5,330.410267001899
2025-02-01,"CPI_Food",41.5,330.434335351247
2025-03-01,"CPI_Food",41.5,330.43238668536
2025-04-01,"CPI_Food",41.5,330.430438030964
2025-05-01,"CPI_Food",41.5,330.428489388061
2025-06-01,"CPI_Food",41.5,330.426540756649
2025-07-01,"CPI_Food",41.5,330.424592136729
2025-08-01,"CPI_Food",41.5,330.4226435283
2025-09-01,"CPI_Food",41.5,330.420694931363
2025-10-01,"CPI_Food",41.5,330.418746345918
2025-11-01,"CPI_Food",41.5,330.416797771963
2025-12-01,"CPI_Food",41.5,330.4148492095
2025-01-01,"CPI_Durables",41.5,112.669781387299
2025-02-01,"CPI_Durables",41.5,112.447678563858
2025-03-01,"CPI_Durables",41.5,112.919135156093
2025-04-01,"CPI_Durables",41.5,112.642302562044
2025-05-01,"CPI_Durables",41.5,112.790354303477
2025-06-01,"CPI_Durables",41.5,112.497942441828
2025-07-01,"CPI_Durables",41.5,112.640817247243
2025-08-01,"CPI_Durables",41.5,112.482866615416
2025-09-01,"CPI_Durables",41.5,112.687059641281
2025-10-01,"CPI_Durables",41.5,112.61010736994
2025-11-01,"CPI_Durables",41.5,112.737970257047
2025-12-01,"CPI_Durables",41.5,112.614761237691
2025-01-01,"CPI_Overall",41.5,326.010896205818
2025-02-01,"CPI_Overall",41.5,326.072618767904
2025-03-01,"CPI_Overall",41.5,326.286285444939
2025-04-01,"CPI_Overall",41.5,326.285707732544
2025-05-01,"CPI_Overall",41.5,326.285130021173
2025-06-01,"CPI_Overall",41.5,326.284552310824
2025-07-01,"CPI_Overall",41.5,326.283974601499
2025-08-01,"CPI_Overall",41.5,326.283396893196
2025-09-01,"CPI_Overall",41.5,326.282819185916
2025-10-01,"CPI_Overall",41.5,326.282241479659
2025-11-01,"CPI_Overall",41.5,326.281663774425
2025-12-01,"CPI_Overall",41.5,326.281086070214
2025-01-01,"CPI_Apparel",42,124.152200380784
2025-02-01,"CPI_Apparel",42,124.174688287979
2025-03-01,"CPI_Apparel",42,124.174688287979
2025-04-01,"CPI_Apparel",42,124.174688287979
2025-05-01,"CPI_Apparel",42,124.174688287979
2025-06-01,"CPI_Apparel",42,124.174688287979
2025-07-01,"CPI_Apparel",42,124.174688287979
2025-08-01,"CPI_Apparel",42,124.174688287979
2025-09-01,"CPI_Apparel",42,124.174688287979
2025-10-01,"CPI_Apparel",42,124.174688287979
2025-11-01,"CPI_Apparel",42,124.174688287979
2025-12-01,"CPI_Apparel",42,124.174688287979
2025-01-01,"CPI_Food",42,330.386850985533
2025-02-01,"CPI_Food",42,330.410917629169
2025-03-01,"CPI_Food",42,330.408969101383
2025-04-01,"CPI_Food",42,330.407020585088
2025-05-01,"CPI_Food",42,330.405072080284
2025-06-01,"CPI_Food",42,330.40312358697
2025-07-01,"CPI_Food",42,330.401175105148
2025-08-01,"CPI_Food",42,330.399226634816
2025-09-01,"CPI_Food",42,330.397278175975
2025-10-01,"CPI_Food",42,330.395329728625
2025-11-01,"CPI_Food",42,330.393381292765
2025-12-01,"CPI_Food",42,330.391432868396
2025-01-01,"CPI_Durables",42,112.626077203153
2025-02-01,"CPI_Durables",42,112.404060532561
2025-03-01,"CPI_Durables",42,112.875334248559
2025-04-01,"CPI_Durables",42,112.59860903683
2025-05-01,"CPI_Durables",42,112.746603349551
2025-06-01,"CPI_Durables",42,112.454304913362
2025-07-01,"CPI_Durables",42,112.597124298178
2025-08-01,"CPI_Durables",42,112.439234934807
2025-09-01,"CPI_Durables",42,112.643348754965
2025-10-01,"CPI_Durables",42,112.566426333121
2025-11-01,"CPI_Durables",42,112.694239622696
2025-12-01,"CPI_Durables",42,112.571078395654
2025-01-01,"CPI_Overall",42,326.047043452523
2025-02-01,"CPI_Overall",42,326.108772858247
2025-03-01,"CPI_Overall",42,326.322463226091
2025-04-01,"CPI_Overall",42,326.321885449642
2025-05-01,"CPI_Overall",42,326.321307674215
2025-06-01,"CPI_Overall",42,326.320729899812
2025-07-01,"CPI_Overall",42,326.320152126431
2025-08-01,"CPI_Overall",42,326.319574354074
2025-09-01,"CPI_Overall",42,326.318996582739
2025-10-01,"CPI_Overall",42,326.318418812427
2025-11-01,"CPI_Overall",42,326.317841043139
2025-12-01,"CPI_Overall",42,326.317263274873
2025-01-01,"CPI_Apparel",42.5,124.116385438561
2025-02-01,"CPI_Apparel",42.5,124.138866858532
2025-03-01,"CPI_Apparel",42.5,124.138866858532
2025-04-01,"CPI_Apparel",42.5,124.138866858532
2025-05-01,"CPI_Apparel",42.5,124.138866858532
2025-06-01,"CPI_Apparel",42.5,124.138866858532
2025-07-01,"CPI_Apparel",42.5,124.138866858532
2025-08-01,"CPI_Apparel",42.5,124.138866858532
2025-09-01,"CPI_Apparel",42.5,124.138866858532
2025-10-01,"CPI_Apparel",42.5,124.138866858532
2025-11-01,"CPI_Apparel",42.5,124.138866858532
2025-12-01,"CPI_Apparel",42.5,124.138866858532
2025-01-01,"CPI_Food",42.5,330.363713718434
2025-02-01,"CPI_Food",42.5,330.387778676662
2025-03-01,"CPI_Food",42.5,330.385830285333
2025-04-01,"CPI_Food",42.5,330.383881905495
2025-05-01,"CPI_Food",42.5,330.381933537146
2025-06-01,"CPI_Food",42.5,330.379985180287
2025-07-01,"CPI_Food",42.5,330.378036834919
2025-08-01,"CPI_Food",42.5,330.37608850104
2025-09-01,"CPI_Food",42.5,330.374140178651
2025-10-01,"CPI_Food",42.5,330.372191867752
2025-11-01,"CPI_Food",42.5,330.370243568343
2025-12-01,"CPI_Food",42.5,330.368295280424
2025-01-01,"CPI_Durables",42.5,112.582906893391
2025-02-01,"CPI_Durables",42.5,112.360975323237
2025-03-01,"CPI_Durables",42.5,112.832068396946
2025-04-01,"CPI_Durables",42.5,112.555449255796
2025-05-01,"CPI_Durables",42.5,112.703386841331
2025-06-01,"CPI_Durables",42.5,112.411200445039
2025-07-01,"CPI_Durables",42.5,112.553965086253
2025-08-01,"CPI_Durables",42.5,112.396136242905
2025-09-01,"CPI_Durables",42.5,112.600171824905
2025-10-01,"CPI_Durables",42.5,112.523278887926
2025-11-01,"CPI_Durables",42.5,112.651043185834
2025-12-01,"CPI_Durables",42.5,112.527929167294
2025-01-01,"CPI_Overall",42.5,326.082766848159
2025-02-01,"CPI_Overall",42.5,326.144503017275
2025-03-01,"CPI_Overall",42.5,326.358216798138
2025-04-01,"CPI_Overall",42.5,326.357638958385
2025-05-01,"CPI_Overall",42.5,326.357061119654
2025-06-01,"CPI_Overall",42.5,326.356483281947
2025-07-01,"CPI_Overall",42.5,326.355905445262
2025-08-01,"CPI_Overall",42.5,326.355327609601
2025-09-01,"CPI_Overall",42.5,326.354749774963
2025-10-01,"CPI_Overall",42.5,326.354171941348
2025-11-01,"CPI_Overall",42.5,326.353594108756
2025-12-01,"CPI_Overall",42.5,326.353016277187
2025-01-01,"CPI_Apparel",43,124.080999545368
2025-02-01,"CPI_Apparel",43,124.103474555829
2025-03-01,"CPI_Apparel",43,124.103474555829
2025-04-01,"CPI_Apparel",43,124.103474555829
2025-05-01,"CPI_Apparel",43,124.103474555829
2025-06-01,"CPI_Apparel",43,124.103474555829
2025-07-01,"CPI_Apparel",43,124.103474555829
2025-08-01,"CPI_Apparel",43,124.103474555829
2025-09-01,"CPI_Apparel",43,124.103474555829
2025-10-01,"CPI_Apparel",43,124.103474555829
2025-11-01,"CPI_Apparel",43,124.103474555829
2025-12-01,"CPI_Apparel",43,124.103474555829
2025-01-01,"CPI_Food",43,330.340848660858
2025-02-01,"CPI_Food",43,330.364911953509
2025-03-01,"CPI_Food",43,330.362963697031
2025-04-01,"CPI_Food",43,330.361015452043
2025-05-01,"CPI_Food",43,330.359067218544
2025-06-01,"CPI_Food",43,330.357118996535
2025-07-01,"CPI_Food",43,330.355170786015
2025-08-01,"CPI_Food",43,330.353222586984
2025-09-01,"CPI_Food",43,330.351274399442
2025-10-01,"CPI_Food",43,330.349326223389
2025-11-01,"CPI_Food",43,330.347378058825
2025-12-01,"CPI_Food",43,330.34542990575
2025-01-01,"CPI_Durables",43,112.540257769418
2025-02-01,"CPI_Durables",43,112.318410272301
2025-03-01,"CPI_Durables",43,112.789324884578
2025-04-01,"CPI_Durables",43,112.512810533438
2025-05-01,"CPI_Durables",43,112.660692076643
2025-06-01,"CPI_Durables",43,112.368616367614
2025-07-01,"CPI_Durables",43,112.511326926134
2025-08-01,"CPI_Durables",43,112.353557872163
2025-09-01,"CPI_Durables",43,112.557516160558
2025-10-01,"CPI_Durables",43,112.480652352481
2025-11-01,"CPI_Durables",43,112.608368250187
2025-12-01,"CPI_Durables",43,112.48530087021
2025-01-01,"CPI_Overall",43,326.118076262356
2025-02-01,"CPI_Overall",43,326.179819116487
2025-03-01,"CPI_Overall",43,326.393556039047
2025-04-01,"CPI_Overall",43,326.392978136723
2025-05-01,"CPI_Overall",43,326.392400235422
2025-06-01,"CPI_Overall",43,326.391822335144
2025-07-01,"CPI_Overall",43,326.391244435889
2025-08-01,"CPI_Overall",43,326.390666537658
2025-09-01,"CPI_Overall",43,326.390088640449
2025-10-01,"CPI_Overall",43,326.389510744264
2025-11-01,"CPI_Overall",43,326.388932849103
2025-12-01,"CPI_Overall",43,326.388354954964
2025-01-01,"CPI_Apparel",43.5,124.046032661152
2025-02-01,"CPI_Apparel",43.5,124.068501338
2025-03-01,"CPI_Apparel",43.5,124.068501338
2025-04-01,"CPI_Apparel",43.5,124.068501338
2025-05-01,"CPI_Apparel",43.5,124.068501338
2025-06-01,"CPI_Apparel",43.5,124.068501338
2025-07-01,"CPI_Apparel",43.5,124.068501338
2025-08-01,"CPI_Apparel",43.5,124.068501338
2025-09-01,"CPI_Apparel",43.5,124.068501338
2025-10-01,"CPI_Apparel",43.5,124.068501338
2025-11-01,"CPI_Apparel",43.5,124.068501338
2025-12-01,"CPI_Apparel",43.5,124.068501338
2025-01-01,"CPI_Food",43.5,330.318249500325
2025-02-01,"CPI_Food",43.5,330.342311146766
2025-03-01,"CPI_Food",43.5,330.340363023572
2025-04-01,"CPI_Food",43.5,330.338414911866
2025-05-01,"CPI_Food",43.5,330.33646681165
2025-06-01,"CPI_Food",43.5,330.334518722921
2025-07-01,"CPI_Food",43.5,330.332570645681
2025-08-01,"CPI_Food",43.5,330.33062257993
2025-09-01,"CPI_Food",43.5,330.328674525667
2025-10-01,"CPI_Food",43.5,330.326726482892
2025-11-01,"CPI_Food",43.5,330.324778451605
2025-12-01,"CPI_Food",43.5,330.322830431806
2025-01-01,"CPI_Durables",43.5,112.498117587391
2025-02-01,"CPI_Durables",43.5,112.27635316005
2025-03-01,"CPI_Durables",43.5,112.747091440515
2025-04-01,"CPI_Durables",43.5,112.470680628903
2025-05-01,"CPI_Durables",43.5,112.618506798544
2025-06-01,"CPI_Durables",43.5,112.326540455921
2025-07-01,"CPI_Durables",43.5,112.469197577129
2025-08-01,"CPI_Durables",43.5,112.311487599055
2025-09-01,"CPI_Durables",43.5,112.515369516206
2025-10-01,"CPI_Durables",43.5,112.438534489428
2025-11-01,"CPI_Durables",43.5,112.566202564504
2025-12-01,"CPI_Durables",43.5,112.443181266542
2025-01-01,"CPI_Overall",43.5,326.152981223468
2025-02-01,"CPI_Overall",43.5,326.21473068604
2025-03-01,"CPI_Overall",43.5,326.428490485218
2025-04-01,"CPI_Overall",43.5,326.42791252104
2025-05-01,"CPI_Overall",43.5,326.427334557885
2025-06-01,"CPI_Overall",43.5,326.426756595754
2025-07-01,"CPI_Overall",43.5,326.426178634646
2025-08-01,"CPI_Overall",43.5,326.425600674561
2025-09-01,"CPI_Overall",43.5,326.425022715499
2025-10-01,"CPI_Overall",43.5,326.424444757461
2025-11-01,"CPI_Overall",43.5,326.423866800446
2025-12-01,"CPI_Overall",43.5,326.423288844455
2025-01-01,"CPI_Apparel",44,124.011475092856
2025-02-01,"CPI_Apparel",44,124.033937510231
2025-03-01,"CPI_Apparel",44,124.033937510231
2025-04-01,"CPI_Apparel",44,124.033937510231
2025-05-01,"CPI_Apparel",44,124.033937510231
2025-06-01,"CPI_Apparel",44,124.033937510231
2025-07-01,"CPI_Apparel",44,124.033937510231
2025-08-01,"CPI_Apparel",44,124.033937510231
2025-09-01,"CPI_Apparel",44,124.033937510231
2025-10-01,"CPI_Apparel",44,124.033937510231
2025-11-01,"CPI_Apparel",44,124.033937510231
2025-12-01,"CPI_Apparel",44,124.033937510231
2025-01-01,"CPI_Food",44,330.29591014121
2025-02-01,"CPI_Food",44,330.319970160366
2025-03-01,"CPI_Food",44,330.318022168923
2025-04-01,"CPI_Food",44,330.316074188968
2025-05-01,"CPI_Food",44,330.314126220501
2025-06-01,"CPI_Food",44,330.312178263522
2025-07-01,"CPI_Food",44,330.31023031803
2025-08-01,"CPI_Food",44,330.308282384026
2025-09-01,"CPI_Food",44,330.306334461509
2025-10-01,"CPI_Food",44,330.30438655048
2025-11-01,"CPI_Food",44,330.302438650938
2025-12-01,"CPI_Food",44,330.300490762884
2025-01-01,"CPI_Durables",44,112.456474527733
2025-02-01,"CPI_Durables",44,112.234792190204
2025-03-01,"CPI_Durables",44,112.705356219022
2025-04-01,"CPI_Durables",44,112.429047725494
2025-05-01,"CPI_Durables",44,112.576819174807
2025-06-01,"CPI_Durables",44,112.284960908408
2025-07-01,"CPI_Durables",44,112.427565222697
2025-08-01,"CPI_Durables",44,112.269913623609
2025-09-01,"CPI_Durables",44,112.473720070458
2025-10-01,"CPI_Durables",44,112.396913485451
2025-11-01,"CPI_Durables",44,112.524534302053
2025-12-01,"CPI_Durables",44,112.401558542482
2025-01-01,"CPI_Overall",44,326.187490934137
2025-02-01,"CPI_Overall",44,326.249246930318
2025-03-01,"CPI_Overall",44,326.463029347069
2025-04-01,"CPI_Overall",44,326.462451321737
2025-05-01,"CPI_Overall",44,326.461873297429
2025-06-01,"CPI_Overall",44,326.461295274145
2025-07-01,"CPI_Overall",44,326.460717251883
2025-08-01,"CPI_Overall",44,326.460139230646
2025-09-01,"CPI_Overall",44,326.459561210431
2025-10-01,"CPI_Overall",44,326.45898319124
2025-11-01,"CPI_Overall",44,326.458405173073
2025-12-01,"CPI_Overall",44,326.457827155928
2025-01-01,"CPI_Apparel",44.5,123.977317478638
2025-02-01,"CPI_Apparel",44.5,123.999773708984
2025-03-01,"CPI_Apparel",44.5,123.999773708984
2025-04-01,"CPI_Apparel",44.5,123.999773708984
2025-05-01,"CPI_Apparel",44.5,123.999773708984
2025-06-01,"CPI_Apparel",44.5,123.999773708984
2025-07-01,"CPI_Apparel",44.5,123.999773708984
2025-08-01,"CPI_Apparel",44.5,123.999773708984
2025-09-01,"CPI_Apparel",44.5,123.999773708984
2025-10-01,"CPI_Apparel",44.5,123.999773708984
2025-11-01,"CPI_Apparel",44.5,123.999773708984
2025-12-01,"CPI_Apparel",44.5,123.999773708984
2025-01-01,"CPI_Food",44.5,330.27382469493
2025-02-01,"CPI_Food",44.5,330.297883105298
2025-03-01,"CPI_Food",44.5,330.295935244109
2025-04-01,"CPI_Food",44.5,330.293987394407
2025-05-01,"CPI_Food",44.5,330.292039556192
2025-06-01,"CPI_Food",44.5,330.290091729463
2025-07-01,"CPI_Food",44.5,330.288143914222
2025-08-01,"CPI_Food",44.5,330.286196110468
2025-09-01,"CPI_Food",44.5,330.2842483182
2025-10-01,"CPI_Food",44.5,330.282300537419
2025-11-01,"CPI_Food",44.5,330.280352768125
2025-12-01,"CPI_Food",44.5,330.278405010317
2025-01-01,"CPI_Durables",44.5,112.415317175799
2025-02-01,"CPI_Durables",44.5,112.193715970618
2025-03-01,"CPI_Durables",44.5,112.66410778019
2025-04-01,"CPI_Durables",44.5,112.38790041135
2025-05-01,"CPI_Durables",44.5,112.535617778569
2025-06-01,"CPI_Durables",44.5,112.243866327838
2025-07-01,"CPI_Durables",44.5,112.386418451126
2025-08-01,"CPI_Durables",44.5,112.228824550115
2025-09-01,"CPI_Durables",44.5,112.432556406918
2025-10-01,"CPI_Durables",44.5,112.355777931948
2025-11-01,"CPI_Durables",44.5,112.483352041281
2025-12-01,"CPI_Durables",44.5,112.360421288959
2025-01-01,"CPI_Overall",44.5,326.221614285985
2025-02-01,"CPI_Overall",44.5,326.283376742626
2025-03-01,"CPI_Overall",44.5,326.497181523732
2025-04-01,"CPI_Overall",44.5,326.496603437932
2025-05-01,"CPI_Overall",44.5,326.496025353155
2025-06-01,"CPI_Overall",44.5,326.495447269402
2025-07-01,"CPI_Overall",44.5,326.494869186672
2025-08-01,"CPI_Overall",44.5,326.494291104966
2025-09-01,"CPI_Overall",44.5,326.493713024283
2025-10-01,"CPI_Overall",44.5,326.493134944624
2025-11-01,"CPI_Overall",44.5,326.492556865988
2025-12-01,"CPI_Overall",44.5,326.491978788376
2025-01-01,"CPI_Apparel",45,123.943550772983
2025-02-01,"CPI_Apparel",45,123.966000887106
2025-03-01,"CPI_Apparel",45,123.966000887106
2025-04-01,"CPI_Apparel",45,123.966000887106
2025-05-01,"CPI_Apparel",45,123.966000887106
2025-06-01,"CPI_Apparel",45,123.966000887106
2025-07-01,"CPI_Apparel",45,123.966000887106
2025-08-01,"CPI_Apparel",45,123.966000887106
2025-09-01,"CPI_Apparel",45,123.966000887106
2025-10-01,"CPI_Apparel",45,123.966000887106
2025-11-01,"CPI_Apparel",45,123.966000887106
2025-12-01,"CPI_Apparel",45,123.966000887106
2025-01-01,"CPI_Food",45,330.251987470676
2025-02-01,"CPI_Food",45,330.276044290336
2025-03-01,"CPI_Food",45,330.274096557937
2025-04-01,"CPI_Food",45,330.272148837024
2025-05-01,"CPI_Food",45,330.270201127597
2025-06-01,"CPI_Food",45,330.268253429657
2025-07-01,"CPI_Food",45,330.266305743202
2025-08-01,"CPI_Food",45,330.264358068234
2025-09-01,"CPI_Food",45,330.262410404751
2025-10-01,"CPI_Food",45,330.260462752755
2025-11-01,"CPI_Food",45,330.258515112244
2025-12-01,"CPI_Food",45,330.256567483219
2025-01-01,"CPI_Durables",45,112.374634503633
2025-02-01,"CPI_Durables",45,112.153113495079
2025-03-01,"CPI_Durables",45,112.623335071658
2025-04-01,"CPI_Durables",45,112.347227661206
2025-05-01,"CPI_Durables",45,112.494891570076
2025-06-01,"CPI_Durables",45,112.203245703077
2025-07-01,"CPI_Durables",45,112.345746237298
2025-08-01,"CPI_Durables",45,112.188209368915
2025-09-01,"CPI_Durables",45,112.391867495941
2025-10-01,"CPI_Durables",45,112.315116806806
2025-11-01,"CPI_Durables",45,112.442644747558
2025-12-01,"CPI_Durables",45,112.319758483404
2025-01-01,"CPI_Overall",45,326.255359873481
2025-02-01,"CPI_Overall",45,326.317128719063
2025-03-01,"CPI_Overall",45,326.530955616937
2025-04-01,"CPI_Overall",45,326.530377471338
2025-05-01,"CPI_Overall",45,326.529799326762
2025-06-01,"CPI_Overall",45,326.529221183209
2025-07-01,"CPI_Overall",45,326.52864304068
2025-08-01,"CPI_Overall",45,326.528064899175
2025-09-01,"CPI_Overall",45,326.527486758694
2025-10-01,"CPI_Overall",45,326.526908619236
2025-11-01,"CPI_Overall",45,326.526330480802
2025-12-01,"CPI_Overall",45,326.525752343391
2025-01-01,"CPI_Apparel",45.5,123.910166232634
2025-02-01,"CPI_Apparel",45.5,123.932610299757
2025-03-01,"CPI_Apparel",45.5,123.932610299757
2025-04-01,"CPI_Apparel",45.5,123.932610299757
2025-05-01,"CPI_Apparel",45.5,123.932610299757
2025-06-01,"CPI_Apparel",45.5,123.932610299757
2025-07-01,"CPI_Apparel",45.5,123.932610299757
2025-08-01,"CPI_Apparel",45.5,123.932610299757
2025-09-01,"CPI_Apparel",45.5,123.932610299757
2025-10-01,"CPI_Apparel",45.5,123.932610299757
2025-11-01,"CPI_Apparel",45.5,123.932610299757
2025-12-01,"CPI_Apparel",45.5,123.932610299757
2025-01-01,"CPI_Food",45.5,330.230392966657
2025-02-01,"CPI_Food",45.5,330.254448213292
2025-03-01,"CPI_Food",45.5,330.25250060825
2025-04-01,"CPI_Food",45.5,330.250553014695
2025-05-01,"CPI_Food",45.5,330.248605432625
2025-06-01,"CPI_Food",45.5,330.24665786204
2025-07-01,"CPI_Food",45.5,330.244710302941
2025-08-01,"CPI_Food",45.5,330.242762755327
2025-09-01,"CPI_Food",45.5,330.240815219198
2025-10-01,"CPI_Food",45.5,330.238867694555
2025-11-01,"CPI_Food",45.5,330.236920181396
2025-12-01,"CPI_Food",45.5,330.234972679723
2025-01-01,"CPI_Durables",45.5,112.334415852745
2025-02-01,"CPI_Durables",45.5,112.112974126105
2025-03-01,"CPI_Durables",45.5,112.583027411348
2025-04-01,"CPI_Durables",45.5,112.307018819171
2025-05-01,"CPI_Durables",45.5,112.454629879432
2025-06-01,"CPI_Durables",45.5,112.163088391889
2025-07-01,"CPI_Durables",45.5,112.305537925461
2025-08-01,"CPI_Durables",45.5,112.1480574392
2025-09-01,"CPI_Durables",45.5,112.3516426774
2025-10-01,"CPI_Durables",45.5,112.27491945718
2025-11-01,"CPI_Durables",45.5,112.402401755943
2025-12-01,"CPI_Durables",45.5,112.279559472531
2025-01-01,"CPI_Overall",45.5,326.28873600705
2025-02-01,"CPI_Overall",45.5,326.350511171625
2025-03-01,"CPI_Overall",45.5,326.564359944128
2025-04-01,"CPI_Overall",45.5,326.563781739384
2025-05-01,"CPI_Overall",45.5,326.563203535663
2025-06-01,"CPI_Overall",45.5,326.562625332967
2025-07-01,"CPI_Overall",45.5,326.562047131293
2025-08-01,"CPI_Overall",45.5,326.561468930644
2025-09-01,"CPI_Overall",45.5,326.560890731018
2025-10-01,"CPI_Overall",45.5,326.560312532417
2025-11-01,"CPI_Overall",45.5,326.559734334838
2025-12-01,"CPI_Overall",45.5,326.559156138284
2025-01-01,"CPI_Apparel",46,123.877155403302
2025-02-01,"CPI_Apparel",46,123.899593491114
2025-03-01,"CPI_Apparel",46,123.899593491114
2025-04-01,"CPI_Apparel",46,123.899593491114
2025-05-01,"CPI_Apparel",46,123.899593491114
2025-06-01,"CPI_Apparel",46,123.899593491114
2025-07-01,"CPI_Apparel",46,123.899593491114
2025-08-01,"CPI_Apparel",46,123.899593491114
2025-09-01,"CPI_Apparel",46,123.899593491114
2025-10-01,"CPI_Apparel",46,123.899593491114
2025-11-01,"CPI_Apparel",46,123.899593491114
2025-12-01,"CPI_Apparel",46,123.899593491114
2025-01-01,"CPI_Food",46,330.209035861828
2025-02-01,"CPI_Food",46,330.233089552729
2025-03-01,"CPI_Food",46,330.231142073646
2025-04-01,"CPI_Food",46,330.229194606048
2025-05-01,"CPI_Food",46,330.227247149935
2025-06-01,"CPI_Food",46,330.225299705306
2025-07-01,"CPI_Food",46,330.223352272162
2025-08-01,"CPI_Food",46,330.221404850502
2025-09-01,"CPI_Food",46,330.219457440327
2025-10-01,"CPI_Food",46,330.217510041637
2025-11-01,"CPI_Food",46,330.215562654431
2025-12-01,"CPI_Food",46,330.213615278709
2025-01-01,"CPI_Durables",46,112.294650917829
2025-02-01,"CPI_Durables",46,112.073287578705
2025-03-01,"CPI_Durables",46,112.543174471145
2025-04-01,"CPI_Durables",46,112.267263582451
2025-05-01,"CPI_Durables",46,112.4148223903
2025-06-01,"CPI_Durables",46,112.123384104685
2025-07-01,"CPI_Durables",46,112.265783212959
2025-08-01,"CPI_Durables",46,112.10835847276
2025-09-01,"CPI_Durables",46,112.311871644411
2025-10-01,"CPI_Durables",46,112.235175583221
2025-11-01,"CPI_Durables",46,112.362612754894
2025-12-01,"CPI_Durables",46,112.239813956067
2025-01-01,"CPI_Overall",46,326.321750725458
2025-02-01,"CPI_Overall",46,326.3835321406
2025-03-01,"CPI_Overall",46,326.597402550862
2025-04-01,"CPI_Overall",46,326.596824287614
2025-05-01,"CPI_Overall",46,326.596246025389
2025-06-01,"CPI_Overall",46,326.595667764188
2025-07-01,"CPI_Overall",46,326.595089504011
2025-08-01,"CPI_Overall",46,326.594511244858
2025-09-01,"CPI_Overall",46,326.593932986729
2025-10-01,"CPI_Overall",46,326.593354729623
2025-11-01,"CPI_Overall",46,326.592776473542
2025-12-01,"CPI_Overall",46,326.592198218484
2025-01-01,"CPI_Apparel",46.5,123.844510107091
2025-02-01,"CPI_Apparel",46.5,123.866942281803
2025-03-01,"CPI_Apparel",46.5,123.866942281803
2025-04-01,"CPI_Apparel",46.5,123.866942281803
2025-05-01,"CPI_Apparel",46.5,123.866942281803
2025-06-01,"CPI_Apparel",46.5,123.866942281803
2025-07-01,"CPI_Apparel",46.5,123.866942281803
2025-08-01,"CPI_Apparel",46.5,123.866942281803
2025-09-01,"CPI_Apparel",46.5,123.866942281803
2025-10-01,"CPI_Apparel",46.5,123.866942281803
2025-11-01,"CPI_Apparel",46.5,123.866942281803
2025-12-01,"CPI_Apparel",46.5,123.866942281803
2025-01-01,"CPI_Food",46.5,330.187911008059
2025-02-01,"CPI_Food",46.5,330.211963160145
2025-03-01,"CPI_Food",46.5,330.21001580565
2025-04-01,"CPI_Food",46.5,330.20806846264
2025-05-01,"CPI_Food",46.5,330.206121131113
2025-06-01,"CPI_Food",46.5,330.204173811071
2025-07-01,"CPI_Food",46.5,330.202226502512
2025-08-01,"CPI_Food",46.5,330.200279205437
2025-09-01,"CPI_Food",46.5,330.198331919846
2025-10-01,"CPI_Food",46.5,330.196384645739
2025-11-01,"CPI_Food",46.5,330.194437383115
2025-12-01,"CPI_Food",46.5,330.192490131975
2025-01-01,"CPI_Durables",46.5,112.255329731367
2025-02-01,"CPI_Durables",46.5,112.034043905011
2025-03-01,"CPI_Durables",46.5,112.503766261474
2025-04-01,"CPI_Durables",46.5,112.227951985961
2025-05-01,"CPI_Durables",46.5,112.375459124498
2025-06-01,"CPI_Durables",46.5,112.08412288915
2025-07-01,"CPI_Durables",46.5,112.226472134837
2025-08-01,"CPI_Durables",46.5,112.069102518613
2025-09-01,"CPI_Durables",46.5,112.272544427925
2025-10-01,"CPI_Durables",46.5,112.19587522269
2025-11-01,"CPI_Durables",46.5,112.32326777086
2025-12-01,"CPI_Durables",46.5,112.20051197136
2025-01-01,"CPI_Overall",46.5,326.354411807536
2025-02-01,"CPI_Overall",46.5,326.416199406292
2025-03-01,"CPI_Overall",46.5,326.630091222541
2025-04-01,"CPI_Overall",46.5,326.629512901415
2025-05-01,"CPI_Overall",46.5,326.628934581313
2025-06-01,"CPI_Overall",46.5,326.628356262235
2025-07-01,"CPI_Overall",46.5,326.62777794418
2025-08-01,"CPI_Overall",46.5,326.62719962715
2025-09-01,"CPI_Overall",46.5,326.626621311144
2025-10-01,"CPI_Overall",46.5,326.626042996161
2025-11-01,"CPI_Overall",46.5,326.625464682203
2025-12-01,"CPI_Overall",46.5,326.624886369268
2025-01-01,"CPI_Apparel",47,123.812222430609
2025-02-01,"CPI_Apparel",47,123.834648756997
2025-03-01,"CPI_Apparel",47,123.834648756997
2025-04-01,"CPI_Apparel",47,123.834648756997
2025-05-01,"CPI_Apparel",47,123.834648756997
2025-06-01,"CPI_Apparel",47,123.834648756997
2025-07-01,"CPI_Apparel",47,123.834648756997
2025-08-01,"CPI_Apparel",47,123.834648756997
2025-09-01,"CPI_Apparel",47,123.834648756997
2025-10-01,"CPI_Apparel",47,123.834648756997
2025-11-01,"CPI_Apparel",47,123.834648756997
2025-12-01,"CPI_Apparel",47,123.834648756997
2025-01-01,"CPI_Food",47,330.167013422727
2025-02-01,"CPI_Food",47,330.191064052552
2025-03-01,"CPI_Food",47,330.189116821306
2025-04-01,"CPI_Food",47,330.187169601542
2025-05-01,"CPI_Food",47,330.185222393263
2025-06-01,"CPI_Food",47,330.183275196466
2025-07-01,"CPI_Food",47,330.181328011152
2025-08-01,"CPI_Food",47,330.179380837322
2025-09-01,"CPI_Food",47,330.177433674975
2025-10-01,"CPI_Food",47,330.17548652411
2025-11-01,"CPI_Food",47,330.173539384729
2025-12-01,"CPI_Food",47,330.17159225683
2025-01-01,"CPI_Durables",47,112.216442649065
2025-02-01,"CPI_Durables",47,111.995233479739
2025-03-01,"CPI_Durables",47,112.464793116694
2025-04-01,"CPI_Durables",47,112.189074387758
2025-05-01,"CPI_Durables",47,112.336530427409
2025-06-01,"CPI_Durables",47,112.045295115699
2025-07-01,"CPI_Durables",47,112.187595049278
2025-08-01,"CPI_Durables",47,112.030279948463
2025-09-01,"CPI_Durables",47,112.233651382171
2025-10-01,"CPI_Durables",47,112.157008736403
2025-11-01,"CPI_Durables",47,112.28435715371
2025-12-01,"CPI_Durables",47,112.161643878827
2025-01-01,"CPI_Overall",47,326.386726783274
2025-02-01,"CPI_Overall",47,326.448520500118
2025-03-01,"CPI_Overall",47,326.662433495516
2025-04-01,"CPI_Overall",47,326.661855117126
2025-05-01,"CPI_Overall",47,326.66127673976
2025-06-01,"CPI_Overall",47,326.660698363417
2025-07-01,"CPI_Overall",47,326.660119988099
2025-08-01,"CPI_Overall",47,326.659541613805
2025-09-01,"CPI_Overall",47,326.658963240535
2025-10-01,"CPI_Overall",47,326.658384868289
2025-11-01,"CPI_Overall",47,326.657806497067
2025-12-01,"CPI_Overall",47,326.657228126869
2025-01-01,"CPI_Apparel",47.5,123.780284713699
2025-02-01,"CPI_Apparel",47.5,123.802705255152
2025-03-01,"CPI_Apparel",47.5,123.802705255152
2025-04-01,"CPI_Apparel",47.5,123.802705255152
2025-05-01,"CPI_Apparel",47.5,123.802705255152
2025-06-01,"CPI_Apparel",47.5,123.802705255152
2025-07-01,"CPI_Apparel",47.5,123.802705255152
2025-08-01,"CPI_Apparel",47.5,123.802705255152
2025-09-01,"CPI_Apparel",47.5,123.802705255152
2025-10-01,"CPI_Apparel",47.5,123.802705255152
2025-11-01,"CPI_Apparel",47.5,123.802705255152
2025-12-01,"CPI_Apparel",47.5,123.802705255152
2025-01-01,"CPI_Food",47.5,330.146338281701
2025-02-01,"CPI_Food",47.5,330.17038740547
2025-03-01,"CPI_Food",47.5,330.168440296159
2025-04-01,"CPI_Food",47.5,330.166493198332
2025-05-01,"CPI_Food",47.5,330.164546111986
2025-06-01,"CPI_Food",47.5,330.162599037124
2025-07-01,"CPI_Food",47.5,330.160651973743
2025-08-01,"CPI_Food",47.5,330.158704921845
2025-09-01,"CPI_Food",47.5,330.15675788143
2025-10-01,"CPI_Food",47.5,330.154810852497
2025-11-01,"CPI_Food",47.5,330.152863835045
2025-12-01,"CPI_Food",47.5,330.150916829076
2025-01-01,"CPI_Durables",47.5,112.177980336062
2025-02-01,"CPI_Durables",47.5,111.956846986429
2025-03-01,"CPI_Durables",47.5,112.426245681286
2025-04-01,"CPI_Durables",47.5,112.150621455257
2025-05-01,"CPI_Durables",47.5,112.298026954183
2025-06-01,"CPI_Durables",47.5,112.006891463706
2025-07-01,"CPI_Durables",47.5,112.149142623822
2025-08-01,"CPI_Durables",47.5,111.991881442936
2025-09-01,"CPI_Durables",47.5,112.195183170854
2025-10-01,"CPI_Durables",47.5,112.11856679444
2025-11-01,"CPI_Durables",47.5,112.245871562933
2025-12-01,"CPI_Durables",47.5,112.123200348164
2025-01-01,"CPI_Overall",47.5,326.418702944334
2025-02-01,"CPI_Overall",47.5,326.480502715118
2025-03-01,"CPI_Overall",47.5,326.694436667608
2025-04-01,"CPI_Overall",47.5,326.693858232554
2025-05-01,"CPI_Overall",47.5,326.693279798524
2025-06-01,"CPI_Overall",47.5,326.692701365518
2025-07-01,"CPI_Overall",47.5,326.692122933536
2025-08-01,"CPI_Overall",47.5,326.691544502579
2025-09-01,"CPI_Overall",47.5,326.690966072645
2025-10-01,"CPI_Overall",47.5,326.690387643736
2025-11-01,"CPI_Overall",47.5,326.689809215851
2025-12-01,"CPI_Overall",47.5,326.68923078899
2025-01-01,"CPI_Apparel",48,123.74868953877
2025-02-01,"CPI_Apparel",48,123.771104357333
2025-03-01,"CPI_Apparel",48,123.771104357333
2025-04-01,"CPI_Apparel",48,123.771104357333
2025-05-01,"CPI_Apparel",48,123.771104357333
2025-06-01,"CPI_Apparel",48,123.771104357333
2025-07-01,"CPI_Apparel",48,123.771104357333
2025-08-01,"CPI_Apparel",48,123.771104357333
2025-09-01,"CPI_Apparel",48,123.771104357333
2025-10-01,"CPI_Apparel",48,123.771104357333
2025-11-01,"CPI_Apparel",48,123.771104357333
2025-12-01,"CPI_Apparel",48,123.771104357333
2025-01-01,"CPI_Food",48,330.125880912694
2025-02-01,"CPI_Food",48,330.14992854627
2025-03-01,"CPI_Food",48,330.147981557611
2025-04-01,"CPI_Food",48,330.146034580434
2025-05-01,"CPI_Food",48,330.144087614739
2025-06-01,"CPI_Food",48,330.142140660526
2025-07-01,"CPI_Food",48,330.140193717795
2025-08-01,"CPI_Food",48,330.138246786545
2025-09-01,"CPI_Food",48,330.136299866777
2025-10-01,"CPI_Food",48,330.13435295849
2025-11-01,"CPI_Food",48,330.132406061685
2025-12-01,"CPI_Food",48,330.130459176362
2025-01-01,"CPI_Durables",48,112.139933753863
2025-02-01,"CPI_Durables",48,111.918875404405
2025-03-01,"CPI_Durables",48,112.388114896753
2025-04-01,"CPI_Durables",48,112.11258415217
2025-05-01,"CPI_Durables",48,112.259939656654
2025-06-01,"CPI_Durables",48,111.968902908465
2025-07-01,"CPI_Durables",48,112.111105822299
2025-08-01,"CPI_Durables",48,111.953897978533
2025-09-01,"CPI_Durables",48,112.157130754097
2025-10-01,"CPI_Durables",48,112.080540363096
2025-11-01,"CPI_Durables",48,112.207801954565
2025-12-01,"CPI_Durables",48,112.085172345292
2025-01-01,"CPI_Overall",48,326.450347354006
2025-02-01,"CPI_Overall",48,326.512153115921
2025-03-01,"CPI_Overall",48,326.726107808073
2025-04-01,"CPI_Overall",48,326.725529316943
2025-05-01,"CPI_Overall",48,326.724950826837
2025-06-01,"CPI_Overall",48,326.724372337756
2025-07-01,"CPI_Overall",48,326.723793849698
2025-08-01,"CPI_Overall",48,326.723215362665
2025-09-01,"CPI_Overall",48,326.722636876656
2025-10-01,"CPI_Overall",48,326.722058391672
2025-11-01,"CPI_Overall",48,326.721479907711
2025-12-01,"CPI_Overall",48,326.720901424775
2025-01-01,"CPI_Apparel",48.5,123.717429720684
2025-02-01,"CPI_Apparel",48.5,123.739838877102
2025-03-01,"CPI_Apparel",48.5,123.739838877102
2025-04-01,"CPI_Apparel",48.5,123.739838877102
2025-05-01,"CPI_Apparel",48.5,123.739838877102
2025-06-01,"CPI_Apparel",48.5,123.739838877102
2025-07-01,"CPI_Apparel",48.5,123.739838877102
2025-08-01,"CPI_Apparel",48.5,123.739838877102
2025-09-01,"CPI_Apparel",48.5,123.739838877102
2025-10-01,"CPI_Apparel",48.5,123.739838877102
2025-11-01,"CPI_Apparel",48.5,123.739838877102
2025-12-01,"CPI_Apparel",48.5,123.739838877102
2025-01-01,"CPI_Food",48.5,330.105636788957
2025-02-01,"CPI_Food",48.5,330.129682947874
2025-03-01,"CPI_Food",48.5,330.127736078609
2025-04-01,"CPI_Food",48.5,330.125789220826
2025-05-01,"CPI_Food",48.5,330.123842374523
2025-06-01,"CPI_Food",48.5,330.121895539702
2025-07-01,"CPI_Food",48.5,330.119948716362
2025-08-01,"CPI_Food",48.5,330.118001904503
2025-09-01,"CPI_Food",48.5,330.116055104125
2025-10-01,"CPI_Food",48.5,330.114108315227
2025-11-01,"CPI_Food",48.5,330.112161537811
2025-12-01,"CPI_Food",48.5,330.110214771875
2025-01-01,"CPI_Durables",48.5,112.102294147963
2025-02-01,"CPI_Durables",48.5,111.881309996419
2025-03-01,"CPI_Durables",48.5,112.350391989212
2025-04-01,"CPI_Durables",48.5,112.074953726123
2025-05-01,"CPI_Durables",48.5,112.222259770947
2025-06-01,"CPI_Durables",48.5,111.931320708819
2025-07-01,"CPI_Durables",48.5,112.073475892452
2025-08-01,"CPI_Durables",48.5,111.916320815271
2025-09-01,"CPI_Durables",48.5,112.119485376048
2025-10-01,"CPI_Durables",48.5,112.042920692501
2025-11-01,"CPI_Durables",48.5,112.170139568802
2025-12-01,"CPI_Durables",48.5,112.047551119979
2025-01-01,"CPI_Overall",48.5,326.481666856655
2025-02-01,"CPI_Overall",48.5,326.543478548187
2025-03-01,"CPI_Overall",48.5,326.757453767058
2025-04-01,"CPI_Overall",48.5,326.756875220428
2025-05-01,"CPI_Overall",48.5,326.756296674822
2025-06-01,"CPI_Overall",48.5,326.755718130241
2025-07-01,"CPI_Overall",48.5,326.755139586683
2025-08-01,"CPI_Overall",48.5,326.75456104415
2025-09-01,"CPI_Overall",48.5,326.753982502642
2025-10-01,"CPI_Overall",48.5,326.753403962158
2025-11-01,"CPI_Overall",48.5,326.752825422698
2025-12-01,"CPI_Overall",48.5,326.752246884262
2025-01-01,"CPI_Apparel",49,123.686498297161
2025-02-01,"CPI_Apparel",49,123.708901850915
2025-03-01,"CPI_Apparel",49,123.708901850915
2025-04-01,"CPI_Apparel",49,123.708901850915
2025-05-01,"CPI_Apparel",49,123.708901850915
2025-06-01,"CPI_Apparel",49,123.708901850915
2025-07-01,"CPI_Apparel",49,123.708901850915
2025-08-01,"CPI_Apparel",49,123.708901850915
2025-09-01,"CPI_Apparel",49,123.708901850915
2025-10-01,"CPI_Apparel",49,123.708901850915
2025-11-01,"CPI_Apparel",49,123.708901850915
2025-12-01,"CPI_Apparel",49,123.708901850915
2025-01-01,"CPI_Food",49,330.085601523304
2025-02-01,"CPI_Food",49,330.109646222775
2025-03-01,"CPI_Food",49,330.107699471672
2025-04-01,"CPI_Food",49,330.105752732051
2025-05-01,"CPI_Food",49,330.103806003909
2025-06-01,"CPI_Food",49,330.101859287248
2025-07-01,"CPI_Food",49,330.099912582068
2025-08-01,"CPI_Food",49,330.097965888367
2025-09-01,"CPI_Food",49,330.096019206147
2025-10-01,"CPI_Food",49,330.094072535407
2025-11-01,"CPI_Food",49,330.092125876148
2025-12-01,"CPI_Food",49,330.090179228368
2025-01-01,"CPI_Durables",49,112.065053036096
2025-02-01,"CPI_Durables",49,111.844142296925
2025-03-01,"CPI_Durables",49,112.313068457627
2025-04-01,"CPI_Durables",49,112.037721696923
2025-05-01,"CPI_Durables",49,112.184978805719
2025-06-01,"CPI_Durables",49,111.894136395442
2025-07-01,"CPI_Durables",49,112.036244354197
2025-08-01,"CPI_Durables",49,111.879141484956
2025-09-01,"CPI_Durables",49,112.082238553143
2025-10-01,"CPI_Durables",49,112.005699304883
2025-11-01,"CPI_Durables",49,112.132875918245
2025-12-01,"CPI_Durables",49,112.010328194102
2025-01-01,"CPI_Overall",49,326.512668086682
2025-02-01,"CPI_Overall",49,326.574485647575
2025-03-01,"CPI_Overall",49,326.78848118457
2025-04-01,"CPI_Overall",49,326.787902583004
2025-05-01,"CPI_Overall",49,326.787323982462
2025-06-01,"CPI_Overall",49,326.786745382944
2025-07-01,"CPI_Overall",49,326.786166784451
2025-08-01,"CPI_Overall",49,326.785588186982
2025-09-01,"CPI_Overall",49,326.785009590538
2025-10-01,"CPI_Overall",49,326.784430995118
2025-11-01,"CPI_Overall",49,326.783852400723
2025-12-01,"CPI_Overall",49,326.783273807352
2025-01-01,"CPI_Apparel",49.5,123.655888519672
2025-02-01,"CPI_Apparel",49.5,123.678286529024
2025-03-01,"CPI_Apparel",49.5,123.678286529024
2025-04-01,"CPI_Apparel",49.5,123.678286529024
2025-05-01,"CPI_Apparel",49.5,123.678286529024
2025-06-01,"CPI_Apparel",49.5,123.678286529024
2025-07-01,"CPI_Apparel",49.5,123.678286529024
2025-08-01,"CPI_Apparel",49.5,123.678286529024
2025-09-01,"CPI_Apparel",49.5,123.678286529024
2025-10-01,"CPI_Apparel",49.5,123.678286529024
2025-11-01,"CPI_Apparel",49.5,123.678286529024
2025-12-01,"CPI_Apparel",49.5,123.678286529024
2025-01-01,"CPI_Food",49.5,330.06577086243
2025-02-01,"CPI_Food",49.5,330.089814117359
2025-03-01,"CPI_Food",49.5,330.087867483213
2025-04-01,"CPI_Food",49.5,330.085920860546
2025-05-01,"CPI_Food",49.5,330.083974249359
2025-06-01,"CPI_Food",49.5,330.082027649651
2025-07-01,"CPI_Food",49.5,330.080081061424
2025-08-01,"CPI_Food",49.5,330.078134484675
2025-09-01,"CPI_Food",49.5,330.076187919407
2025-10-01,"CPI_Food",49.5,330.074241365618
2025-11-01,"CPI_Food",49.5,330.072294823308
2025-12-01,"CPI_Food",49.5,330.070348292477
2025-01-01,"CPI_Durables",49.5,112.028202197097
2025-02-01,"CPI_Durables",49.5,111.807364100966
2025-03-01,"CPI_Durables",49.5,112.276136062638
2025-04-01,"CPI_Durables",49.5,112.000879845407
2025-05-01,"CPI_Durables",49.5,112.148088531008
2025-06-01,"CPI_Durables",49.5,111.857341759706
2025-07-01,"CPI_Durables",49.5,111.999402988482
2025-08-01,"CPI_Durables",49.5,111.842351780061
2025-09-01,"CPI_Durables",49.5,112.045382062956
2025-10-01,"CPI_Durables",49.5,111.96886798343
2025-11-01,"CPI_Durables",49.5,112.096002776752
2025-12-01,"CPI_Durables",49.5,111.973495350511
2025-01-01,"CPI_Overall",49.5,326.543357477035
2025-02-01,"CPI_Overall",49.5,326.605180848248
2025-03-01,"CPI_Overall",49.5,326.819196498988
2025-04-01,"CPI_Overall",49.5,326.818617843038
2025-05-01,"CPI_Overall",49.5,326.818039188112
2025-06-01,"CPI_Overall",49.5,326.817460534211
2025-07-01,"CPI_Overall",49.5,326.816881881335
2025-08-01,"CPI_Overall",49.5,326.816303229483
2025-09-01,"CPI_Overall",49.5,326.815724578656
2025-10-01,"CPI_Overall",49.5,326.815145928853
2025-11-01,"CPI_Overall",49.5,326.814567280075
2025-12-01,"CPI_Overall",49.5,326.813988632321
2025-01-01,"CPI_Apparel",50,123.6255938448
2025-02-01,"CPI_Apparel",50,123.647986366823
2025-03-01,"CPI_Apparel",50,123.647986366823
2025-04-01,"CPI_Apparel",50,123.647986366823
2025-05-01,"CPI_Apparel",50,123.647986366823
2025-06-01,"CPI_Apparel",50,123.647986366823
2025-07-01,"CPI_Apparel",50,123.647986366823
2025-08-01,"CPI_Apparel",50,123.647986366823
2025-09-01,"CPI_Apparel",50,123.647986366823
2025-10-01,"CPI_Apparel",50,123.647986366823
2025-11-01,"CPI_Apparel",50,123.647986366823
2025-12-01,"CPI_Apparel",50,123.647986366823
2025-01-01,"CPI_Food",50,330.046140681525
2025-02-01,"CPI_Food",50,330.070182506517
2025-03-01,"CPI_Food",50,330.068235988144
2025-04-01,"CPI_Food",50,330.066289481249
2025-05-01,"CPI_Food",50,330.064342985834
2025-06-01,"CPI_Food",50,330.062396501898
2025-07-01,"CPI_Food",50,330.060450029441
2025-08-01,"CPI_Food",50,330.058503568462
2025-09-01,"CPI_Food",50,330.056557118963
2025-10-01,"CPI_Food",50,330.054610680942
2025-11-01,"CPI_Food",50,330.0526642544
2025-12-01,"CPI_Food",50,330.050717839337
2025-01-01,"CPI_Durables",50,111.991733660319
2025-02-01,"CPI_Durables",50,111.770967453606
2025-03-01,"CPI_Durables",50,112.239586815957
2025-04-01,"CPI_Durables",50,111.964420202873
2025-05-01,"CPI_Durables",50,112.111580967635
2025-06-01,"CPI_Durables",50,111.82092884312
2025-07-01,"CPI_Durables",50,111.962943826709
2025-08-01,"CPI_Durables",50,111.805943743163
2025-09-01,"CPI_Durables",50,112.008907933617
2025-10-01,"CPI_Durables",50,111.932418761716
2025-11-01,"CPI_Durables",50,112.059512168854
2025-12-01,"CPI_Durables",50,111.937044622451
2025-01-01,"CPI_Overall",50,326.573741267282
2025-02-01,"CPI_Overall",50,326.635570390958
2025-03-01,"CPI_Overall",50,326.849605955153
2025-04-01,"CPI_Overall",50,326.849027245361
2025-05-01,"CPI_Overall",50,326.848448536594
2025-06-01,"CPI_Overall",50,326.847869828851
2025-07-01,"CPI_Overall",50,326.847291122133
2025-08-01,"CPI_Overall",50,326.846712416439
2025-09-01,"CPI_Overall",50,326.84613371177
2025-10-01,"CPI_Overall",50,326.845555008126
2025-11-01,"CPI_Overall",50,326.844976305506
2025-12-01,"CPI_Overall",50,326.844397603911
2025-01-01,"CPI_Apparel",50.5,123.595607926019
2025-02-01,"CPI_Apparel",50.5,123.61799501664
2025-03-01,"CPI_Apparel",50.5,123.61799501664
2025-04-01,"CPI_Apparel",50.5,123.61799501664
2025-05-01,"CPI_Apparel",50.5,123.61799501664
2025-06-01,"CPI_Apparel",50.5,123.61799501664
2025-07-01,"CPI_Apparel",50.5,123.61799501664
2025-08-01,"CPI_Apparel",50.5,123.61799501664
2025-09-01,"CPI_Apparel",50.5,123.61799501664
2025-10-01,"CPI_Apparel",50.5,123.61799501664
2025-11-01,"CPI_Apparel",50.5,123.61799501664
2025-12-01,"CPI_Apparel",50.5,123.61799501664
2025-01-01,"CPI_Food",50.5,330.026706979152
2025-02-01,"CPI_Food",50.5,330.050747388519
2025-03-01,"CPI_Food",50.5,330.04880098476
2025-04-01,"CPI_Food",50.5,330.046854592479
2025-05-01,"CPI_Food",50.5,330.044908211677
2025-06-01,"CPI_Food",50.5,330.042961842353
2025-07-01,"CPI_Food",50.5,330.041015484508
2025-08-01,"CPI_Food",50.5,330.039069138141
2025-09-01,"CPI_Food",50.5,330.037122803252
2025-10-01,"CPI_Food",50.5,330.035176479841
2025-11-01,"CPI_Food",50.5,330.033230167908
2025-12-01,"CPI_Food",50.5,330.031283867453
2025-01-01,"CPI_Durables",50.5,111.955639695582
2025-02-01,"CPI_Durables",50.5,111.734944639903
2025-03-01,"CPI_Durables",50.5,112.203412970298
2025-04-01,"CPI_Durables",50.5,111.928335041027
2025-05-01,"CPI_Durables",50.5,112.075448377151
2025-06-01,"CPI_Durables",50.5,111.784889927295
2025-07-01,"CPI_Durables",50.5,111.926859140687
2025-08-01,"CPI_Durables",50.5,111.769909656906
2025-09-01,"CPI_Durables",50.5,111.972808433761
2025-10-01,"CPI_Durables",50.5,111.896343913657
2025-11-01,"CPI_Durables",50.5,112.023396359692
2025-12-01,"CPI_Durables",50.5,111.900968283517
2025-01-01,"CPI_Overall",50.5,326.603825511299
2025-02-01,"CPI_Overall",50.5,326.665660330725
2025-03-01,"CPI_Overall",50.5,326.879715612055
2025-04-01,"CPI_Overall",50.5,326.879136848951
2025-05-01,"CPI_Overall",50.5,326.878558086873
2025-06-01,"CPI_Overall",50.5,326.877979325819
2025-07-01,"CPI_Overall",50.5,326.87740056579
2025-08-01,"CPI_Overall",50.5,326.876821806785
2025-09-01,"CPI_Overall",50.5,326.876243048806
2025-10-01,"CPI_Overall",50.5,326.875664291851
2025-11-01,"CPI_Overall",50.5,326.87508553592
2025-12-01,"CPI_Overall",50.5,326.874506781015
2025-01-01,"CPI_Apparel",51,123.565924605897
2025-02-01,"CPI_Apparel",51,123.588306319926
2025-03-01,"CPI_Apparel",51,123.588306319926
2025-04-01,"CPI_Apparel",51,123.588306319926
2025-05-01,"CPI_Apparel",51,123.588306319926
2025-06-01,"CPI_Apparel",51,123.588306319926
2025-07-01,"CPI_Apparel",51,123.588306319926
2025-08-01,"CPI_Apparel",51,123.588306319926
2025-09-01,"CPI_Apparel",51,123.588306319926
2025-10-01,"CPI_Apparel",51,123.588306319926
2025-11-01,"CPI_Apparel",51,123.588306319926
2025-12-01,"CPI_Apparel",51,123.588306319926
2025-01-01,"CPI_Food",51,330.007465872376
2025-02-01,"CPI_Food",51,330.031504880147
2025-03-01,"CPI_Food",51,330.029558589866
2025-04-01,"CPI_Food",51,330.027612311064
2025-05-01,"CPI_Food",51,330.025666043739
2025-06-01,"CPI_Food",51,330.023719787891
2025-07-01,"CPI_Food",51,330.021773543522
2025-08-01,"CPI_Food",51,330.01982731063
2025-09-01,"CPI_Food",51,330.017881089215
2025-10-01,"CPI_Food",51,330.015934879278
2025-11-01,"CPI_Food",51,330.013988680819
2025-12-01,"CPI_Food",51,330.012042493836
2025-01-01,"CPI_Durables",51,111.919912803624
2025-02-01,"CPI_Durables",51,111.699288175379
2025-03-01,"CPI_Durables",51,112.167607009799
2025-04-01,"CPI_Durables",51,111.892616862434
2025-05-01,"CPI_Durables",51,112.039683252265
2025-06-01,"CPI_Durables",51,111.749217524405
2025-07-01,"CPI_Durables",51,111.891141433078
2025-08-01,"CPI_Durables",51,111.734242034467
2025-09-01,"CPI_Durables",51,111.937076062975
2025-10-01,"CPI_Durables",51,111.860635943961
2025-11-01,"CPI_Durables",51,111.987647845464
2025-12-01,"CPI_Durables",51,111.865258838109
2025-01-01,"CPI_Overall",51,326.633616084567
2025-02-01,"CPI_Overall",51,326.695456544143
2025-03-01,"CPI_Overall",51,326.909531350135
2025-04-01,"CPI_Overall",51,326.908952534241
2025-05-01,"CPI_Overall",51,326.908373719372
2025-06-01,"CPI_Overall",51,326.907794905527
2025-07-01,"CPI_Overall",51,326.907216092708
2025-08-01,"CPI_Overall",51,326.906637280913
2025-09-01,"CPI_Overall",51,326.906058470143
2025-10-01,"CPI_Overall",51,326.905479660398
2025-11-01,"CPI_Overall",51,326.904900851677
2025-12-01,"CPI_Overall",51,326.904322043982
2025-01-01,"CPI_Apparel",51.5,123.536537908668
2025-02-01,"CPI_Apparel",51.5,123.558914299832
2025-03-01,"CPI_Apparel",51.5,123.558914299832
2025-04-01,"CPI_Apparel",51.5,123.558914299832
2025-05-01,"CPI_Apparel",51.5,123.558914299832
2025-06-01,"CPI_Apparel",51.5,123.558914299832
2025-07-01,"CPI_Apparel",51.5,123.558914299832
2025-08-01,"CPI_Apparel",51.5,123.558914299832
2025-09-01,"CPI_Apparel",51.5,123.558914299832
2025-10-01,"CPI_Apparel",51.5,123.558914299832
2025-11-01,"CPI_Apparel",51.5,123.558914299832
2025-12-01,"CPI_Apparel",51.5,123.558914299832
2025-01-01,"CPI_Food",51.5,329.988413592132
2025-02-01,"CPI_Food",51.5,330.012451212062
2025-03-01,"CPI_Food",51.5,330.010505034147
2025-04-01,"CPI_Food",51.5,330.008558867708
2025-05-01,"CPI_Food",51.5,330.006612712747
2025-06-01,"CPI_Food",51.5,330.004666569263
2025-07-01,"CPI_Food",51.5,330.002720437256
2025-08-01,"CPI_Food",51.5,330.000774316725
2025-09-01,"CPI_Food",51.5,329.998828207672
2025-10-01,"CPI_Food",51.5,329.996882110095
2025-11-01,"CPI_Food",51.5,329.994936023995
2025-12-01,"CPI_Food",51.5,329.992989949371
2025-01-01,"CPI_Durables",51.5,111.884545707014
2025-02-01,"CPI_Durables",51.5,111.663990796948
2025-03-01,"CPI_Durables",51.5,112.132161640926
2025-04-01,"CPI_Durables",51.5,111.85725839144
2025-05-01,"CPI_Durables",51.5,112.004278307761
2025-06-01,"CPI_Durables",51.5,111.71390436812
2025-07-01,"CPI_Durables",51.5,111.855783428325
2025-08-01,"CPI_Durables",51.5,111.698933610491
2025-09-01,"CPI_Durables",51.5,111.901703542713
2025-10-01,"CPI_Durables",51.5,111.825287579053
2025-11-01,"CPI_Durables",51.5,111.952259344336
2025-12-01,"CPI_Durables",51.5,111.829909012349
2025-01-01,"CPI_Overall",51.5,326.663118691118
2025-02-01,"CPI_Overall",51.5,326.724964736325
2025-03-01,"CPI_Overall",51.5,326.939058878247
2025-04-01,"CPI_Overall",51.5,326.938480010072
2025-05-01,"CPI_Overall",51.5,326.937901142922
2025-06-01,"CPI_Overall",51.5,326.937322276798
2025-07-01,"CPI_Overall",51.5,326.936743411698
2025-08-01,"CPI_Overall",51.5,326.936164547623
2025-09-01,"CPI_Overall",51.5,326.935585684573
2025-10-01,"CPI_Overall",51.5,326.935006822547
2025-11-01,"CPI_Overall",51.5,326.934427961547
2025-12-01,"CPI_Overall",51.5,326.933849101572
2025-01-01,"CPI_Apparel",52,123.507442033165
2025-02-01,"CPI_Apparel",52,123.529813154142
2025-03-01,"CPI_Apparel",52,123.529813154142
2025-04-01,"CPI_Apparel",52,123.529813154142
2025-05-01,"CPI_Apparel",52,123.529813154142
2025-06-01,"CPI_Apparel",52,123.529813154142
2025-07-01,"CPI_Apparel",52,123.529813154142
2025-08-01,"CPI_Apparel",52,123.529813154142
2025-09-01,"CPI_Apparel",52,123.529813154142
2025-10-01,"CPI_Apparel",52,123.529813154142
2025-11-01,"CPI_Apparel",52,123.529813154142
2025-12-01,"CPI_Apparel",52,123.529813154142
2025-01-01,"CPI_Food",52,329.969546478822
2025-02-01,"CPI_Food",52,329.9935827244
2025-03-01,"CPI_Food",52,329.991636657757
2025-04-01,"CPI_Food",52,329.989690602591
2025-05-01,"CPI_Food",52,329.987744558901
2025-06-01,"CPI_Food",52,329.985798526688
2025-07-01,"CPI_Food",52,329.983852505951
2025-08-01,"CPI_Food",52,329.98190649669
2025-09-01,"CPI_Food",52,329.979960498905
2025-10-01,"CPI_Food",52,329.978014512597
2025-11-01,"CPI_Food",52,329.976068537764
2025-12-01,"CPI_Food",52,329.974122574408
2025-01-01,"CPI_Durables",52,111.849531341512
2025-02-01,"CPI_Durables",52,111.629045454297
2025-03-01,"CPI_Durables",52,112.097069783803
2025-04-01,"CPI_Durables",52,111.822252565528
2025-05-01,"CPI_Durables",52,111.969226471838
2025-06-01,"CPI_Durables",52,111.678943404973
2025-07-01,"CPI_Durables",52,111.820778064004
2025-08-01,"CPI_Durables",52,111.663977332456
2025-09-01,"CPI_Durables",52,111.866683807652
2025-10-01,"CPI_Durables",52,111.790291758434
2025-11-01,"CPI_Durables",52,111.917223787793
2025-12-01,"CPI_Durables",52,111.794911745448
2025-01-01,"CPI_Overall",52,326.692338870147
2025-02-01,"CPI_Overall",52,326.754190447514
2025-03-01,"CPI_Overall",52,326.968303740264
2025-04-01,"CPI_Overall",52,326.967724820309
2025-05-01,"CPI_Overall",52,326.967145901379
2025-06-01,"CPI_Overall",52,326.966566983475
2025-07-01,"CPI_Overall",52,326.965988066595
2025-08-01,"CPI_Overall",52,326.96540915074
2025-09-01,"CPI_Overall",52,326.964830235911
2025-10-01,"CPI_Overall",52,326.964251322106
2025-11-01,"CPI_Overall",52,326.963672409326
2025-12-01,"CPI_Overall",52,326.963093497572
2025-01-01,"CPI_Apparel",52.5,123.478631346105
2025-02-01,"CPI_Apparel",52.5,123.500997248552
2025-03-01,"CPI_Apparel",52.5,123.500997248552
2025-04-01,"CPI_Apparel",52.5,123.500997248552
2025-05-01,"CPI_Apparel",52.5,123.500997248552
2025-06-01,"CPI_Apparel",52.5,123.500997248552
2025-07-01,"CPI_Apparel",52.5,123.500997248552
2025-08-01,"CPI_Apparel",52.5,123.500997248552
2025-09-01,"CPI_Apparel",52.5,123.500997248552
2025-10-01,"CPI_Apparel",52.5,123.500997248552
2025-11-01,"CPI_Apparel",52.5,123.500997248552
2025-12-01,"CPI_Apparel",52.5,123.500997248552
2025-01-01,"CPI_Food",52.5,329.950860978114
2025-02-01,"CPI_Food",52.5,329.974895862568
2025-03-01,"CPI_Food",52.5,329.972949906127
2025-04-01,"CPI_Food",52.5,329.971003961162
2025-05-01,"CPI_Food",52.5,329.969058027673
2025-06-01,"CPI_Food",52.5,329.967112105659
2025-07-01,"CPI_Food",52.5,329.965166195121
2025-08-01,"CPI_Food",52.5,329.963220296059
2025-09-01,"CPI_Food",52.5,329.961274408472
2025-10-01,"CPI_Food",52.5,329.959328532361
2025-11-01,"CPI_Food",52.5,329.957382667725
2025-12-01,"CPI_Food",52.5,329.955436814564
2025-01-01,"CPI_Durables",52.5,111.814862847845
2025-02-01,"CPI_Durables",52.5,111.594445301673
2025-03-01,"CPI_Durables",52.5,112.062324563977
2025-04-01,"CPI_Durables",52.5,111.787592527096
2025-05-01,"CPI_Durables",52.5,111.934520877883
2025-06-01,"CPI_Durables",52.5,111.644327786153
2025-07-01,"CPI_Durables",52.5,111.786118482603
2025-08-01,"CPI_Durables",52.5,111.629366352467
2025-09-01,"CPI_Durables",52.5,111.832009997466
2025-10-01,"CPI_Durables",52.5,111.755641626463
2025-11-01,"CPI_Durables",52.5,111.88253431241
2025-12-01,"CPI_Durables",52.5,111.760260181482
2025-01-01,"CPI_Overall",52.5,326.72128200231
2025-02-01,"CPI_Overall",52.5,326.783139059384
2025-03-01,"CPI_Overall",52.5,326.997271321386
2025-04-01,"CPI_Overall",52.5,326.996692350142
2025-05-01,"CPI_Overall",52.5,326.996113379924
2025-06-01,"CPI_Overall",52.5,326.99553441073
2025-07-01,"CPI_Overall",52.5,326.994955442561
2025-08-01,"CPI_Overall",52.5,326.994376475418
2025-09-01,"CPI_Overall",52.5,326.9937975093
2025-10-01,"CPI_Overall",52.5,326.993218544206
2025-11-01,"CPI_Overall",52.5,326.992639580138
2025-12-01,"CPI_Overall",52.5,326.992060617095
2025-01-01,"CPI_Apparel",53,123.45010037568
2025-02-01,"CPI_Apparel",53,123.472461110261
2025-03-01,"CPI_Apparel",53,123.472461110261
2025-04-01,"CPI_Apparel",53,123.472461110261
2025-05-01,"CPI_Apparel",53,123.472461110261
2025-06-01,"CPI_Apparel",53,123.472461110261
2025-07-01,"CPI_Apparel",53,123.472461110261
2025-08-01,"CPI_Apparel",53,123.472461110261
2025-09-01,"CPI_Apparel",53,123.472461110261
2025-10-01,"CPI_Apparel",53,123.472461110261
2025-11-01,"CPI_Apparel",53,123.472461110261
2025-12-01,"CPI_Apparel",53,123.472461110261
2025-01-01,"CPI_Food",53,329.932353636946
2025-02-01,"CPI_Food",53,329.956387173254
2025-03-01,"CPI_Food",53,329.954441325965
2025-04-01,"CPI_Food",53,329.95249549015
2025-05-01,"CPI_Food",53,329.95054966581
2025-06-01,"CPI_Food",53,329.948603852946
2025-07-01,"CPI_Food",53,329.946658051557
2025-08-01,"CPI_Food",53,329.944712261642
2025-09-01,"CPI_Food",53,329.942766483203
2025-10-01,"CPI_Food",53,329.940820716238
2025-11-01,"CPI_Food",53,329.938874960748
2025-12-01,"CPI_Food",53,329.936929216732
2025-01-01,"CPI_Durables",53,111.780533563872
2025-02-01,"CPI_Durables",53,111.560183690067
2025-03-01,"CPI_Durables",53,112.027919304562
2025-04-01,"CPI_Durables",53,111.753271615628
2025-05-01,"CPI_Durables",53,111.900154856624
2025-06-01,"CPI_Durables",53,111.610050859678
2025-07-01,"CPI_Durables",53,111.751798023695
2025-08-01,"CPI_Durables",53,111.595094019436
2025-09-01,"CPI_Durables",53,111.797675448992
2025-10-01,"CPI_Durables",53,111.721330524528
2025-11-01,"CPI_Durables",53,111.848184252013
2025-12-01,"CPI_Durables",53,111.725947661563
2025-01-01,"CPI_Overall",53,326.749953315718
2025-02-01,"CPI_Overall",53,326.811815801036
2025-03-01,"CPI_Overall",53,327.025966854141
2025-04-01,"CPI_Overall",53,327.02538783209
2025-05-01,"CPI_Overall",53,327.024808811064
2025-06-01,"CPI_Overall",53,327.024229791063
2025-07-01,"CPI_Overall",53,327.023650772087
2025-08-01,"CPI_Overall",53,327.023071754137
2025-09-01,"CPI_Overall",53,327.022492737212
2025-10-01,"CPI_Overall",53,327.021913721311
2025-11-01,"CPI_Overall",53,327.021334706436
2025-12-01,"CPI_Overall",53,327.020755692587
2025-01-01,"CPI_Apparel",53.5,123.421843805455
2025-02-01,"CPI_Apparel",53.5,123.444199421874
2025-03-01,"CPI_Apparel",53.5,123.444199421874
2025-04-01,"CPI_Apparel",53.5,123.444199421874
2025-05-01,"CPI_Apparel",53.5,123.444199421874
2025-06-01,"CPI_Apparel",53.5,123.444199421874
2025-07-01,"CPI_Apparel",53.5,123.444199421874
2025-08-01,"CPI_Apparel",53.5,123.444199421874
2025-09-01,"CPI_Apparel",53.5,123.444199421874
2025-10-01,"CPI_Apparel",53.5,123.444199421874
2025-11-01,"CPI_Apparel",53.5,123.444199421874
2025-12-01,"CPI_Apparel",53.5,123.444199421874
2025-01-01,"CPI_Food",53.5,329.914021099719
2025-02-01,"CPI_Food",53.5,329.938053300615
2025-03-01,"CPI_Food",53.5,329.936107561445
2025-04-01,"CPI_Food",53.5,329.93416183375
2025-05-01,"CPI_Food",53.5,329.932216117529
2025-06-01,"CPI_Food",53.5,329.930270412783
2025-07-01,"CPI_Food",53.5,329.928324719511
2025-08-01,"CPI_Food",53.5,329.926379037714
2025-09-01,"CPI_Food",53.5,329.924433367391
2025-10-01,"CPI_Food",53.5,329.922487708541
2025-11-01,"CPI_Food",53.5,329.920542061166
2025-12-01,"CPI_Food",53.5,329.918596425265
2025-01-01,"CPI_Durables",53.5,111.746537017118
2025-02-01,"CPI_Durables",53.5,111.526254159766
2025-03-01,"CPI_Durables",53.5,111.993847518761
2025-04-01,"CPI_Durables",53.5,111.71928336023
2025-05-01,"CPI_Durables",53.5,111.866121928663
2025-06-01,"CPI_Durables",53.5,111.576106162947
2025-07-01,"CPI_Durables",53.5,111.71781021647
2025-08-01,"CPI_Durables",53.5,111.561153871628
2025-09-01,"CPI_Durables",53.5,111.763673688765
2025-10-01,"CPI_Durables",53.5,111.687351983583
2025-11-01,"CPI_Durables",53.5,111.814167130212
2025-12-01,"CPI_Durables",53.5,111.691967716378
2025-01-01,"CPI_Overall",53.5,326.778357891654
2025-02-01,"CPI_Overall",53.5,326.840225754716
2025-03-01,"CPI_Overall",53.5,327.054395424105
2025-04-01,"CPI_Overall",53.5,327.053816351719
2025-05-01,"CPI_Overall",53.5,327.053237280358
2025-06-01,"CPI_Overall",53.5,327.052658210023
2025-07-01,"CPI_Overall",53.5,327.052079140713
2025-08-01,"CPI_Overall",53.5,327.051500072428
2025-09-01,"CPI_Overall",53.5,327.050921005168
2025-10-01,"CPI_Overall",53.5,327.050341938934
2025-11-01,"CPI_Overall",53.5,327.049762873725
2025-12-01,"CPI_Overall",53.5,327.049183809541
2025-01-01,"CPI_Apparel",54,123.393856468555
2025-02-01,"CPI_Apparel",54,123.416207015579
2025-03-01,"CPI_Apparel",54,123.416207015579
2025-04-01,"CPI_Apparel",54,123.416207015579
2025-05-01,"CPI_Apparel",54,123.416207015579
2025-06-01,"CPI_Apparel",54,123.416207015579
2025-07-01,"CPI_Apparel",54,123.416207015579
2025-08-01,"CPI_Apparel",54,123.416207015579
2025-09-01,"CPI_Apparel",54,123.416207015579
2025-10-01,"CPI_Apparel",54,123.416207015579
2025-11-01,"CPI_Apparel",54,123.416207015579
2025-12-01,"CPI_Apparel",54,123.416207015579
2025-01-01,"CPI_Food",54,329.895860104663
2025-02-01,"CPI_Food",54,329.919890982642
2025-03-01,"CPI_Food",54,329.917945350581
2025-04-01,"CPI_Food",54,329.915999729993
2025-05-01,"CPI_Food",54,329.91405412088
2025-06-01,"CPI_Food",54,329.91210852324
2025-07-01,"CPI_Food",54,329.910162937074
2025-08-01,"CPI_Food",54,329.908217362382
2025-09-01,"CPI_Food",54,329.906271799163
2025-10-01,"CPI_Food",54,329.904326247418
2025-11-01,"CPI_Food",54,329.902380707146
2025-12-01,"CPI_Food",54,329.900435178348
2025-01-01,"CPI_Durables",54,111.712866917668
2025-02-01,"CPI_Durables",54,111.492650433251
2025-03-01,"CPI_Durables",54,111.960102902736
2025-04-01,"CPI_Durables",54,111.685621472518
2025-05-01,"CPI_Durables",54,111.83241579735
2025-06-01,"CPI_Durables",54,111.542487415637
2025-07-01,"CPI_Durables",54,111.684148772628
2025-08-01,"CPI_Durables",54,111.527539629559
2025-09-01,"CPI_Durables",54,111.729998425902
2025-10-01,"CPI_Durables",54,111.653699717043
2025-11-01,"CPI_Durables",54,111.780476653283
2025-12-01,"CPI_Durables",54,111.658314059082
2025-01-01,"CPI_Overall",54,326.806500670027
2025-02-01,"CPI_Overall",54,326.868373861268
2025-03-01,"CPI_Overall",54,327.082561975359
2025-04-01,"CPI_Overall",54,327.081982853102
2025-05-01,"CPI_Overall",54,327.081403731871
2025-06-01,"CPI_Overall",54,327.080824611665
2025-07-01,"CPI_Overall",54,327.080245492484
2025-08-01,"CPI_Overall",54,327.079666374329
2025-09-01,"CPI_Overall",54,327.079087257199
2025-10-01,"CPI_Overall",54,327.078508141094
2025-11-01,"CPI_Overall",54,327.077929026015
2025-12-01,"CPI_Overall",54,327.077349911961
2025-01-01,"CPI_Apparel",54.5,123.366133342118
2025-02-01,"CPI_Apparel",54.5,123.388478867602
2025-03-01,"CPI_Apparel",54.5,123.388478867602
2025-04-01,"CPI_Apparel",54.5,123.388478867602
2025-05-01,"CPI_Apparel",54.5,123.388478867602
2025-06-01,"CPI_Apparel",54.5,123.388478867602
2025-07-01,"CPI_Apparel",54.5,123.388478867602
2025-08-01,"CPI_Apparel",54.5,123.388478867602
2025-09-01,"CPI_Apparel",54.5,123.388478867602
2025-10-01,"CPI_Apparel",54.5,123.388478867602
2025-11-01,"CPI_Apparel",54.5,123.388478867602
2025-12-01,"CPI_Apparel",54.5,123.388478867602
2025-01-01,"CPI_Food",54.5,329.877867480371
2025-02-01,"CPI_Food",54.5,329.901897047699
2025-03-01,"CPI_Food",54.5,329.899951521753
2025-04-01,"CPI_Food",54.5,329.89800600728
2025-05-01,"CPI_Food",54.5,329.896060504281
2025-06-01,"CPI_Food",54.5,329.894115012755
2025-07-01,"CPI_Food",54.5,329.892169532702
2025-08-01,"CPI_Food",54.5,329.890224064122
2025-09-01,"CPI_Food",54.5,329.888278607015
2025-10-01,"CPI_Food",54.5,329.88633316138
2025-11-01,"CPI_Food",54.5,329.884387727219
2025-12-01,"CPI_Food",54.5,329.882442304531
2025-01-01,"CPI_Durables",54.5,111.679517151376
2025-02-01,"CPI_Durables",54.5,111.45936640843
2025-03-01,"CPI_Durables",54.5,111.92667932881
2025-04-01,"CPI_Durables",54.5,111.652279839838
2025-05-01,"CPI_Durables",54.5,111.799030341997
2025-06-01,"CPI_Durables",54.5,111.509188512926
2025-07-01,"CPI_Durables",54.5,111.650807579595
2025-08-01,"CPI_Durables",54.5,111.494245189228
2025-09-01,"CPI_Durables",54.5,111.696643545322
2025-10-01,"CPI_Durables",54.5,111.620367614001
2025-11-01,"CPI_Durables",54.5,111.747106703381
2025-12-01,"CPI_Durables",54.5,111.624980578515
2025-01-01,"CPI_Overall",54.5,326.834386454569
2025-02-01,"CPI_Overall",54.5,326.896264925333
2025-03-01,"CPI_Overall",54.5,327.110471315694
2025-04-01,"CPI_Overall",54.5,327.109892144021
2025-05-01,"CPI_Overall",54.5,327.109312973375
2025-06-01,"CPI_Overall",54.5,327.108733803753
2025-07-01,"CPI_Overall",54.5,327.108154635157
2025-08-01,"CPI_Overall",54.5,327.107575467587
2025-09-01,"CPI_Overall",54.5,327.106996301042
2025-10-01,"CPI_Overall",54.5,327.106417135522
2025-11-01,"CPI_Overall",54.5,327.105837971028
2025-12-01,"CPI_Overall",54.5,327.10525880756
2025-01-01,"CPI_Apparel",55,123.338669541998
2025-02-01,"CPI_Apparel",55,123.361010092916
2025-03-01,"CPI_Apparel",55,123.361010092916
2025-04-01,"CPI_Apparel",55,123.361010092916
2025-05-01,"CPI_Apparel",55,123.361010092916
2025-06-01,"CPI_Apparel",55,123.361010092916
2025-07-01,"CPI_Apparel",55,123.361010092916
2025-08-01,"CPI_Apparel",55,123.361010092916
2025-09-01,"CPI_Apparel",55,123.361010092916
2025-10-01,"CPI_Apparel",55,123.361010092916
2025-11-01,"CPI_Apparel",55,123.361010092916
2025-12-01,"CPI_Apparel",55,123.361010092916
2025-01-01,"CPI_Food",55,329.8600401425
2025-02-01,"CPI_Food",55,329.884068411216
2025-03-01,"CPI_Food",55,329.882122990411
2025-04-01,"CPI_Food",55,329.880177581078
2025-05-01,"CPI_Food",55,329.878232183218
2025-06-01,"CPI_Food",55,329.87628679683
2025-07-01,"CPI_Food",55,329.874341421915
2025-08-01,"CPI_Food",55,329.872396058473
2025-09-01,"CPI_Food",55,329.870450706502
2025-10-01,"CPI_Food",55,329.868505366005
2025-11-01,"CPI_Food",55,329.866560036979
2025-12-01,"CPI_Food",55,329.864614719425
2025-01-01,"CPI_Durables",55,111.646481773394
2025-02-01,"CPI_Durables",55,111.426396152175
2025-03-01,"CPI_Durables",55,111.89357083898
2025-04-01,"CPI_Durables",55,111.619252518794
2025-05-01,"CPI_Durables",55,111.765959611397
2025-06-01,"CPI_Durables",55,111.476203519036
2025-07-01,"CPI_Durables",55,111.617780694053
2025-08-01,"CPI_Durables",55,111.46126461565
2025-09-01,"CPI_Durables",55,111.663603101264
2025-10-01,"CPI_Durables",55,111.587349732758
2025-11-01,"CPI_Durables",55,111.714051332061
2025-12-01,"CPI_Durables",55,111.591961332733
2025-01-01,"CPI_Overall",55,326.8620199178
2025-02-01,"CPI_Overall",55,326.923903620316
2025-03-01,"CPI_Overall",55,327.138128121575
2025-04-01,"CPI_Overall",55,327.137548900935
2025-05-01,"CPI_Overall",55,327.13696968132
2025-06-01,"CPI_Overall",55,327.13639046273
2025-07-01,"CPI_Overall",55,327.135811245167
2025-08-01,"CPI_Overall",55,327.135232028628
2025-09-01,"CPI_Overall",55,327.134652813115
2025-10-01,"CPI_Overall",55,327.134073598628
2025-11-01,"CPI_Overall",55,327.133494385166
2025-12-01,"CPI_Overall",55,327.13291517273
2025-01-01,"CPI_Apparel",55.5,123.31146031772
2025-02-01,"CPI_Apparel",55.5,123.333795940183
2025-03-01,"CPI_Apparel",55.5,123.333795940183
2025-04-01,"CPI_Apparel",55.5,123.333795940183
2025-05-01,"CPI_Apparel",55.5,123.333795940183
2025-06-01,"CPI_Apparel",55.5,123.333795940183
2025-07-01,"CPI_Apparel",55.5,123.333795940183
2025-08-01,"CPI_Apparel",55.5,123.333795940183
2025-09-01,"CPI_Apparel",55.5,123.333795940183
2025-10-01,"CPI_Apparel",55.5,123.333795940183
2025-11-01,"CPI_Apparel",55.5,123.333795940183
2025-12-01,"CPI_Apparel",55.5,123.333795940183
2025-01-01,"CPI_Food",55.5,329.842375090605
2025-02-01,"CPI_Food",55.5,329.866402072531
2025-03-01,"CPI_Food",55.5,329.864456755909
2025-04-01,"CPI_Food",55.5,329.86251145076
2025-05-01,"CPI_Food",55.5,329.860566157082
2025-06-01,"CPI_Food",55.5,329.858620874876
2025-07-01,"CPI_Food",55.5,329.856675604142
2025-08-01,"CPI_Food",55.5,329.85473034488
2025-09-01,"CPI_Food",55.5,329.852785097089
2025-10-01,"CPI_Food",55.5,329.85083986077
2025-11-01,"CPI_Food",55.5,329.848894635923
2025-12-01,"CPI_Food",55.5,329.846949422548
2025-01-01,"CPI_Durables",55.5,111.613755001999
2025-02-01,"CPI_Durables",55.5,111.39373389416
2025-03-01,"CPI_Durables",55.5,111.860771638725
2025-04-01,"CPI_Durables",55.5,111.586533729071
2025-05-01,"CPI_Durables",55.5,111.733197817636
2025-06-01,"CPI_Durables",55.5,111.443526661059
2025-07-01,"CPI_Durables",55.5,111.585062335764
2025-08-01,"CPI_Durables",55.5,111.428592136691
2025-09-01,"CPI_Durables",55.5,111.630871311119
2025-10-01,"CPI_Durables",55.5,111.554640294652
2025-11-01,"CPI_Durables",55.5,111.681304754099
2025-12-01,"CPI_Durables",55.5,111.559250542836
2025-01-01,"CPI_Overall",55.5,326.889405605768
2025-02-01,"CPI_Overall",55.5,326.951294493126
2025-03-01,"CPI_Overall",55.5,327.165536942892
2025-04-01,"CPI_Overall",55.5,327.164957673722
2025-05-01,"CPI_Overall",55.5,327.164378405578
2025-06-01,"CPI_Overall",55.5,327.16379913846
2025-07-01,"CPI_Overall",55.5,327.163219872367
2025-08-01,"CPI_Overall",55.5,327.1626406073
2025-09-01,"CPI_Overall",55.5,327.162061343258
2025-10-01,"CPI_Overall",55.5,327.161482080242
2025-11-01,"CPI_Overall",55.5,327.160902818252
2025-12-01,"CPI_Overall",55.5,327.160323557287
2025-01-01,"CPI_Apparel",56,123.284501047651
2025-02-01,"CPI_Apparel",56,123.306831786934
2025-03-01,"CPI_Apparel",56,123.306831786934
2025-04-01,"CPI_Apparel",56,123.306831786934
2025-05-01,"CPI_Apparel",56,123.306831786934
2025-06-01,"CPI_Apparel",56,123.306831786934
2025-07-01,"CPI_Apparel",56,123.306831786934
2025-08-01,"CPI_Apparel",56,123.306831786934
2025-09-01,"CPI_Apparel",56,123.306831786934
2025-10-01,"CPI_Apparel",56,123.306831786934
2025-11-01,"CPI_Apparel",56,123.306831786934
2025-12-01,"CPI_Apparel",56,123.306831786934
2025-01-01,"CPI_Food",56,329.824869405134
2025-02-01,"CPI_Food",56,329.848895111879
2025-03-01,"CPI_Food",56,329.846949898501
2025-04-01,"CPI_Food",56,329.845004696594
2025-05-01,"CPI_Food",56,329.843059506158
2025-06-01,"CPI_Food",56,329.841114327194
2025-07-01,"CPI_Food",56,329.839169159701
2025-08-01,"CPI_Food",56,329.837224003679
2025-09-01,"CPI_Food",56,329.835278859129
2025-10-01,"CPI_Food",56,329.833333726049
2025-11-01,"CPI_Food",56,329.831388604441
2025-12-01,"CPI_Food",56,329.829443494303
2025-01-01,"CPI_Durables",56,111.581331212689
2025-02-01,"CPI_Durables",56,111.361374020968
2025-03-01,"CPI_Durables",56,111.828276091097
2025-04-01,"CPI_Durables",56,111.554117847539
2025-05-01,"CPI_Durables",56,111.700739330195
2025-06-01,"CPI_Durables",56,111.411152323072
2025-07-01,"CPI_Durables",56,111.552646881672
2025-08-01,"CPI_Durables",56,111.396222137183
2025-09-01,"CPI_Durables",56,111.598442549522
2025-10-01,"CPI_Durables",56,111.522233678161
2025-11-01,"CPI_Durables",56,111.64886134159
2025-12-01,"CPI_Durables",56,111.526842587068
2025-01-01,"CPI_Overall",56,326.916547942573
2025-02-01,"CPI_Overall",56,326.9784419687
2025-03-01,"CPI_Overall",56,327.192702207482
2025-04-01,"CPI_Overall",56,327.192122890214
2025-05-01,"CPI_Overall",56,327.191543573972
2025-06-01,"CPI_Overall",56,327.190964258756
2025-07-01,"CPI_Overall",56,327.190384944565
2025-08-01,"CPI_Overall",56,327.1898056314
2025-09-01,"CPI_Overall",56,327.189226319261
2025-10-01,"CPI_Overall",56,327.188647008148
2025-11-01,"CPI_Overall",56,327.18806769806
2025-12-01,"CPI_Overall",56,327.187488388998
2025-01-01,"CPI_Apparel",56.5,123.257787234392
2025-02-01,"CPI_Apparel",56.5,123.280113134955
2025-03-01,"CPI_Apparel",56.5,123.280113134955
2025-04-01,"CPI_Apparel",56.5,123.280113134955
2025-05-01,"CPI_Apparel",56.5,123.280113134955
2025-06-01,"CPI_Apparel",56.5,123.280113134955
2025-07-01,"CPI_Apparel",56.5,123.280113134955
2025-08-01,"CPI_Apparel",56.5,123.280113134955
2025-09-01,"CPI_Apparel",56.5,123.280113134955
2025-10-01,"CPI_Apparel",56.5,123.280113134955
2025-11-01,"CPI_Apparel",56.5,123.280113134955
2025-12-01,"CPI_Apparel",56.5,123.280113134955
2025-01-01,"CPI_Food",56.5,329.80752024454
2025-02-01,"CPI_Food",56.5,329.831544687506
2025-03-01,"CPI_Food",56.5,329.829599576448
2025-04-01,"CPI_Food",56.5,329.827654476861
2025-05-01,"CPI_Food",56.5,329.825709388745
2025-06-01,"CPI_Food",56.5,329.823764312099
2025-07-01,"CPI_Food",56.5,329.821819246924
2025-08-01,"CPI_Food",56.5,329.81987419322
2025-09-01,"CPI_Food",56.5,329.817929150986
2025-10-01,"CPI_Food",56.5,329.815984120223
2025-11-01,"CPI_Food",56.5,329.81403910093
2025-12-01,"CPI_Food",56.5,329.812094093107
2025-01-01,"CPI_Durables",56.5,111.549204932551
2025-02-01,"CPI_Durables",56.5,111.329311070478
2025-03-01,"CPI_Durables",56.5,111.796078711069
2025-04-01,"CPI_Durables",56.5,111.521999402621
2025-05-01,"CPI_Durables",56.5,111.668578670304
2025-06-01,"CPI_Durables",56.5,111.379075040509
2025-07-01,"CPI_Durables",56.5,111.520528860271
2025-08-01,"CPI_Durables",56.5,111.364149153291
2025-09-01,"CPI_Durables",56.5,111.566311342722
2025-10-01,"CPI_Durables",56.5,111.49012441327
2025-11-01,"CPI_Durables",56.5,111.616715618309
2025-12-01,"CPI_Durables",56.5,111.49473199519
2025-01-01,"CPI_Overall",56.5,326.943451234697
2025-02-01,"CPI_Overall",56.5,327.005350354335
2025-03-01,"CPI_Overall",56.5,327.219628225463
2025-04-01,"CPI_Overall",56.5,327.219048860521
2025-05-01,"CPI_Overall",56.5,327.218469496605
2025-06-01,"CPI_Overall",56.5,327.217890133714
2025-07-01,"CPI_Overall",56.5,327.217310771849
2025-08-01,"CPI_Overall",56.5,327.21673141101
2025-09-01,"CPI_Overall",56.5,327.216152051197
2025-10-01,"CPI_Overall",56.5,327.21557269241
2025-11-01,"CPI_Overall",56.5,327.214993334649
2025-12-01,"CPI_Overall",56.5,327.214413977913
2025-01-01,"CPI_Apparel",57,123.231314500378
2025-02-01,"CPI_Apparel",57,123.253635605887
2025-03-01,"CPI_Apparel",57,123.253635605887
2025-04-01,"CPI_Apparel",57,123.253635605887
2025-05-01,"CPI_Apparel",57,123.253635605887
2025-06-01,"CPI_Apparel",57,123.253635605887
2025-07-01,"CPI_Apparel",57,123.253635605887
2025-08-01,"CPI_Apparel",57,123.253635605887
2025-09-01,"CPI_Apparel",57,123.253635605887
2025-10-01,"CPI_Apparel",57,123.253635605887
2025-11-01,"CPI_Apparel",57,123.253635605887
2025-12-01,"CPI_Apparel",57,123.253635605887
2025-01-01,"CPI_Food",57,329.790324842534
2025-02-01,"CPI_Food",57,329.81434803292
2025-03-01,"CPI_Food",57,329.812403023276
2025-04-01,"CPI_Food",57,329.810458025102
2025-05-01,"CPI_Food",57,329.808513038398
2025-06-01,"CPI_Food",57,329.806568063164
2025-07-01,"CPI_Food",57,329.804623099401
2025-08-01,"CPI_Food",57,329.802678147107
2025-09-01,"CPI_Food",57,329.800733206283
2025-10-01,"CPI_Food",57,329.798788276929
2025-11-01,"CPI_Food",57,329.796843359045
2025-12-01,"CPI_Food",57,329.794898452631
2025-01-01,"CPI_Durables",57,111.517370834876
2025-02-01,"CPI_Durables",57,111.297539726479
2025-03-01,"CPI_Durables",57,111.764174160145
2025-04-01,"CPI_Durables",57,111.490173068905
2025-05-01,"CPI_Durables",57,111.636710505553
2025-06-01,"CPI_Durables",57,111.347289494786
2025-07-01,"CPI_Durables",57,111.488702946221
2025-08-01,"CPI_Durables",57,111.332367867142
2025-09-01,"CPI_Durables",57,111.534472363191
2025-10-01,"CPI_Durables",57,111.458307176092
2025-11-01,"CPI_Durables",57,111.584862254322
2025-12-01,"CPI_Durables",57,111.462913443092
2025-01-01,"CPI_Overall",57,326.970119675136
2025-02-01,"CPI_Overall",57,327.032023843822
2025-03-01,"CPI_Overall",57,327.246319193375
2025-04-01,"CPI_Overall",57,327.245739781175
2025-05-01,"CPI_Overall",57,327.24516037
2025-06-01,"CPI_Overall",57,327.244580959852
2025-07-01,"CPI_Overall",57,327.244001550729
2025-08-01,"CPI_Overall",57,327.243422142632
2025-09-01,"CPI_Overall",57,327.242842735561
2025-10-01,"CPI_Overall",57,327.242263329516
2025-11-01,"CPI_Overall",57,327.241683924497
2025-12-01,"CPI_Overall",57,327.241104520504
2025-01-01,"CPI_Apparel",57.5,123.205078583657
2025-02-01,"CPI_Apparel",57.5,123.227394937009
2025-03-01,"CPI_Apparel",57.5,123.227394937009
2025-04-01,"CPI_Apparel",57.5,123.227394937009
2025-05-01,"CPI_Apparel",57.5,123.227394937009
2025-06-01,"CPI_Apparel",57.5,123.227394937009
2025-07-01,"CPI_Apparel",57.5,123.227394937009
2025-08-01,"CPI_Apparel",57.5,123.227394937009
2025-09-01,"CPI_Apparel",57.5,123.227394937009
2025-10-01,"CPI_Apparel",57.5,123.227394937009
2025-11-01,"CPI_Apparel",57.5,123.227394937009
2025-12-01,"CPI_Apparel",57.5,123.227394937009
2025-01-01,"CPI_Food",57.5,329.773280505446
2025-02-01,"CPI_Food",57.5,329.797302454258
2025-03-01,"CPI_Food",57.5,329.795357545136
2025-04-01,"CPI_Food",57.5,329.793412647484
2025-05-01,"CPI_Food",57.5,329.791467761302
2025-06-01,"CPI_Food",57.5,329.789522886589
2025-07-01,"CPI_Food",57.5,329.787578023346
2025-08-01,"CPI_Food",57.5,329.785633171572
2025-09-01,"CPI_Food",57.5,329.783688331267
2025-10-01,"CPI_Food",57.5,329.781743502432
2025-11-01,"CPI_Food",57.5,329.779798685065
2025-12-01,"CPI_Food",57.5,329.777853879168
2025-01-01,"CPI_Durables",57.5,111.48582373401
2025-02-01,"CPI_Durables",57.5,111.26605481354
2025-03-01,"CPI_Durables",57.5,111.732557241192
2025-04-01,"CPI_Durables",57.5,111.458633662003
2025-05-01,"CPI_Durables",57.5,111.605129644739
2025-06-01,"CPI_Durables",57.5,111.315790508156
2025-07-01,"CPI_Durables",57.5,111.457163955201
2025-08-01,"CPI_Durables",57.5,111.300873101685
2025-09-01,"CPI_Durables",57.5,111.50292042448
2025-10-01,"CPI_Durables",57.5,111.426776783719
2025-11-01,"CPI_Durables",57.5,111.553296060837
2025-12-01,"CPI_Durables",57.5,111.431381747654
2025-01-01,"CPI_Overall",57.5,326.99655734736
2025-02-01,"CPI_Overall",57.5,327.058466521402
2025-03-01,"CPI_Overall",57.5,327.272779198136
2025-04-01,"CPI_Overall",57.5,327.272199739086
2025-05-01,"CPI_Overall",57.5,327.271620281062
2025-06-01,"CPI_Overall",57.5,327.271040824065
2025-07-01,"CPI_Overall",57.5,327.270461368093
2025-08-01,"CPI_Overall",57.5,327.269881913147
2025-09-01,"CPI_Overall",57.5,327.269302459228
2025-10-01,"CPI_Overall",57.5,327.268723006334
2025-11-01,"CPI_Overall",57.5,327.268143554466
2025-12-01,"CPI_Overall",57.5,327.267564103624
2025-01-01,"CPI_Apparel",58,123.179075333873
2025-02-01,"CPI_Apparel",58,123.20138697721
2025-03-01,"CPI_Apparel",58,123.20138697721
2025-04-01,"CPI_Apparel",58,123.20138697721
2025-05-01,"CPI_Apparel",58,123.20138697721
2025-06-01,"CPI_Apparel",58,123.20138697721
2025-07-01,"CPI_Apparel",58,123.20138697721
2025-08-01,"CPI_Apparel",58,123.20138697721
2025-09-01,"CPI_Apparel",58,123.20138697721
2025-10-01,"CPI_Apparel",58,123.20138697721
2025-11-01,"CPI_Apparel",58,123.20138697721
2025-12-01,"CPI_Apparel",58,123.20138697721
2025-01-01,"CPI_Food",58,329.756384609712
2025-02-01,"CPI_Food",58,329.780405327762
2025-03-01,"CPI_Food",58,329.778460518288
2025-04-01,"CPI_Food",58,329.776515720283
2025-05-01,"CPI_Food",58,329.774570933746
2025-06-01,"CPI_Food",58,329.772626158679
2025-07-01,"CPI_Food",58,329.77068139508
2025-08-01,"CPI_Food",58,329.76873664295
2025-09-01,"CPI_Food",58,329.766791902289
2025-10-01,"CPI_Food",58,329.764847173097
2025-11-01,"CPI_Food",58,329.762902455374
2025-12-01,"CPI_Food",58,329.760957749118
2025-01-01,"CPI_Durables",58,111.454558580428
2025-02-01,"CPI_Durables",58,111.234851292091
2025-03-01,"CPI_Durables",58,111.701222893513
2025-04-01,"CPI_Durables",58,111.427376133622
2025-05-01,"CPI_Durables",58,111.573831032934
2025-06-01,"CPI_Durables",58,111.284573038798
2025-07-01,"CPI_Durables",58,111.425906838986
2025-08-01,"CPI_Durables",58,111.269659815774
2025-09-01,"CPI_Durables",58,111.471650476293
2025-10-01,"CPI_Durables",58,111.395528189301
2025-11-01,"CPI_Durables",58,111.522011985275
2025-12-01,"CPI_Durables",58,111.400131861817
2025-01-01,"CPI_Overall",58,327.022768229092
2025-02-01,"CPI_Overall",58,327.084682365554
2025-03-01,"CPI_Overall",58,327.29901222083
2025-04-01,"CPI_Overall",58,327.298432715333
2025-05-01,"CPI_Overall",58,327.297853210862
2025-06-01,"CPI_Overall",58,327.297273707417
2025-07-01,"CPI_Overall",58,327.296694204998
2025-08-01,"CPI_Overall",58,327.296114703605
2025-09-01,"CPI_Overall",58,327.295535203239
2025-10-01,"CPI_Overall",58,327.294955703898
2025-11-01,"CPI_Overall",58,327.294376205584
2025-12-01,"CPI_Overall",58,327.293796708295
2025-01-01,"CPI_Apparel",58.5,123.153300708402
2025-02-01,"CPI_Apparel",58.5,123.175607683136
2025-03-01,"CPI_Apparel",58.5,123.175607683136
2025-04-01,"CPI_Apparel",58.5,123.175607683136
2025-05-01,"CPI_Apparel",58.5,123.175607683136
2025-06-01,"CPI_Apparel",58.5,123.175607683136
2025-07-01,"CPI_Apparel",58.5,123.175607683136
2025-08-01,"CPI_Apparel",58.5,123.175607683136
2025-09-01,"CPI_Apparel",58.5,123.175607683136
2025-10-01,"CPI_Apparel",58.5,123.175607683136
2025-11-01,"CPI_Apparel",58.5,123.175607683136
2025-12-01,"CPI_Apparel",58.5,123.175607683136
2025-01-01,"CPI_Food",58.5,329.739634599461
2025-02-01,"CPI_Food",58.5,329.763654097376
2025-03-01,"CPI_Food",58.5,329.761709386688
2025-04-01,"CPI_Food",58.5,329.759764687469
2025-05-01,"CPI_Food",58.5,329.757819999718
2025-06-01,"CPI_Food",58.5,329.755875323436
2025-07-01,"CPI_Food",58.5,329.753930658622
2025-08-01,"CPI_Food",58.5,329.751986005276
2025-09-01,"CPI_Food",58.5,329.750041363398
2025-10-01,"CPI_Food",58.5,329.748096732989
2025-11-01,"CPI_Food",58.5,329.746152114047
2025-12-01,"CPI_Food",58.5,329.744207506574
2025-01-01,"CPI_Durables",58.5,111.423570456029
2025-02-01,"CPI_Durables",58.5,111.203924253724
2025-03-01,"CPI_Durables",58.5,111.670166188119
2025-04-01,"CPI_Durables",58.5,111.396395566859
2025-05-01,"CPI_Durables",58.5,111.542809746772
2025-06-01,"CPI_Durables",58.5,111.253632176109
2025-07-01,"CPI_Durables",58.5,111.394926680736
2025-08-01,"CPI_Durables",58.5,111.238723099464
2025-09-01,"CPI_Durables",58.5,111.44065759977
2025-10-01,"CPI_Durables",58.5,111.36455647734
2025-11-01,"CPI_Durables",58.5,111.491005106554
2025-12-01,"CPI_Durables",58.5,111.369158869879
2025-01-01,"CPI_Overall",58.5,327.048756195937
2025-02-01,"CPI_Overall",58.5,327.110675252614
2025-03-01,"CPI_Overall",58.5,327.325022140335
2025-04-01,"CPI_Overall",58.5,327.324442588785
2025-05-01,"CPI_Overall",58.5,327.323863038262
2025-06-01,"CPI_Overall",58.5,327.323283488765
2025-07-01,"CPI_Overall",58.5,327.322703940294
2025-08-01,"CPI_Overall",58.5,327.32212439285
2025-09-01,"CPI_Overall",58.5,327.321544846431
2025-10-01,"CPI_Overall",58.5,327.320965301038
2025-11-01,"CPI_Overall",58.5,327.320385756672
2025-12-01,"CPI_Overall",58.5,327.319806213332
2025-01-01,"CPI_Apparel",59,123.127750768669
2025-02-01,"CPI_Apparel",59,123.150053115497
2025-03-01,"CPI_Apparel",59,123.150053115497
2025-04-01,"CPI_Apparel",59,123.150053115497
2025-05-01,"CPI_Apparel",59,123.150053115497
2025-06-01,"CPI_Apparel",59,123.150053115497
2025-07-01,"CPI_Apparel",59,123.150053115497
2025-08-01,"CPI_Apparel",59,123.150053115497
2025-09-01,"CPI_Apparel",59,123.150053115497
2025-10-01,"CPI_Apparel",59,123.150053115497
2025-11-01,"CPI_Apparel",59,123.150053115497
2025-12-01,"CPI_Apparel",59,123.150053115497
2025-01-01,"CPI_Food",59,329.723027984204
2025-02-01,"CPI_Food",59,329.747046272429
2025-03-01,"CPI_Food",59,329.745101659683
2025-04-01,"CPI_Food",59,329.743157058404
2025-05-01,"CPI_Food",59,329.741212468593
2025-06-01,"CPI_Food",59,329.73926789025
2025-07-01,"CPI_Food",59,329.737323323375
2025-08-01,"CPI_Food",59,329.735378767967
2025-09-01,"CPI_Food",59,329.733434224027
2025-10-01,"CPI_Food",59,329.731489691555
2025-11-01,"CPI_Food",59,329.72954517055
2025-12-01,"CPI_Food",59,329.727600661012
2025-01-01,"CPI_Durables",59,111.392854569617
2025-02-01,"CPI_Durables",59,111.17326891669
2025-03-01,"CPI_Durables",59,111.639382323214
2025-04-01,"CPI_Durables",59,111.365687171688
2025-05-01,"CPI_Durables",59,111.512060989932
2025-06-01,"CPI_Durables",59,111.222963136203
2025-07-01,"CPI_Durables",59,111.36421869049
2025-08-01,"CPI_Durables",59,111.208058169509
2025-09-01,"CPI_Durables",59,111.409937002983
2025-10-01,"CPI_Durables",59,111.33385685918
2025-11-01,"CPI_Durables",59,111.460270630584
2025-12-01,"CPI_Durables",59,111.338457982988
2025-01-01,"CPI_Overall",59,327.074525024846
2025-02-01,"CPI_Overall",59,327.136448960249
2025-03-01,"CPI_Overall",59,327.350812736792
2025-04-01,"CPI_Overall",59,327.350233139579
2025-05-01,"CPI_Overall",59,327.349653543392
2025-06-01,"CPI_Overall",59,327.349073948231
2025-07-01,"CPI_Overall",59,327.348494354096
2025-08-01,"CPI_Overall",59,327.347914760988
2025-09-01,"CPI_Overall",59,327.347335168905
2025-10-01,"CPI_Overall",59,327.346755577849
2025-11-01,"CPI_Overall",59,327.346175987819
2025-12-01,"CPI_Overall",59,327.345596398816
2025-01-01,"CPI_Apparel",59.5,123.102421676611
2025-02-01,"CPI_Apparel",59.5,123.124719435536
2025-03-01,"CPI_Apparel",59.5,123.124719435536
2025-04-01,"CPI_Apparel",59.5,123.124719435536
2025-05-01,"CPI_Apparel",59.5,123.124719435536
2025-06-01,"CPI_Apparel",59.5,123.124719435536
2025-07-01,"CPI_Apparel",59.5,123.124719435536
2025-08-01,"CPI_Apparel",59.5,123.124719435536
2025-09-01,"CPI_Apparel",59.5,123.124719435536
2025-10-01,"CPI_Apparel",59.5,123.124719435536
2025-11-01,"CPI_Apparel",59.5,123.124719435536
2025-12-01,"CPI_Apparel",59.5,123.124719435536
2025-01-01,"CPI_Food",59.5,329.706562336629
2025-02-01,"CPI_Food",59.5,329.730579425434
2025-03-01,"CPI_Food",59.5,329.728634909797
2025-04-01,"CPI_Food",59.5,329.726690405627
2025-05-01,"CPI_Food",59.5,329.724745912925
2025-06-01,"CPI_Food",59.5,329.72280143169
2025-07-01,"CPI_Food",59.5,329.720856961922
2025-08-01,"CPI_Food",59.5,329.718912503622
2025-09-01,"CPI_Food",59.5,329.716968056788
2025-10-01,"CPI_Food",59.5,329.715023621421
2025-11-01,"CPI_Food",59.5,329.713079197521
2025-12-01,"CPI_Food",59.5,329.711134785088
2025-01-01,"CPI_Durables",59.5,111.362406252592
2025-02-01,"CPI_Durables",59.5,111.142880621589
2025-03-01,"CPI_Durables",59.5,111.608866619863
2025-04-01,"CPI_Durables",59.5,111.335246280647
2025-05-01,"CPI_Durables",59.5,111.481580088816
2025-06-01,"CPI_Durables",59.5,111.192561257599
2025-07-01,"CPI_Durables",59.5,111.333778200846
2025-08-01,"CPI_Durables",59.5,111.177660365054
2025-09-01,"CPI_Durables",59.5,111.379484016616
2025-10-01,"CPI_Durables",59.5,111.303424668691
2025-11-01,"CPI_Durables",59.5,111.429803885935
2025-12-01,"CPI_Durables",59.5,111.308024534821
2025-01-01,"CPI_Overall",59.5,327.100078397438
2025-02-01,"CPI_Overall",59.5,327.162007170778
2025-03-01,"CPI_Overall",59.5,327.376387694933
2025-04-01,"CPI_Overall",59.5,327.375808052437
2025-05-01,"CPI_Overall",59.5,327.375228410968
2025-06-01,"CPI_Overall",59.5,327.374648770525
2025-07-01,"CPI_Overall",59.5,327.374069131109
2025-08-01,"CPI_Overall",59.5,327.373489492718
2025-09-01,"CPI_Overall",59.5,327.372909855354
2025-10-01,"CPI_Overall",59.5,327.372330219016
2025-11-01,"CPI_Overall",59.5,327.371750583705
2025-12-01,"CPI_Overall",59.5,327.37117094942
2025-01-01,"CPI_Apparel",60,123.077309691294
2025-02-01,"CPI_Apparel",60,123.099602901641
2025-03-01,"CPI_Apparel",60,123.099602901641
2025-04-01,"CPI_Apparel",60,123.099602901641
2025-05-01,"CPI_Apparel",60,123.099602901641
2025-06-01,"CPI_Apparel",60,123.099602901641
2025-07-01,"CPI_Apparel",60,123.099602901641
2025-08-01,"CPI_Apparel",60,123.099602901641
2025-09-01,"CPI_Apparel",60,123.099602901641
2025-10-01,"CPI_Apparel",60,123.099602901641
2025-11-01,"CPI_Apparel",60,123.099602901641
2025-12-01,"CPI_Apparel",60,123.099602901641
2025-01-01,"CPI_Food",60,329.690235290481
2025-02-01,"CPI_Food",60,329.714251189962
2025-03-01,"CPI_Food",60,329.712306770617
2025-04-01,"CPI_Food",60,329.710362362739
2025-05-01,"CPI_Food",60,329.708417966328
2025-06-01,"CPI_Food",60,329.706473581384
2025-07-01,"CPI_Food",60,329.704529207906
2025-08-01,"CPI_Food",60,329.702584845894
2025-09-01,"CPI_Food",60,329.70064049535
2025-10-01,"CPI_Food",60,329.698696156271
2025-11-01,"CPI_Food",60,329.696751828659
2025-12-01,"CPI_Food",60,329.694807512513
2025-01-01,"CPI_Durables",60,111.332220954807
2025-02-01,"CPI_Durables",60,111.112754827248
2025-03-01,"CPI_Durables",60,111.57861451785
2025-04-01,"CPI_Durables",60,111.305068344699
2025-05-01,"CPI_Durables",60,111.451362488409
2025-06-01,"CPI_Durables",60,111.162421997089
2025-07-01,"CPI_Durables",60,111.303600662828
2025-08-01,"CPI_Durables",60,111.147525143501
2025-09-01,"CPI_Durables",60,111.349294089824
2025-10-01,"CPI_Durables",60,111.273255358139
2025-11-01,"CPI_Durables",60,111.399600319709
2025-12-01,"CPI_Durables",60,111.277853977454
2025-01-01,"CPI_Overall",60,327.125419903191
2025-02-01,"CPI_Overall",60,327.187353474353
2025-03-01,"CPI_Overall",60,327.401750607264
2025-04-01,"CPI_Overall",60,327.401170919862
2025-05-01,"CPI_Overall",60,327.400591233486
2025-06-01,"CPI_Overall",60,327.400011548136
2025-07-01,"CPI_Overall",60,327.399431863813
2025-08-01,"CPI_Overall",60,327.398852180516
2025-09-01,"CPI_Overall",60,327.398272498246
2025-10-01,"CPI_Overall",60,327.397692817002
2025-11-01,"CPI_Overall",60,327.397113136784
2025-12-01,"CPI_Overall",60,327.396533457593
2025-01-01,"CPI_Apparel",60.5,123.052411165668
2025-02-01,"CPI_Apparel",60.5,123.074699866101
2025-03-01,"CPI_Apparel",60.5,123.074699866101
2025-04-01,"CPI_Apparel",60.5,123.074699866101
2025-05-01,"CPI_Apparel",60.5,123.074699866101
2025-06-01,"CPI_Apparel",60.5,123.074699866101
2025-07-01,"CPI_Apparel",60.5,123.074699866101
2025-08-01,"CPI_Apparel",60.5,123.074699866101
2025-09-01,"CPI_Apparel",60.5,123.074699866101
2025-10-01,"CPI_Apparel",60.5,123.074699866101
2025-11-01,"CPI_Apparel",60.5,123.074699866101
2025-12-01,"CPI_Apparel",60.5,123.074699866101
2025-01-01,"CPI_Food",60.5,329.674044538532
2025-02-01,"CPI_Food",60.5,329.698059258616
2025-03-01,"CPI_Food",60.5,329.696114934759
2025-04-01,"CPI_Food",60.5,329.69417062237
2025-05-01,"CPI_Food",60.5,329.692226321446
2025-06-01,"CPI_Food",60.5,329.690282031988
2025-07-01,"CPI_Food",60.5,329.688337753996
2025-08-01,"CPI_Food",60.5,329.686393487471
2025-09-01,"CPI_Food",60.5,329.684449232411
2025-10-01,"CPI_Food",60.5,329.682504988817
2025-11-01,"CPI_Food",60.5,329.680560756689
2025-12-01,"CPI_Food",60.5,329.678616536026
2025-01-01,"CPI_Durables",60.5,111.30229424061
2025-02-01,"CPI_Durables",60.5,111.082887106754
2025-03-01,"CPI_Durables",60.5,111.548621571706
2025-04-01,"CPI_Durables",60.5,111.275148929273
2025-05-01,"CPI_Durables",60.5,111.421403748311
2025-06-01,"CPI_Durables",60.5,111.132540925787
2025-07-01,"CPI_Durables",60.5,111.273681641922
2025-08-01,"CPI_Durables",60.5,111.117648076555
2025-09-01,"CPI_Durables",60.5,111.319362786274
2025-10-01,"CPI_Durables",60.5,111.243344494219
2025-11-01,"CPI_Durables",60.5,111.369655493567
2025-12-01,"CPI_Durables",60.5,111.247941877399
2025-01-01,"CPI_Overall",60.5,327.150553042483
2025-02-01,"CPI_Overall",60.5,327.21249137202
2025-03-01,"CPI_Overall",60.5,327.426904977124
2025-04-01,"CPI_Overall",60.5,327.426325245184
2025-05-01,"CPI_Overall",60.5,327.42574551427
2025-06-01,"CPI_Overall",60.5,327.425165784383
2025-07-01,"CPI_Overall",60.5,327.424586055523
2025-08-01,"CPI_Overall",60.5,327.424006327689
2025-09-01,"CPI_Overall",60.5,327.423426600881
2025-10-01,"CPI_Overall",60.5,327.4228468751
2025-11-01,"CPI_Overall",60.5,327.422267150345
2025-12-01,"CPI_Overall",60.5,327.421687426617
2025-01-01,"CPI_Apparel",61,123.027722543459
2025-02-01,"CPI_Apparel",61,123.050006771998
2025-03-01,"CPI_Apparel",61,123.050006771998
2025-04-01,"CPI_Apparel",61,123.050006771998
2025-05-01,"CPI_Apparel",61,123.050006771998
2025-06-01,"CPI_Apparel",61,123.050006771998
2025-07-01,"CPI_Apparel",61,123.050006771998
2025-08-01,"CPI_Apparel",61,123.050006771998
2025-09-01,"CPI_Apparel",61,123.050006771998
2025-10-01,"CPI_Apparel",61,123.050006771998
2025-11-01,"CPI_Apparel",61,123.050006771998
2025-12-01,"CPI_Apparel",61,123.050006771998
2025-01-01,"CPI_Food",61,329.657987830633
2025-02-01,"CPI_Food",61,329.682001381085
2025-03-01,"CPI_Food",61,329.680057151926
2025-04-01,"CPI_Food",61,329.678112934234
2025-05-01,"CPI_Food",61,329.676168728007
2025-06-01,"CPI_Food",61,329.674224533245
2025-07-01,"CPI_Food",61,329.672280349949
2025-08-01,"CPI_Food",61,329.670336178119
2025-09-01,"CPI_Food",61,329.668392017753
2025-10-01,"CPI_Food",61,329.666447868853
2025-11-01,"CPI_Food",61,329.664503731419
2025-12-01,"CPI_Food",61,329.662559605449
2025-01-01,"CPI_Durables",61,111.272621785038
2025-02-01,"CPI_Durables",61,111.053273143673
2025-03-01,"CPI_Durables",61,111.518883446896
2025-04-01,"CPI_Durables",61,111.245483710461
2025-05-01,"CPI_Durables",61,111.391699538932
2025-06-01,"CPI_Durables",61,111.102913725326
2025-07-01,"CPI_Durables",61,111.24401681428
2025-08-01,"CPI_Durables",61,111.088024846429
2025-09-01,"CPI_Durables",61,111.289685780341
2025-10-01,"CPI_Durables",61,111.21368775426
2025-11-01,"CPI_Durables",61,111.33996507993
2025-12-01,"CPI_Durables",61,111.218283911808
2025-01-01,"CPI_Overall",61,327.175481229529
2025-02-01,"CPI_Overall",61,327.237424278636
2025-03-01,"CPI_Overall",61,327.451854221608
2025-04-01,"CPI_Overall",61,327.451274445493
2025-05-01,"CPI_Overall",61,327.450694670406
2025-06-01,"CPI_Overall",61,327.450114896345
2025-07-01,"CPI_Overall",61,327.44953512331
2025-08-01,"CPI_Overall",61,327.448955351302
2025-09-01,"CPI_Overall",61,327.44837558032
2025-10-01,"CPI_Overall",61,327.447795810365
2025-11-01,"CPI_Overall",61,327.447216041436
2025-12-01,"CPI_Overall",61,327.446636273534
2025-01-01,"CPI_Apparel",61.5,123.003240356186
2025-02-01,"CPI_Apparel",61.5,123.025520150223
2025-03-01,"CPI_Apparel",61.5,123.025520150223
2025-04-01,"CPI_Apparel",61.5,123.025520150223
2025-05-01,"CPI_Apparel",61.5,123.025520150223
2025-06-01,"CPI_Apparel",61.5,123.025520150223
2025-07-01,"CPI_Apparel",61.5,123.025520150223
2025-08-01,"CPI_Apparel",61.5,123.025520150223
2025-09-01,"CPI_Apparel",61.5,123.025520150223
2025-10-01,"CPI_Apparel",61.5,123.025520150223
2025-11-01,"CPI_Apparel",61.5,123.025520150223
2025-12-01,"CPI_Apparel",61.5,123.025520150223
2025-01-01,"CPI_Food",61.5,329.642062971851
2025-02-01,"CPI_Food",61.5,329.666075362275
2025-03-01,"CPI_Food",61.5,329.664131227037
2025-04-01,"CPI_Food",61.5,329.662187103264
2025-05-01,"CPI_Food",61.5,329.660242990956
2025-06-01,"CPI_Food",61.5,329.658298890113
2025-07-01,"CPI_Food",61.5,329.656354800735
2025-08-01,"CPI_Food",61.5,329.654410722822
2025-09-01,"CPI_Food",61.5,329.652466656374
2025-10-01,"CPI_Food",61.5,329.650522601391
2025-11-01,"CPI_Food",61.5,329.648578557872
2025-12-01,"CPI_Food",61.5,329.646634525817
2025-01-01,"CPI_Durables",61.5,111.24319937018
2025-02-01,"CPI_Durables",61.5,111.023908728408
2025-03-01,"CPI_Durables",61.5,111.489395916176
2025-04-01,"CPI_Durables",61.5,111.216068471382
2025-05-01,"CPI_Durables",61.5,111.362245637847
2025-06-01,"CPI_Durables",61.5,111.073536184228
2025-07-01,"CPI_Durables",61.5,111.214601963074
2025-08-01,"CPI_Durables",61.5,111.05865124221
2025-09-01,"CPI_Durables",61.5,111.260258853466
2025-10-01,"CPI_Durables",61.5,111.184280922584
2025-11-01,"CPI_Durables",61.5,111.310524858335
2025-12-01,"CPI_Durables",61.5,111.188875864828
2025-01-01,"CPI_Overall",61.5,327.20020779518
2025-02-01,"CPI_Overall",61.5,327.262155525686
2025-03-01,"CPI_Overall",61.5,327.476601674383
2025-04-01,"CPI_Overall",61.5,327.476021854452
2025-05-01,"CPI_Overall",61.5,327.475442035547
2025-06-01,"CPI_Overall",61.5,327.474862217669
2025-07-01,"CPI_Overall",61.5,327.474282400817
2025-08-01,"CPI_Overall",61.5,327.473702584992
2025-09-01,"CPI_Overall",61.5,327.473122770194
2025-10-01,"CPI_Overall",61.5,327.472542956422
2025-11-01,"CPI_Overall",61.5,327.471963143677
2025-12-01,"CPI_Overall",61.5,327.471383331959
2025-01-01,"CPI_Apparel",62,122.9789612203
2025-02-01,"CPI_Apparel",62,123.001236616615
2025-03-01,"CPI_Apparel",62,123.001236616615
2025-04-01,"CPI_Apparel",62,123.001236616615
2025-05-01,"CPI_Apparel",62,123.001236616615
2025-06-01,"CPI_Apparel",62,123.001236616615
2025-07-01,"CPI_Apparel",62,123.001236616615
2025-08-01,"CPI_Apparel",62,123.001236616615
2025-09-01,"CPI_Apparel",62,123.001236616615
2025-10-01,"CPI_Apparel",62,123.001236616615
2025-11-01,"CPI_Apparel",62,123.001236616615
2025-12-01,"CPI_Apparel",62,123.001236616615
2025-01-01,"CPI_Food",62,329.626267820676
2025-02-01,"CPI_Food",62,329.650279060521
2025-03-01,"CPI_Food",62,329.648335018438
2025-04-01,"CPI_Food",62,329.64639098782
2025-05-01,"CPI_Food",62,329.644446968666
2025-06-01,"CPI_Food",62,329.642502960977
2025-07-01,"CPI_Food",62,329.640558964752
2025-08-01,"CPI_Food",62,329.638614979992
2025-09-01,"CPI_Food",62,329.636671006696
2025-10-01,"CPI_Food",62,329.634727044863
2025-11-01,"CPI_Food",62,329.632783094495
2025-12-01,"CPI_Food",62,329.630839155592
2025-01-01,"CPI_Durables",62,111.214022881679
2025-02-01,"CPI_Durables",62,110.994789754711
2025-03-01,"CPI_Durables",62,111.460154856081
2025-04-01,"CPI_Durables",62,111.186899098681
2025-05-01,"CPI_Durables",62,111.333037926295
2025-06-01,"CPI_Durables",62,111.044404194412
2025-07-01,"CPI_Durables",62,111.185432975004
2025-08-01,"CPI_Durables",62,111.029523156365
2025-09-01,"CPI_Durables",62,111.231077890662
2025-10-01,"CPI_Durables",62,111.155119887013
2025-11-01,"CPI_Durables",62,111.281330711934
2025-12-01,"CPI_Durables",62,111.159713624111
2025-01-01,"CPI_Overall",62,327.224735989622
2025-02-01,"CPI_Overall",62,327.28668836397
2025-03-01,"CPI_Overall",62,327.501150588381
2025-04-01,"CPI_Overall",62,327.500570724984
2025-05-01,"CPI_Overall",62,327.499990862614
2025-06-01,"CPI_Overall",62,327.49941100127
2025-07-01,"CPI_Overall",62,327.498831140953
2025-08-01,"CPI_Overall",62,327.498251281663
2025-09-01,"CPI_Overall",62,327.4976714234
2025-10-01,"CPI_Overall",62,327.497091566163
2025-11-01,"CPI_Overall",62,327.496511709953
2025-12-01,"CPI_Overall",62,327.495931854769
2025-01-01,"CPI_Apparel",62.5,122.954881834442
2025-02-01,"CPI_Apparel",62.5,122.977152869215
2025-03-01,"CPI_Apparel",62.5,122.977152869215
2025-04-01,"CPI_Apparel",62.5,122.977152869215
2025-05-01,"CPI_Apparel",62.5,122.977152869215
2025-06-01,"CPI_Apparel",62.5,122.977152869215
2025-07-01,"CPI_Apparel",62.5,122.977152869215
2025-08-01,"CPI_Apparel",62.5,122.977152869215
2025-09-01,"CPI_Apparel",62.5,122.977152869215
2025-10-01,"CPI_Apparel",62.5,122.977152869215
2025-11-01,"CPI_Apparel",62.5,122.977152869215
2025-12-01,"CPI_Apparel",62.5,122.977152869215
2025-01-01,"CPI_Food",62.5,329.610600287302
2025-02-01,"CPI_Food",62.5,329.634610385864
2025-03-01,"CPI_Food",62.5,329.632666436184
2025-04-01,"CPI_Food",62.5,329.630722497968
2025-05-01,"CPI_Food",62.5,329.628778571216
2025-06-01,"CPI_Food",62.5,329.626834655928
2025-07-01,"CPI_Food",62.5,329.624890752103
2025-08-01,"CPI_Food",62.5,329.622946859743
2025-09-01,"CPI_Food",62.5,329.621002978846
2025-10-01,"CPI_Food",62.5,329.619059109413
2025-11-01,"CPI_Food",62.5,329.617115251443
2025-12-01,"CPI_Food",62.5,329.615171404937
2025-01-01,"CPI_Durables",62.5,111.185088305378
2025-02-01,"CPI_Durables",62.5,110.965912216341
2025-03-01,"CPI_Durables",62.5,111.431156243571
2025-04-01,"CPI_Durables",62.5,111.157971579181
2025-05-01,"CPI_Durables",62.5,111.304072385825
2025-06-01,"CPI_Durables",62.5,111.015513747841
2025-07-01,"CPI_Durables",62.5,111.156505836945
2025-08-01,"CPI_Durables",62.5,111.000636581398
2025-09-01,"CPI_Durables",62.5,111.202138877156
2025-10-01,"CPI_Durables",62.5,111.126200635517
2025-11-01,"CPI_Durables",62.5,111.25237862414
2025-12-01,"CPI_Durables",62.5,111.130793177462
2025-01-01,"CPI_Overall",62.5,327.249068984961
2025-02-01,"CPI_Overall",62.5,327.311025966194
2025-03-01,"CPI_Overall",62.5,327.525504138386
2025-04-01,"CPI_Overall",62.5,327.524924231869
2025-05-01,"CPI_Overall",62.5,327.524344326379
2025-06-01,"CPI_Overall",62.5,327.523764421916
2025-07-01,"CPI_Overall",62.5,327.52318451848
2025-08-01,"CPI_Overall",62.5,327.522604616071
2025-09-01,"CPI_Overall",62.5,327.522024714688
2025-10-01,"CPI_Overall",62.5,327.521444814332
2025-11-01,"CPI_Overall",62.5,327.520864915003
2025-12-01,"CPI_Overall",62.5,327.5202850167
2025-01-01,"CPI_Apparel",63,122.930998976803
2025-02-01,"CPI_Apparel",63,122.953265685632
2025-03-01,"CPI_Apparel",63,122.953265685632
2025-04-01,"CPI_Apparel",63,122.953265685632
2025-05-01,"CPI_Apparel",63,122.953265685632
2025-06-01,"CPI_Apparel",63,122.953265685632
2025-07-01,"CPI_Apparel",63,122.953265685632
2025-08-01,"CPI_Apparel",63,122.953265685632
2025-09-01,"CPI_Apparel",63,122.953265685632
2025-10-01,"CPI_Apparel",63,122.953265685632
2025-11-01,"CPI_Apparel",63,122.953265685632
2025-12-01,"CPI_Apparel",63,122.953265685632
2025-01-01,"CPI_Food",63,329.595058331978
2025-02-01,"CPI_Food",63,329.619067298404
2025-03-01,"CPI_Food",63,329.617123440386
2025-04-01,"CPI_Food",63,329.615179593831
2025-05-01,"CPI_Food",63,329.61323575874
2025-06-01,"CPI_Food",63,329.611291935113
2025-07-01,"CPI_Food",63,329.609348122948
2025-08-01,"CPI_Food",63,329.607404322247
2025-09-01,"CPI_Food",63,329.605460533009
2025-10-01,"CPI_Food",63,329.603516755234
2025-11-01,"CPI_Food",63,329.601572988922
2025-12-01,"CPI_Food",63,329.599629234073
2025-01-01,"CPI_Durables",63,111.156391724103
2025-02-01,"CPI_Durables",63,110.937272203842
2025-03-01,"CPI_Durables",63,111.402396152803
2025-04-01,"CPI_Durables",63,111.129281996662
2025-05-01,"CPI_Durables",63,111.275345095069
2025-06-01,"CPI_Durables",63,110.986860933317
2025-07-01,"CPI_Durables",63,111.12781663273
2025-08-01,"CPI_Durables",63,110.971987606631
2025-09-01,"CPI_Durables",63,111.173437895172
2025-10-01,"CPI_Durables",63,111.097519252996
2025-11-01,"CPI_Durables",63,111.223664675409
2025-12-01,"CPI_Durables",63,111.102110609617
2025-01-01,"CPI_Overall",63,327.273209877705
2025-02-01,"CPI_Overall",63,327.335171429453
2025-03-01,"CPI_Overall",63,327.549665423522
2025-04-01,"CPI_Overall",63,327.549085474226
2025-05-01,"CPI_Overall",63,327.548505525957
2025-06-01,"CPI_Overall",63,327.547925578715
2025-07-01,"CPI_Overall",63,327.5473456325
2025-08-01,"CPI_Overall",63,327.546765687311
2025-09-01,"CPI_Overall",63,327.54618574315
2025-10-01,"CPI_Overall",63,327.545605800015
2025-11-01,"CPI_Overall",63,327.545025857907
2025-12-01,"CPI_Overall",63,327.544445916826
2025-01-01,"CPI_Apparel",63.5,122.907309502596
2025-02-01,"CPI_Apparel",63.5,122.929571920509
2025-03-01,"CPI_Apparel",63.5,122.929571920509
2025-04-01,"CPI_Apparel",63.5,122.929571920509
2025-05-01,"CPI_Apparel",63.5,122.929571920509
2025-06-01,"CPI_Apparel",63.5,122.929571920509
2025-07-01,"CPI_Apparel",63.5,122.929571920509
2025-08-01,"CPI_Apparel",63.5,122.929571920509
2025-09-01,"CPI_Apparel",63.5,122.929571920509
2025-10-01,"CPI_Apparel",63.5,122.929571920509
2025-11-01,"CPI_Apparel",63.5,122.929571920509
2025-12-01,"CPI_Apparel",63.5,122.929571920509
2025-01-01,"CPI_Food",63.5,329.57963996342
2025-02-01,"CPI_Food",63.5,329.603647806713
2025-03-01,"CPI_Food",63.5,329.601704039628
2025-04-01,"CPI_Food",63.5,329.599760284006
2025-05-01,"CPI_Food",63.5,329.597816539847
2025-06-01,"CPI_Food",63.5,329.595872807151
2025-07-01,"CPI_Food",63.5,329.593929085917
2025-08-01,"CPI_Food",63.5,329.591985376147
2025-09-01,"CPI_Food",63.5,329.590041677839
2025-10-01,"CPI_Food",63.5,329.588097990993
2025-11-01,"CPI_Food",63.5,329.58615431561
2025-12-01,"CPI_Food",63.5,329.584210651689
2025-01-01,"CPI_Durables",63.5,111.127929314569
2025-02-01,"CPI_Durables",63.5,110.908865901468
2025-03-01,"CPI_Durables",63.5,111.37387075203
2025-04-01,"CPI_Durables",63.5,111.100826528772
2025-05-01,"CPI_Durables",63.5,111.246852226651
2025-06-01,"CPI_Durables",63.5,110.958441933385
2025-07-01,"CPI_Durables",63.5,111.099361540058
2025-08-01,"CPI_Durables",63.5,110.943572415124
2025-09-01,"CPI_Durables",63.5,111.144971120841
2025-10-01,"CPI_Durables",63.5,111.06907191819
2025-11-01,"CPI_Durables",63.5,111.195185040142
2025-12-01,"CPI_Durables",63.5,111.073662099161
2025-01-01,"CPI_Overall",63.5,327.297161691148
2025-02-01,"CPI_Overall",63.5,327.359127777614
2025-03-01,"CPI_Overall",63.5,327.573637469637
2025-04-01,"CPI_Overall",63.5,327.573057477898
2025-05-01,"CPI_Overall",63.5,327.572477487185
2025-06-01,"CPI_Overall",63.5,327.571897497498
2025-07-01,"CPI_Overall",63.5,327.571317508839
2025-08-01,"CPI_Overall",63.5,327.570737521207
2025-09-01,"CPI_Overall",63.5,327.570157534602
2025-10-01,"CPI_Overall",63.5,327.569577549023
2025-11-01,"CPI_Overall",63.5,327.568997564472
2025-12-01,"CPI_Overall",63.5,327.568417580947
2025-01-01,"CPI_Apparel",64,122.883810341626
2025-02-01,"CPI_Apparel",64,122.906068503094
2025-03-01,"CPI_Apparel",64,122.906068503094
2025-04-01,"CPI_Apparel",64,122.906068503094
2025-05-01,"CPI_Apparel",64,122.906068503094
2025-06-01,"CPI_Apparel",64,122.906068503094
2025-07-01,"CPI_Apparel",64,122.906068503094
2025-08-01,"CPI_Apparel",64,122.906068503094
2025-09-01,"CPI_Apparel",64,122.906068503094
2025-10-01,"CPI_Apparel",64,122.906068503094
2025-11-01,"CPI_Apparel",64,122.906068503094
2025-12-01,"CPI_Apparel",64,122.906068503094
2025-01-01,"CPI_Food",64,329.564343237291
2025-02-01,"CPI_Food",64,329.588349966312
2025-03-01,"CPI_Food",64,329.586406289443
2025-04-01,"CPI_Food",64,329.584462624036
2025-05-01,"CPI_Food",64,329.582518970092
2025-06-01,"CPI_Food",64,329.58057532761
2025-07-01,"CPI_Food",64,329.57863169659
2025-08-01,"CPI_Food",64,329.576688077032
2025-09-01,"CPI_Food",64,329.574744468937
2025-10-01,"CPI_Food",64,329.572800872303
2025-11-01,"CPI_Food",64,329.570857287132
2025-12-01,"CPI_Food",64,329.568913713422
2025-01-01,"CPI_Durables",64,111.099697344412
2025-02-01,"CPI_Durables",64,110.880689584214
2025-03-01,"CPI_Durables",64,111.345576300629
2025-04-01,"CPI_Durables",64,111.072601444059
2025-05-01,"CPI_Durables",64,111.218590044215
2025-06-01,"CPI_Durables",64,110.930253021376
2025-07-01,"CPI_Durables",64,111.071136827524
2025-08-01,"CPI_Durables",64,110.915387280705
2025-09-01,"CPI_Durables",64,111.116734821226
2025-10-01,"CPI_Durables",64,111.040854900712
2025-11-01,"CPI_Durables",64,111.166935983717
2025-12-01,"CPI_Durables",64,111.045443915551
2025-01-01,"CPI_Overall",64,327.320927377665
2025-02-01,"CPI_Overall",64,327.38289796361
2025-03-01,"CPI_Overall",64,327.597423231601
2025-04-01,"CPI_Overall",64,327.596843197747
2025-05-01,"CPI_Overall",64,327.596263164919
2025-06-01,"CPI_Overall",64,327.595683133119
2025-07-01,"CPI_Overall",64,327.595103102346
2025-08-01,"CPI_Overall",64,327.5945230726
2025-09-01,"CPI_Overall",64,327.59394304388
2025-10-01,"CPI_Overall",64,327.593363016188
2025-11-01,"CPI_Overall",64,327.592782989523
2025-12-01,"CPI_Overall",64,327.592202963884
2025-01-01,"CPI_Apparel",64.5,122.860498495951
2025-02-01,"CPI_Apparel",64.5,122.882752434903
2025-03-01,"CPI_Apparel",64.5,122.882752434903
2025-04-01,"CPI_Apparel",64.5,122.882752434903
2025-05-01,"CPI_Apparel",64.5,122.882752434903
2025-06-01,"CPI_Apparel",64.5,122.882752434903
2025-07-01,"CPI_Apparel",64.5,122.882752434903
2025-08-01,"CPI_Apparel",64.5,122.882752434903
2025-09-01,"CPI_Apparel",64.5,122.882752434903
2025-10-01,"CPI_Apparel",64.5,122.882752434903
2025-11-01,"CPI_Apparel",64.5,122.882752434903
2025-12-01,"CPI_Apparel",64.5,122.882752434903
2025-01-01,"CPI_Food",64.5,329.549166254737
2025-02-01,"CPI_Food",64.5,329.573171878209
2025-03-01,"CPI_Food",64.5,329.571228290849
2025-04-01,"CPI_Food",64.5,329.569284714952
2025-05-01,"CPI_Food",64.5,329.567341150516
2025-06-01,"CPI_Food",64.5,329.565397597542
2025-07-01,"CPI_Food",64.5,329.563454056029
2025-08-01,"CPI_Food",64.5,329.561510525979
2025-09-01,"CPI_Food",64.5,329.559567007389
2025-10-01,"CPI_Food",64.5,329.557623500262
2025-11-01,"CPI_Food",64.5,329.555680004595
2025-12-01,"CPI_Food",64.5,329.55373652039
2025-01-01,"CPI_Durables",64.5,111.071692169339
2025-02-01,"CPI_Durables",64.5,110.852739614968
2025-03-01,"CPI_Durables",64.5,111.317509146241
2025-04-01,"CPI_Durables",64.5,111.044603099116
2025-05-01,"CPI_Durables",64.5,111.190554899565
2025-06-01,"CPI_Durables",64.5,110.902290558552
2025-07-01,"CPI_Durables",64.5,111.043138851771
2025-08-01,"CPI_Durables",64.5,110.887428565125
2025-09-01,"CPI_Durables",64.5,111.088725351474
2025-10-01,"CPI_Durables",64.5,111.012864558199
2025-11-01,"CPI_Durables",64.5,111.138913859634
2025-12-01,"CPI_Durables",64.5,111.017452416274
2025-01-01,"CPI_Overall",64.5,327.344509820912
2025-02-01,"CPI_Overall",64.5,327.406484871642
2025-03-01,"CPI_Overall",64.5,327.621025595504
2025-04-01,"CPI_Overall",64.5,327.62044551986
2025-05-01,"CPI_Overall",64.5,327.619865445244
2025-06-01,"CPI_Overall",64.5,327.619285371654
2025-07-01,"CPI_Overall",64.5,327.618705299091
2025-08-01,"CPI_Overall",64.5,327.618125227556
2025-09-01,"CPI_Overall",64.5,327.617545157047
2025-10-01,"CPI_Overall",64.5,327.616965087566
2025-11-01,"CPI_Overall",64.5,327.616385019111
2025-12-01,"CPI_Overall",64.5,327.615804951684
2025-01-01,"CPI_Apparel",65,122.837371037639
2025-02-01,"CPI_Apparel",65,122.859620787474
2025-03-01,"CPI_Apparel",65,122.859620787474
2025-04-01,"CPI_Apparel",65,122.859620787474
2025-05-01,"CPI_Apparel",65,122.859620787474
2025-06-01,"CPI_Apparel",65,122.859620787474
2025-07-01,"CPI_Apparel",65,122.859620787474
2025-08-01,"CPI_Apparel",65,122.859620787474
2025-09-01,"CPI_Apparel",65,122.859620787474
2025-10-01,"CPI_Apparel",65,122.859620787474
2025-11-01,"CPI_Apparel",65,122.859620787474
2025-12-01,"CPI_Apparel",65,122.859620787474
2025-01-01,"CPI_Food",65,329.53410716098
2025-02-01,"CPI_Food",65,329.558111687489
2025-03-01,"CPI_Food",65,329.556168188944
2025-04-01,"CPI_Food",65,329.55422470186
2025-05-01,"CPI_Food",65,329.552281226237
2025-06-01,"CPI_Food",65,329.550337762076
2025-07-01,"CPI_Food",65,329.548394309376
2025-08-01,"CPI_Food",65,329.546450868137
2025-09-01,"CPI_Food",65,329.544507438358
2025-10-01,"CPI_Food",65,329.542564020041
2025-11-01,"CPI_Food",65,329.540620613185
2025-12-01,"CPI_Food",65,329.53867721779
2025-01-01,"CPI_Durables",65,111.043910230382
2025-02-01,"CPI_Durables",65,110.825012441778
2025-03-01,"CPI_Durables",65,111.289665722019
2025-04-01,"CPI_Durables",65,111.016827935844
2025-05-01,"CPI_Durables",65,111.162743229926
2025-06-01,"CPI_Durables",65,110.874550991373
2025-07-01,"CPI_Durables",65,111.015364054745
2025-08-01,"CPI_Durables",65,110.85969271532
2025-09-01,"CPI_Durables",65,111.060939152071
2025-10-01,"CPI_Durables",65,110.985097333568
2025-11-01,"CPI_Durables",65,111.111115106771
2025-12-01,"CPI_Durables",65,110.989684044099
2025-01-01,"CPI_Overall",65,327.367911837944
2025-02-01,"CPI_Overall",65,327.4298913193
2025-03-01,"CPI_Overall",65,327.644447380783
2025-04-01,"CPI_Overall",65,327.643867263669
2025-05-01,"CPI_Overall",65,327.643287147582
2025-06-01,"CPI_Overall",65,327.642707032523
2025-07-01,"CPI_Overall",65,327.64212691849
2025-08-01,"CPI_Overall",65,327.641546805485
2025-09-01,"CPI_Overall",65,327.640966693507
2025-10-01,"CPI_Overall",65,327.640386582556
2025-11-01,"CPI_Overall",65,327.639806472632
2025-12-01,"CPI_Overall",65,327.639226363736
2025-01-01,"CPI_Apparel",65.5,122.814425106609
2025-02-01,"CPI_Apparel",65.5,122.836670700207
2025-03-01,"CPI_Apparel",65.5,122.836670700207
2025-04-01,"CPI_Apparel",65.5,122.836670700207
2025-05-01,"CPI_Apparel",65.5,122.836670700207
2025-06-01,"CPI_Apparel",65.5,122.836670700207
2025-07-01,"CPI_Apparel",65.5,122.836670700207
2025-08-01,"CPI_Apparel",65.5,122.836670700207
2025-09-01,"CPI_Apparel",65.5,122.836670700207
2025-10-01,"CPI_Apparel",65.5,122.836670700207
2025-11-01,"CPI_Apparel",65.5,122.836670700207
2025-12-01,"CPI_Apparel",65.5,122.836670700207
2025-01-01,"CPI_Food",65.5,329.519164143962
2025-02-01,"CPI_Food",65.5,329.543167581965
2025-03-01,"CPI_Food",65.5,329.541224171549
2025-04-01,"CPI_Food",65.5,329.539280772594
2025-05-01,"CPI_Food",65.5,329.5373373851
2025-06-01,"CPI_Food",65.5,329.535394009067
2025-07-01,"CPI_Food",65.5,329.533450644494
2025-08-01,"CPI_Food",65.5,329.531507291382
2025-09-01,"CPI_Food",65.5,329.529563949731
2025-10-01,"CPI_Food",65.5,329.52762061954
2025-11-01,"CPI_Food",65.5,329.525677300809
2025-12-01,"CPI_Food",65.5,329.523733993539
2025-01-01,"CPI_Durables",65.5,111.016348051261
2025-02-01,"CPI_Durables",65.5,110.797504595219
2025-03-01,"CPI_Durables",65.5,111.262042543994
2025-04-01,"CPI_Durables",65.5,110.989272478813
2025-05-01,"CPI_Durables",65.5,111.135151555299
2025-06-01,"CPI_Durables",65.5,110.847030848864
2025-07-01,"CPI_Durables",65.5,110.987808961064
2025-08-01,"CPI_Durables",65.5,110.832176260779
2025-09-01,"CPI_Durables",65.5,111.033372746207
2025-10-01,"CPI_Durables",65.5,110.957549752381
2025-11-01,"CPI_Durables",65.5,111.083536246747
2025-12-01,"CPI_Durables",65.5,110.962135324446
2025-01-01,"CPI_Overall",65.5,327.391136181253
2025-02-01,"CPI_Overall",65.5,327.453120059598
2025-03-01,"CPI_Overall",65.5,327.667691342253
2025-04-01,"CPI_Overall",65.5,327.667111183984
2025-05-01,"CPI_Overall",65.5,327.666531026742
2025-06-01,"CPI_Overall",65.5,327.665950870528
2025-07-01,"CPI_Overall",65.5,327.665370715341
2025-08-01,"CPI_Overall",65.5,327.664790561181
2025-09-01,"CPI_Overall",65.5,327.664210408048
2025-10-01,"CPI_Overall",65.5,327.663630255943
2025-11-01,"CPI_Overall",65.5,327.663050104864
2025-12-01,"CPI_Overall",65.5,327.662469954813
2025-01-01,"CPI_Apparel",66,122.791657908556
2025-02-01,"CPI_Apparel",66,122.813899378291
2025-03-01,"CPI_Apparel",66,122.813899378291
2025-04-01,"CPI_Apparel",66,122.813899378291
2025-05-01,"CPI_Apparel",66,122.813899378291
2025-06-01,"CPI_Apparel",66,122.813899378291
2025-07-01,"CPI_Apparel",66,122.813899378291
2025-08-01,"CPI_Apparel",66,122.813899378291
2025-09-01,"CPI_Apparel",66,122.813899378291
2025-10-01,"CPI_Apparel",66,122.813899378291
2025-11-01,"CPI_Apparel",66,122.813899378291
2025-12-01,"CPI_Apparel",66,122.813899378291
2025-01-01,"CPI_Food",66,329.504335433049
2025-02-01,"CPI_Food",66,329.528337790871
2025-03-01,"CPI_Food",66,329.526394467911
2025-04-01,"CPI_Food",66,329.524451156411
2025-05-01,"CPI_Food",66,329.522507856372
2025-06-01,"CPI_Food",66,329.520564567793
2025-07-01,"CPI_Food",66,329.518621290673
2025-08-01,"CPI_Food",66,329.516678025014
2025-09-01,"CPI_Food",66,329.514734770815
2025-10-01,"CPI_Food",66,329.512791528076
2025-11-01,"CPI_Food",66,329.510848296797
2025-12-01,"CPI_Food",66,329.508905076977
2025-01-01,"CPI_Durables",66,110.989002235855
2025-02-01,"CPI_Durables",66,110.770212685862
2025-03-01,"CPI_Durables",66,111.234636208526
2025-04-01,"CPI_Durables",66,110.961933332727
2025-05-01,"CPI_Durables",66,111.107776475926
2025-06-01,"CPI_Durables",66,110.81972674008
2025-07-01,"CPI_Durables",66,110.960470175475
2025-08-01,"CPI_Durables",66,110.804875811014
2025-09-01,"CPI_Durables",66,111.006022737236
2025-10-01,"CPI_Durables",66,110.930218420313
2025-11-01,"CPI_Durables",66,111.056173881381
2025-12-01,"CPI_Durables",66,110.934802862849
2025-01-01,"CPI_Overall",66,327.414185540727
2025-02-01,"CPI_Overall",66,327.476173782931
2025-03-01,"CPI_Overall",66,327.690760172075
2025-04-01,"CPI_Overall",66,327.690179972961
2025-05-01,"CPI_Overall",66,327.689599774875
2025-06-01,"CPI_Overall",66,327.689019577815
2025-07-01,"CPI_Overall",66,327.688439381784
2025-08-01,"CPI_Overall",66,327.687859186779
2025-09-01,"CPI_Overall",66,327.687278992802
2025-10-01,"CPI_Overall",66,327.686698799852
2025-11-01,"CPI_Overall",66,327.686118607929
2025-12-01,"CPI_Overall",66,327.685538417033
2025-01-01,"CPI_Apparel",66.5,122.769066712948
2025-02-01,"CPI_Apparel",66.5,122.7913040907
2025-03-01,"CPI_Apparel",66.5,122.7913040907
2025-04-01,"CPI_Apparel",66.5,122.7913040907
2025-05-01,"CPI_Apparel",66.5,122.7913040907
2025-06-01,"CPI_Apparel",66.5,122.7913040907
2025-07-01,"CPI_Apparel",66.5,122.7913040907
2025-08-01,"CPI_Apparel",66.5,122.7913040907
2025-09-01,"CPI_Apparel",66.5,122.7913040907
2025-10-01,"CPI_Apparel",66.5,122.7913040907
2025-11-01,"CPI_Apparel",66.5,122.7913040907
2025-12-01,"CPI_Apparel",66.5,122.7913040907
2025-01-01,"CPI_Food",66.5,329.489619297773
2025-02-01,"CPI_Food",66.5,329.513620583616
2025-03-01,"CPI_Food",66.5,329.511677347448
2025-04-01,"CPI_Food",66.5,329.509734122739
2025-05-01,"CPI_Food",66.5,329.50779090949
2025-06-01,"CPI_Food",66.5,329.505847707701
2025-07-01,"CPI_Food",66.5,329.503904517371
2025-08-01,"CPI_Food",66.5,329.501961338501
2025-09-01,"CPI_Food",66.5,329.500018171091
2025-10-01,"CPI_Food",66.5,329.498075015139
2025-11-01,"CPI_Food",66.5,329.496131870648
2025-12-01,"CPI_Food",66.5,329.494188737615
2025-01-01,"CPI_Durables",66.5,110.961869465755
2025-02-01,"CPI_Durables",66.5,110.743133401841
2025-03-01,"CPI_Durables",66.5,111.207443389863
2025-04-01,"CPI_Durables",66.5,110.934807179989
2025-05-01,"CPI_Durables",66.5,111.080614669849
2025-06-01,"CPI_Durables",66.5,110.792635351676
2025-07-01,"CPI_Durables",66.5,110.933344380425
2025-08-01,"CPI_Durables",66.5,110.777788053121
2025-09-01,"CPI_Durables",66.5,110.978885806244
2025-10-01,"CPI_Durables",66.5,110.903100020716
2025-11-01,"CPI_Durables",66.5,111.02902469026
2025-12-01,"CPI_Durables",66.5,110.907683342523
2025-01-01,"CPI_Overall",66.5,327.437062545536
2025-02-01,"CPI_Overall",66.5,327.499055118967
2025-03-01,"CPI_Overall",66.5,327.713656501639
2025-04-01,"CPI_Overall",66.5,327.713076261986
2025-05-01,"CPI_Overall",66.5,327.71249602336
2025-06-01,"CPI_Overall",66.5,327.711915785761
2025-07-01,"CPI_Overall",66.5,327.71133554919
2025-08-01,"CPI_Overall",66.5,327.710755313646
2025-09-01,"CPI_Overall",66.5,327.71017507913
2025-10-01,"CPI_Overall",66.5,327.709594845641
2025-11-01,"CPI_Overall",66.5,327.709014613179
2025-12-01,"CPI_Overall",66.5,327.708434381744
2025-01-01,"CPI_Apparel",67,122.746648851112
2025-02-01,"CPI_Apparel",67,122.768882168277
2025-03-01,"CPI_Apparel",67,122.768882168277
2025-04-01,"CPI_Apparel",67,122.768882168277
2025-05-01,"CPI_Apparel",67,122.768882168277
2025-06-01,"CPI_Apparel",67,122.768882168277
2025-07-01,"CPI_Apparel",67,122.768882168277
2025-08-01,"CPI_Apparel",67,122.768882168277
2025-09-01,"CPI_Apparel",67,122.768882168277
2025-10-01,"CPI_Apparel",67,122.768882168277
2025-11-01,"CPI_Apparel",67,122.768882168277
2025-12-01,"CPI_Apparel",67,122.768882168277
2025-01-01,"CPI_Food",67,329.475014046633
2025-02-01,"CPI_Food",67,329.499014268574
2025-03-01,"CPI_Food",67,329.497071118543
2025-04-01,"CPI_Food",67,329.495127979971
2025-05-01,"CPI_Food",67,329.493184852859
2025-06-01,"CPI_Food",67,329.491241737206
2025-07-01,"CPI_Food",67,329.489298633012
2025-08-01,"CPI_Food",67,329.487355540277
2025-09-01,"CPI_Food",67,329.485412459001
2025-10-01,"CPI_Food",67,329.483469389184
2025-11-01,"CPI_Food",67,329.481526330825
2025-12-01,"CPI_Food",67,329.479583283926
2025-01-01,"CPI_Durables",67,110.934946497923
2025-02-01,"CPI_Durables",67,110.71626350651
2025-03-01,"CPI_Durables",67,111.180460837789
2025-04-01,"CPI_Durables",67,110.907890778349
2025-05-01,"CPI_Durables",67,111.053662890558
2025-06-01,"CPI_Durables",67,110.765753445558
2025-07-01,"CPI_Durables",67,110.906428333709
2025-08-01,"CPI_Durables",67,110.750909749442
2025-09-01,"CPI_Durables",67,110.951958709692
2025-10-01,"CPI_Durables",67,110.876191312268
2025-11-01,"CPI_Durables",67,111.00208542838
2025-12-01,"CPI_Durables",67,110.880773522011
2025-01-01,"CPI_Overall",67,327.459769765944
2025-02-01,"CPI_Overall",67,327.521766638458
2025-03-01,"CPI_Overall",67,327.736382903383
2025-04-01,"CPI_Overall",67,327.735802623491
2025-05-01,"CPI_Overall",67,327.735222344626
2025-06-01,"CPI_Overall",67,327.734642066789
2025-07-01,"CPI_Overall",67,327.734061789979
2025-08-01,"CPI_Overall",67,327.733481514197
2025-09-01,"CPI_Overall",67,327.732901239442
2025-10-01,"CPI_Overall",67,327.732320965715
2025-11-01,"CPI_Overall",67,327.731740693015
2025-12-01,"CPI_Overall",67,327.731160421342
2025-01-01,"CPI_Apparel",67.5,122.724401714375
2025-02-01,"CPI_Apparel",67.5,122.746631001877
2025-03-01,"CPI_Apparel",67.5,122.746631001877
2025-04-01,"CPI_Apparel",67.5,122.746631001877
2025-05-01,"CPI_Apparel",67.5,122.746631001877
2025-06-01,"CPI_Apparel",67.5,122.746631001877
2025-07-01,"CPI_Apparel",67.5,122.746631001877
2025-08-01,"CPI_Apparel",67.5,122.746631001877
2025-09-01,"CPI_Apparel",67.5,122.746631001877
2025-10-01,"CPI_Apparel",67.5,122.746631001877
2025-11-01,"CPI_Apparel",67.5,122.746631001877
2025-12-01,"CPI_Apparel",67.5,122.746631001877
2025-01-01,"CPI_Food",67.5,329.460518025928
2025-02-01,"CPI_Food",67.5,329.484517191923
2025-03-01,"CPI_Food",67.5,329.482574127386
2025-04-01,"CPI_Food",67.5,329.480631074307
2025-05-01,"CPI_Food",67.5,329.478688032687
2025-06-01,"CPI_Food",67.5,329.476745002526
2025-07-01,"CPI_Food",67.5,329.474801983823
2025-08-01,"CPI_Food",67.5,329.472858976579
2025-09-01,"CPI_Food",67.5,329.470915980794
2025-10-01,"CPI_Food",67.5,329.468972996466
2025-11-01,"CPI_Food",67.5,329.467030023597
2025-12-01,"CPI_Food",67.5,329.465087062187
2025-01-01,"CPI_Durables",67.5,110.908230162428
2025-02-01,"CPI_Durables",67.5,110.689599836189
2025-03-01,"CPI_Durables",67.5,111.153685375358
2025-04-01,"CPI_Durables",67.5,110.881180958652
2025-05-01,"CPI_Durables",67.5,111.02691796473
2025-06-01,"CPI_Durables",67.5,110.739077856631
2025-07-01,"CPI_Durables",67.5,110.87971886621
2025-08-01,"CPI_Durables",67.5,110.724237735305
2025-09-01,"CPI_Durables",67.5,110.925238277166
2025-10-01,"CPI_Durables",67.5,110.849489126716
2025-11-01,"CPI_Durables",67.5,110.975352923894
2025-12-01,"CPI_Durables",67.5,110.854070232931
2025-01-01,"CPI_Overall",67.5,327.482309715064
2025-02-01,"CPI_Overall",67.5,327.544310854991
2025-03-01,"CPI_Overall",67.5,327.758941892539
2025-04-01,"CPI_Overall",67.5,327.758361572705
2025-05-01,"CPI_Overall",67.5,327.757781253898
2025-06-01,"CPI_Overall",67.5,327.757200936119
2025-07-01,"CPI_Overall",67.5,327.756620619367
2025-08-01,"CPI_Overall",67.5,327.756040303643
2025-09-01,"CPI_Overall",67.5,327.755459988946
2025-10-01,"CPI_Overall",67.5,327.754879675277
2025-11-01,"CPI_Overall",67.5,327.754299362635
2025-12-01,"CPI_Overall",67.5,327.753719051021
2025-01-01,"CPI_Apparel",68,122.702322752288
2025-02-01,"CPI_Apparel",68,122.724548040588
2025-03-01,"CPI_Apparel",68,122.724548040588
2025-04-01,"CPI_Apparel",68,122.724548040588
2025-05-01,"CPI_Apparel",68,122.724548040588
2025-06-01,"CPI_Apparel",68,122.724548040588
2025-07-01,"CPI_Apparel",68,122.724548040588
2025-08-01,"CPI_Apparel",68,122.724548040588
2025-09-01,"CPI_Apparel",68,122.724548040588
2025-10-01,"CPI_Apparel",68,122.724548040588
2025-11-01,"CPI_Apparel",68,122.724548040588
2025-12-01,"CPI_Apparel",68,122.724548040588
2025-01-01,"CPI_Food",68,329.446129618644
2025-02-01,"CPI_Food",68,329.470127736532
2025-03-01,"CPI_Food",68,329.468184756853
2025-04-01,"CPI_Food",68,329.466241788633
2025-05-01,"CPI_Food",68,329.464298831871
2025-06-01,"CPI_Food",68,329.462355886567
2025-07-01,"CPI_Food",68,329.460412952721
2025-08-01,"CPI_Food",68,329.458470030333
2025-09-01,"CPI_Food",68,329.456527119403
2025-10-01,"CPI_Food",68,329.454584219931
2025-11-01,"CPI_Food",68,329.452641331917
2025-12-01,"CPI_Food",68,329.450698455361
2025-01-01,"CPI_Durables",68,110.881717360274
2025-02-01,"CPI_Durables",68,110.663139297988
2025-03-01,"CPI_Durables",68,111.127113896716
2025-04-01,"CPI_Durables",68,110.854674622657
2025-05-01,"CPI_Durables",68,111.000376790054
2025-06-01,"CPI_Durables",68,110.712605490625
2025-07-01,"CPI_Durables",68,110.85321287973
2025-08-01,"CPI_Durables",68,110.697768916856
2025-09-01,"CPI_Durables",68,110.898721409193
2025-10-01,"CPI_Durables",68,110.822990366708
2025-11-01,"CPI_Durables",68,110.948824075929
2025-12-01,"CPI_Durables",68,110.827570377801
2025-01-01,"CPI_Overall",68,327.504684850533
2025-02-01,"CPI_Overall",68,327.56669022667
2025-03-01,"CPI_Overall",68,327.781335928822
2025-04-01,"CPI_Overall",68,327.780755569338
2025-05-01,"CPI_Overall",68,327.780175210881
2025-06-01,"CPI_Overall",68,327.779594853452
2025-07-01,"CPI_Overall",68,327.77901449705
2025-08-01,"CPI_Overall",68,327.778434141676
2025-09-01,"CPI_Overall",68,327.77785378733
2025-10-01,"CPI_Overall",68,327.777273434011
2025-11-01,"CPI_Overall",68,327.776693081719
2025-12-01,"CPI_Overall",68,327.776112730455
2025-01-01,"CPI_Apparel",68.5,122.680409470905
2025-02-01,"CPI_Apparel",68.5,122.702630790014
2025-03-01,"CPI_Apparel",68.5,122.702630790014
2025-04-01,"CPI_Apparel",68.5,122.702630790014
2025-05-01,"CPI_Apparel",68.5,122.702630790014
2025-06-01,"CPI_Apparel",68.5,122.702630790014
2025-07-01,"CPI_Apparel",68.5,122.702630790014
2025-08-01,"CPI_Apparel",68.5,122.702630790014
2025-09-01,"CPI_Apparel",68.5,122.702630790014
2025-10-01,"CPI_Apparel",68.5,122.702630790014
2025-11-01,"CPI_Apparel",68.5,122.702630790014
2025-12-01,"CPI_Apparel",68.5,122.702630790014
2025-01-01,"CPI_Food",68.5,329.431847243374
2025-02-01,"CPI_Food",68.5,329.45584432088
2025-03-01,"CPI_Food",68.5,329.453901425434
2025-04-01,"CPI_Food",68.5,329.451958541447
2025-05-01,"CPI_Food",68.5,329.450015668917
2025-06-01,"CPI_Food",68.5,329.448072807845
2025-07-01,"CPI_Food",68.5,329.44612995823
2025-08-01,"CPI_Food",68.5,329.444187120073
2025-09-01,"CPI_Food",68.5,329.442244293374
2025-10-01,"CPI_Food",68.5,329.440301478132
2025-11-01,"CPI_Food",68.5,329.438358674347
2025-12-01,"CPI_Food",68.5,329.43641588202
2025-01-01,"CPI_Durables",68.5,110.855405061303
2025-02-01,"CPI_Durables",68.5,110.636878867724
2025-03-01,"CPI_Durables",68.5,111.100743364997
2025-04-01,"CPI_Durables",68.5,110.828368740944
2025-05-01,"CPI_Durables",68.5,110.974036333128
2025-06-01,"CPI_Durables",68.5,110.686333322004
2025-07-01,"CPI_Durables",68.5,110.82690734489
2025-08-01,"CPI_Durables",68.5,110.671500268962
2025-09-01,"CPI_Durables",68.5,110.872405075151
2025-10-01,"CPI_Durables",68.5,110.796692003688
2025-11-01,"CPI_Durables",68.5,110.922495852493
2025-12-01,"CPI_Durables",68.5,110.801270927942
2025-01-01,"CPI_Overall",68.5,327.526897576139
2025-02-01,"CPI_Overall",68.5,327.588907157739
2025-03-01,"CPI_Overall",68.5,327.803567418052
2025-04-01,"CPI_Overall",68.5,327.802987019205
2025-05-01,"CPI_Overall",68.5,327.802406621386
2025-06-01,"CPI_Overall",68.5,327.801826224595
2025-07-01,"CPI_Overall",68.5,327.801245828831
2025-08-01,"CPI_Overall",68.5,327.800665434095
2025-09-01,"CPI_Overall",68.5,327.800085040386
2025-10-01,"CPI_Overall",68.5,327.799504647705
2025-11-01,"CPI_Overall",68.5,327.798924256052
2025-12-01,"CPI_Overall",68.5,327.798343865426
2025-01-01,"CPI_Apparel",69,122.658659431134
2025-02-01,"CPI_Apparel",69,122.68087681062
2025-03-01,"CPI_Apparel",69,122.68087681062
2025-04-01,"CPI_Apparel",69,122.68087681062
2025-05-01,"CPI_Apparel",69,122.68087681062
2025-06-01,"CPI_Apparel",69,122.68087681062
2025-07-01,"CPI_Apparel",69,122.68087681062
2025-08-01,"CPI_Apparel",69,122.68087681062
2025-09-01,"CPI_Apparel",69,122.68087681062
2025-10-01,"CPI_Apparel",69,122.68087681062
2025-11-01,"CPI_Apparel",69,122.68087681062
2025-12-01,"CPI_Apparel",69,122.68087681062
2025-01-01,"CPI_Food",69,329.417669353285
2025-02-01,"CPI_Food",69,329.441665398019
2025-03-01,"CPI_Food",69,329.43972258619
2025-04-01,"CPI_Food",69,329.437779785819
2025-05-01,"CPI_Food",69,329.435836996906
2025-06-01,"CPI_Food",69,329.433894219449
2025-07-01,"CPI_Food",69,329.43195145345
2025-08-01,"CPI_Food",69,329.430008698908
2025-09-01,"CPI_Food",69,329.428065955823
2025-10-01,"CPI_Food",69,329.426123224194
2025-11-01,"CPI_Food",69,329.424180504023
2025-12-01,"CPI_Food",69,329.422237795308
2025-01-01,"CPI_Durables",69,110.829290302176
2025-02-01,"CPI_Durables",69,110.6108155879
2025-03-01,"CPI_Durables",69,111.074570810306
2025-04-01,"CPI_Durables",69,110.802260350898
2025-05-01,"CPI_Durables",69,110.947893627443
2025-06-01,"CPI_Durables",69,110.660258391948
2025-07-01,"CPI_Durables",69,110.800799299112
2025-08-01,"CPI_Durables",69,110.645428833202
2025-09-01,"CPI_Durables",69,110.846286311246
2025-10-01,"CPI_Durables",69,110.770591075888
2025-11-01,"CPI_Durables",69,110.896365288456
2025-12-01,"CPI_Durables",69,110.775168921462
2025-01-01,"CPI_Overall",69,327.548950243384
2025-02-01,"CPI_Overall",69,327.610964000142
2025-03-01,"CPI_Overall",69,327.825638713715
2025-04-01,"CPI_Overall",69,327.82505827579
2025-05-01,"CPI_Overall",69,327.824477838892
2025-06-01,"CPI_Overall",69,327.823897403022
2025-07-01,"CPI_Overall",69,327.823316968179
2025-08-01,"CPI_Overall",69,327.822736534365
2025-09-01,"CPI_Overall",69,327.822156101578
2025-10-01,"CPI_Overall",69,327.821575669818
2025-11-01,"CPI_Overall",69,327.820995239087
2025-12-01,"CPI_Overall",69,327.820414809383
2025-01-01,"CPI_Apparel",69.5,122.63707024714
2025-02-01,"CPI_Apparel",69.5,122.65928371614
2025-03-01,"CPI_Apparel",69.5,122.65928371614
2025-04-01,"CPI_Apparel",69.5,122.65928371614
2025-05-01,"CPI_Apparel",69.5,122.65928371614
2025-06-01,"CPI_Apparel",69.5,122.65928371614
2025-07-01,"CPI_Apparel",69.5,122.65928371614
2025-08-01,"CPI_Apparel",69.5,122.65928371614
2025-09-01,"CPI_Apparel",69.5,122.65928371614
2025-10-01,"CPI_Apparel",69.5,122.65928371614
2025-11-01,"CPI_Apparel",69.5,122.65928371614
2025-12-01,"CPI_Apparel",69.5,122.65928371614
2025-01-01,"CPI_Food",69.5,329.403594435113
2025-02-01,"CPI_Food",69.5,329.427589454575
2025-03-01,"CPI_Food",69.5,329.425646725757
2025-04-01,"CPI_Food",69.5,329.423704008396
2025-05-01,"CPI_Food",69.5,329.421761302491
2025-06-01,"CPI_Food",69.5,329.419818608043
2025-07-01,"CPI_Food",69.5,329.417875925051
2025-08-01,"CPI_Food",69.5,329.415933253517
2025-09-01,"CPI_Food",69.5,329.413990593438
2025-10-01,"CPI_Food",69.5,329.412047944816
2025-11-01,"CPI_Food",69.5,329.410105307651
2025-12-01,"CPI_Food",69.5,329.408162681941
2025-01-01,"CPI_Durables",69.5,110.80337018443
2025-02-01,"CPI_Durables",69.5,110.584946565765
2025-03-01,"CPI_Durables",69.5,111.048593327764
2025-04-01,"CPI_Durables",69.5,110.776346554762
2025-05-01,"CPI_Durables",69.5,110.921945771433
2025-06-01,"CPI_Durables",69.5,110.634377806414
2025-07-01,"CPI_Durables",69.5,110.774885844679
2025-08-01,"CPI_Durables",69.5,110.619551715921
2025-09-01,"CPI_Durables",69.5,110.820362218572
2025-10-01,"CPI_Durables",69.5,110.74468468638
2025-11-01,"CPI_Durables",69.5,110.870429483597
2025-12-01,"CPI_Durables",69.5,110.749261461314
2025-01-01,"CPI_Overall",69.5,327.570845152989
2025-02-01,"CPI_Overall",69.5,327.632863055037
2025-03-01,"CPI_Overall",69.5,327.847552118476
2025-04-01,"CPI_Overall",69.5,327.846971641751
2025-05-01,"CPI_Overall",69.5,327.846391166054
2025-06-01,"CPI_Overall",69.5,327.845810691385
2025-07-01,"CPI_Overall",69.5,327.845230217744
2025-08-01,"CPI_Overall",69.5,327.84464974513
2025-09-01,"CPI_Overall",69.5,327.844069273544
2025-10-01,"CPI_Overall",69.5,327.843488802986
2025-11-01,"CPI_Overall",69.5,327.842908333456
2025-12-01,"CPI_Overall",69.5,327.842327864954
2025-01-01,"CPI_Apparel",70,122.61563958481
2025-02-01,"CPI_Apparel",70,122.637849172036
2025-03-01,"CPI_Apparel",70,122.637849172036
2025-04-01,"CPI_Apparel",70,122.637849172036
2025-05-01,"CPI_Apparel",70,122.637849172036
2025-06-01,"CPI_Apparel",70,122.637849172036
2025-07-01,"CPI_Apparel",70,122.637849172036
2025-08-01,"CPI_Apparel",70,122.637849172036
2025-09-01,"CPI_Apparel",70,122.637849172036
2025-10-01,"CPI_Apparel",70,122.637849172036
2025-11-01,"CPI_Apparel",70,122.637849172036
2025-12-01,"CPI_Apparel",70,122.637849172036
2025-01-01,"CPI_Food",70,329.389621008202
2025-02-01,"CPI_Food",70,329.413615009787
2025-03-01,"CPI_Food",70,329.41167236338
2025-04-01,"CPI_Food",70,329.409729728429
2025-05-01,"CPI_Food",70,329.407787104934
2025-06-01,"CPI_Food",70,329.405844492896
2025-07-01,"CPI_Food",70,329.403901892314
2025-08-01,"CPI_Food",70,329.401959303188
2025-09-01,"CPI_Food",70,329.400016725518
2025-10-01,"CPI_Food",70,329.398074159304
2025-11-01,"CPI_Food",70,329.396131604546
2025-12-01,"CPI_Food",70,329.394189061244
2025-01-01,"CPI_Durables",70,110.777641872601
2025-02-01,"CPI_Durables",70,110.559268971445
2025-03-01,"CPI_Durables",70,111.022808075632
2025-04-01,"CPI_Durables",70,110.750624517763
2025-05-01,"CPI_Durables",70,110.896189926599
2025-06-01,"CPI_Durables",70,110.608688734263
2025-07-01,"CPI_Durables",70,110.749164146853
2025-08-01,"CPI_Durables",70,110.593866086357
2025-09-01,"CPI_Durables",70,110.794629961227
2025-10-01,"CPI_Durables",70,110.718970001201
2025-11-01,"CPI_Durables",70,110.844685600738
2025-12-01,"CPI_Durables",70,110.723545713418
2025-01-01,"CPI_Overall",70,327.592584556346
2025-02-01,"CPI_Overall",70,327.654606574244
2025-03-01,"CPI_Overall",70,327.86930988563
2025-04-01,"CPI_Overall",70,327.868729370381
2025-05-01,"CPI_Overall",70,327.868148856161
2025-06-01,"CPI_Overall",70,327.867568342968
2025-07-01,"CPI_Overall",70,327.866987830803
2025-08-01,"CPI_Overall",70,327.866407319666
2025-09-01,"CPI_Overall",70,327.865826809557
2025-10-01,"CPI_Overall",70,327.865246300476
2025-11-01,"CPI_Overall",70,327.864665792422
2025-12-01,"CPI_Overall",70,327.864085285397
2025-01-01,"CPI_Apparel",70.5,122.59436516027
2025-02-01,"CPI_Apparel",70.5,122.616570894022
2025-03-01,"CPI_Apparel",70.5,122.616570894022
2025-04-01,"CPI_Apparel",70.5,122.616570894022
2025-05-01,"CPI_Apparel",70.5,122.616570894022
2025-06-01,"CPI_Apparel",70.5,122.616570894022
2025-07-01,"CPI_Apparel",70.5,122.616570894022
2025-08-01,"CPI_Apparel",70.5,122.616570894022
2025-09-01,"CPI_Apparel",70.5,122.616570894022
2025-10-01,"CPI_Apparel",70.5,122.616570894022
2025-11-01,"CPI_Apparel",70.5,122.616570894022
2025-12-01,"CPI_Apparel",70.5,122.616570894022
2025-01-01,"CPI_Food",70.5,329.375747623574
2025-02-01,"CPI_Food",70.5,329.399740614569
2025-03-01,"CPI_Food",70.5,329.397798049983
2025-04-01,"CPI_Food",70.5,329.395855496853
2025-05-01,"CPI_Food",70.5,329.393912955179
2025-06-01,"CPI_Food",70.5,329.391970424961
2025-07-01,"CPI_Food",70.5,329.390027906198
2025-08-01,"CPI_Food",70.5,329.388085398891
2025-09-01,"CPI_Food",70.5,329.386142903039
2025-10-01,"CPI_Food",70.5,329.384200418643
2025-11-01,"CPI_Food",70.5,329.382257945702
2025-12-01,"CPI_Food",70.5,329.380315484217
2025-01-01,"CPI_Durables",70.5,110.752102592414
2025-02-01,"CPI_Durables",70.5,110.533780036136
2025-03-01,"CPI_Durables",70.5,110.997212273495
2025-04-01,"CPI_Durables",70.5,110.725091466304
2025-05-01,"CPI_Durables",70.5,110.870623315699
2025-06-01,"CPI_Durables",70.5,110.583188405452
2025-07-01,"CPI_Durables",70.5,110.723631432077
2025-08-01,"CPI_Durables",70.5,110.56836917484
2025-09-01,"CPI_Durables",70.5,110.769086764514
2025-10-01,"CPI_Durables",70.5,110.693444247547
2025-11-01,"CPI_Durables",70.5,110.819130863926
2025-12-01,"CPI_Durables",70.5,110.698018904854
2025-01-01,"CPI_Overall",70.5,327.614170656922
2025-02-01,"CPI_Overall",70.5,327.676196761645
2025-03-01,"CPI_Overall",70.5,327.890914220504
2025-04-01,"CPI_Overall",70.5,327.890333667003
2025-05-01,"CPI_Overall",70.5,327.889753114531
2025-06-01,"CPI_Overall",70.5,327.889172563087
2025-07-01,"CPI_Overall",70.5,327.88859201267
2025-08-01,"CPI_Overall",70.5,327.888011463281
2025-09-01,"CPI_Overall",70.5,327.887430914921
2025-10-01,"CPI_Overall",70.5,327.886850367588
2025-11-01,"CPI_Overall",70.5,327.886269821283
2025-12-01,"CPI_Overall",70.5,327.885689276006
2025-01-01,"CPI_Apparel",71,122.573244738459
2025-02-01,"CPI_Apparel",71,122.595446646631
2025-03-01,"CPI_Apparel",71,122.595446646631
2025-04-01,"CPI_Apparel",71,122.595446646631
2025-05-01,"CPI_Apparel",71,122.595446646631
2025-06-01,"CPI_Apparel",71,122.595446646631
2025-07-01,"CPI_Apparel",71,122.595446646631
2025-08-01,"CPI_Apparel",71,122.595446646631
2025-09-01,"CPI_Apparel",71,122.595446646631
2025-10-01,"CPI_Apparel",71,122.595446646631
2025-11-01,"CPI_Apparel",71,122.595446646631
2025-12-01,"CPI_Apparel",71,122.595446646631
2025-01-01,"CPI_Food",71,329.361972863033
2025-02-01,"CPI_Food",71,329.385964850621
2025-03-01,"CPI_Food",71,329.384022367275
2025-04-01,"CPI_Food",71,329.382079895384
2025-05-01,"CPI_Food",71,329.380137434948
2025-06-01,"CPI_Food",71,329.378194985968
2025-07-01,"CPI_Food",71,329.376252548443
2025-08-01,"CPI_Food",71,329.374310122374
2025-09-01,"CPI_Food",71,329.372367707759
2025-10-01,"CPI_Food",71,329.370425304599
2025-11-01,"CPI_Food",71,329.368482912894
2025-12-01,"CPI_Food",71,329.366540532644
2025-01-01,"CPI_Durables",71,110.726749629046
2025-02-01,"CPI_Durables",71,110.508477050363
2025-03-01,"CPI_Durables",71,110.971803200522
2025-04-01,"CPI_Durables",71,110.699744686223
2025-05-01,"CPI_Durables",71,110.845243221004
2025-06-01,"CPI_Durables",71,110.557874109298
2025-07-01,"CPI_Durables",71,110.698284986222
2025-08-01,"CPI_Durables",71,110.543058271049
2025-09-01,"CPI_Durables",71,110.743729913192
2025-10-01,"CPI_Durables",71,110.668104712031
2025-11-01,"CPI_Durables",71,110.793762556693
2025-12-01,"CPI_Durables",71,110.672678322124
2025-01-01,"CPI_Overall",71,327.635605611609
2025-02-01,"CPI_Overall",71,327.69763577454
2025-03-01,"CPI_Overall",71,327.912367281812
2025-04-01,"CPI_Overall",71,327.911786690328
2025-05-01,"CPI_Overall",71,327.911206099871
2025-06-01,"CPI_Overall",71,327.910625510443
2025-07-01,"CPI_Overall",71,327.910044922042
2025-08-01,"CPI_Overall",71,327.90946433467
2025-09-01,"CPI_Overall",71,327.908883748325
2025-10-01,"CPI_Overall",71,327.908303163009
2025-11-01,"CPI_Overall",71,327.90772257872
2025-12-01,"CPI_Overall",71,327.907141995459
2025-01-01,"CPI_Apparel",71.5,122.552276131747
2025-02-01,"CPI_Apparel",71.5,122.574474241839
2025-03-01,"CPI_Apparel",71.5,122.574474241839
2025-04-01,"CPI_Apparel",71.5,122.574474241839
2025-05-01,"CPI_Apparel",71.5,122.574474241839
2025-06-01,"CPI_Apparel",71.5,122.574474241839
2025-07-01,"CPI_Apparel",71.5,122.574474241839
2025-08-01,"CPI_Apparel",71.5,122.574474241839
2025-09-01,"CPI_Apparel",71.5,122.574474241839
2025-10-01,"CPI_Apparel",71.5,122.574474241839
2025-11-01,"CPI_Apparel",71.5,122.574474241839
2025-12-01,"CPI_Apparel",71.5,122.574474241839
2025-01-01,"CPI_Food",71.5,329.348295338296
2025-02-01,"CPI_Food",71.5,329.37228632956
2025-03-01,"CPI_Food",71.5,329.37034392688
2025-04-01,"CPI_Food",71.5,329.368401535655
2025-05-01,"CPI_Food",71.5,329.366459155885
2025-06-01,"CPI_Food",71.5,329.36451678757
2025-07-01,"CPI_Food",71.5,329.362574430709
2025-08-01,"CPI_Food",71.5,329.360632085303
2025-09-01,"CPI_Food",71.5,329.358689751351
2025-10-01,"CPI_Food",71.5,329.356747428854
2025-11-01,"CPI_Food",71.5,329.354805117812
2025-12-01,"CPI_Food",71.5,329.352862818224
2025-01-01,"CPI_Durables",71.5,110.701580325437
2025-02-01,"CPI_Durables",71.5,110.483357362305
2025-03-01,"CPI_Durables",71.5,110.946578193771
2025-04-01,"CPI_Durables",71.5,110.674581521109
2025-05-01,"CPI_Durables",71.5,110.820046982609
2025-06-01,"CPI_Durables",71.5,110.532743192792
2025-07-01,"CPI_Durables",71.5,110.673122152912
2025-08-01,"CPI_Durables",71.5,110.517930722332
2025-09-01,"CPI_Durables",71.5,110.718556749793
2025-10-01,"CPI_Durables",71.5,110.642948739001
2025-11-01,"CPI_Durables",71.5,110.768578020371
2025-12-01,"CPI_Durables",71.5,110.647521309467
2025-01-01,"CPI_Overall",71.5,327.656891532028
2025-02-01,"CPI_Overall",71.5,327.718925724952
2025-03-01,"CPI_Overall",71.5,327.93367118296
2025-04-01,"CPI_Overall",71.5,327.933090553755
2025-05-01,"CPI_Overall",71.5,327.932509925579
2025-06-01,"CPI_Overall",71.5,327.93192929843
2025-07-01,"CPI_Overall",71.5,327.93134867231
2025-08-01,"CPI_Overall",71.5,327.930768047218
2025-09-01,"CPI_Overall",71.5,327.930187423154
2025-10-01,"CPI_Overall",71.5,327.929606800117
2025-11-01,"CPI_Overall",71.5,327.929026178109
2025-12-01,"CPI_Overall",71.5,327.928445557129
2025-01-01,"CPI_Apparel",72,122.531457198609
2025-02-01,"CPI_Apparel",72,122.553651537731
2025-03-01,"CPI_Apparel",72,122.553651537731
2025-04-01,"CPI_Apparel",72,122.553651537731
2025-05-01,"CPI_Apparel",72,122.553651537731
2025-06-01,"CPI_Apparel",72,122.553651537731
2025-07-01,"CPI_Apparel",72,122.553651537731
2025-08-01,"CPI_Apparel",72,122.553651537731
2025-09-01,"CPI_Apparel",72,122.553651537731
2025-10-01,"CPI_Apparel",72,122.553651537731
2025-11-01,"CPI_Apparel",72,122.553651537731
2025-12-01,"CPI_Apparel",72,122.553651537731
2025-01-01,"CPI_Food",72,329.334713690162
2025-02-01,"CPI_Food",72,329.358703692087
2025-03-01,"CPI_Food",72,329.356761369508
2025-04-01,"CPI_Food",72,329.354819058383
2025-05-01,"CPI_Food",72,329.352876758713
2025-06-01,"CPI_Food",72,329.350934470496
2025-07-01,"CPI_Food",72,329.348992193735
2025-08-01,"CPI_Food",72,329.347049928427
2025-09-01,"CPI_Food",72,329.345107674573
2025-10-01,"CPI_Food",72,329.343165432173
2025-11-01,"CPI_Food",72,329.341223201228
2025-12-01,"CPI_Food",72,329.339280981736
2025-01-01,"CPI_Durables",72,110.676592080669
2025-02-01,"CPI_Durables",72,110.458418376173
2025-03-01,"CPI_Durables",72,110.921534646571
2025-04-01,"CPI_Durables",72,110.649599370678
2025-05-01,"CPI_Durables",72,110.795031996816
2025-06-01,"CPI_Durables",72,110.507793058985
2025-07-01,"CPI_Durables",72,110.648140331899
2025-08-01,"CPI_Durables",72,110.492983932088
2025-09-01,"CPI_Durables",72,110.693564673002
2025-10-01,"CPI_Durables",72,110.617973728918
2025-11-01,"CPI_Durables",72,110.74357465247
2025-12-01,"CPI_Durables",72,110.622545267234
2025-01-01,"CPI_Overall",72,327.67803048579
2025-02-01,"CPI_Overall",72,327.740068680882
2025-03-01,"CPI_Overall",72,327.954827993303
2025-04-01,"CPI_Overall",72,327.954247326639
2025-05-01,"CPI_Overall",72,327.953666661003
2025-06-01,"CPI_Overall",72,327.953085996396
2025-07-01,"CPI_Overall",72,327.952505332816
2025-08-01,"CPI_Overall",72,327.951924670264
2025-09-01,"CPI_Overall",72,327.951344008741
2025-10-01,"CPI_Overall",72,327.950763348245
2025-11-01,"CPI_Overall",72,327.950182688778
2025-12-01,"CPI_Overall",72,327.949602030339
2025-01-01,"CPI_Apparel",72.5,122.510785842339
2025-02-01,"CPI_Apparel",72.5,122.532976437221
2025-03-01,"CPI_Apparel",72.5,122.532976437221
2025-04-01,"CPI_Apparel",72.5,122.532976437221
2025-05-01,"CPI_Apparel",72.5,122.532976437221
2025-06-01,"CPI_Apparel",72.5,122.532976437221
2025-07-01,"CPI_Apparel",72.5,122.532976437221
2025-08-01,"CPI_Apparel",72.5,122.532976437221
2025-09-01,"CPI_Apparel",72.5,122.532976437221
2025-10-01,"CPI_Apparel",72.5,122.532976437221
2025-11-01,"CPI_Apparel",72.5,122.532976437221
2025-12-01,"CPI_Apparel",72.5,122.532976437221
2025-01-01,"CPI_Food",72.5,329.321226587704
2025-02-01,"CPI_Food",72.5,329.345215607177
2025-03-01,"CPI_Food",72.5,329.343273364141
2025-04-01,"CPI_Food",72.5,329.341331132559
2025-05-01,"CPI_Food",72.5,329.33938891243
2025-06-01,"CPI_Food",72.5,329.337446703756
2025-07-01,"CPI_Food",72.5,329.335504506535
2025-08-01,"CPI_Food",72.5,329.333562320768
2025-09-01,"CPI_Food",72.5,329.331620146455
2025-10-01,"CPI_Food",72.5,329.329677983595
2025-11-01,"CPI_Food",72.5,329.327735832189
2025-12-01,"CPI_Food",72.5,329.325793692236
2025-01-01,"CPI_Durables",72.5,110.651782348403
2025-02-01,"CPI_Durables",72.5,110.433657550646
2025-03-01,"CPI_Durables",72.5,110.896670006944
2025-04-01,"CPI_Durables",72.5,110.624795689212
2025-05-01,"CPI_Durables",72.5,110.770195714558
2025-06-01,"CPI_Durables",72.5,110.48302116542
2025-07-01,"CPI_Durables",72.5,110.623336977497
2025-08-01,"CPI_Durables",72.5,110.4682153582
2025-09-01,"CPI_Durables",72.5,110.668751136088
2025-10-01,"CPI_Durables",72.5,110.593177136789
2025-11-01,"CPI_Durables",72.5,110.718749905107
2025-12-01,"CPI_Durables",72.5,110.59774765033
2025-01-01,"CPI_Overall",72.5,327.699024497708
2025-02-01,"CPI_Overall",72.5,327.761066667526
2025-03-01,"CPI_Overall",72.5,327.975839739368
2025-04-01,"CPI_Overall",72.5,327.975259035501
2025-05-01,"CPI_Overall",72.5,327.974678332662
2025-06-01,"CPI_Overall",72.5,327.974097630852
2025-07-01,"CPI_Overall",72.5,327.97351693007
2025-08-01,"CPI_Overall",72.5,327.972936230316
2025-09-01,"CPI_Overall",72.5,327.97235553159
2025-10-01,"CPI_Overall",72.5,327.971774833892
2025-11-01,"CPI_Overall",72.5,327.971194137222
2025-12-01,"CPI_Overall",72.5,327.970613441581
2025-01-01,"CPI_Apparel",73,122.490260009807
2025-02-01,"CPI_Apparel",73,122.512446886809
2025-03-01,"CPI_Apparel",73,122.512446886809
2025-04-01,"CPI_Apparel",73,122.512446886809
2025-05-01,"CPI_Apparel",73,122.512446886809
2025-06-01,"CPI_Apparel",73,122.512446886809
2025-07-01,"CPI_Apparel",73,122.512446886809
2025-08-01,"CPI_Apparel",73,122.512446886809
2025-09-01,"CPI_Apparel",73,122.512446886809
2025-10-01,"CPI_Apparel",73,122.512446886809
2025-11-01,"CPI_Apparel",73,122.512446886809
2025-12-01,"CPI_Apparel",73,122.512446886809
2025-01-01,"CPI_Food",73,329.307832727491
2025-02-01,"CPI_Food",73,329.331820771304
2025-03-01,"CPI_Food",73,329.329878607261
2025-04-01,"CPI_Food",73,329.327936454672
2025-05-01,"CPI_Food",73,329.325994313536
2025-06-01,"CPI_Food",73,329.324052183853
2025-07-01,"CPI_Food",73,329.322110065624
2025-08-01,"CPI_Food",73,329.320167958847
2025-09-01,"CPI_Food",73,329.318225863524
2025-10-01,"CPI_Food",73,329.316283779655
2025-11-01,"CPI_Food",73,329.314341707238
2025-12-01,"CPI_Food",73,329.312399646274
2025-01-01,"CPI_Durables",73,110.627148635361
2025-02-01,"CPI_Durables",73,110.409072397361
2025-03-01,"CPI_Durables",73,110.871981776097
2025-04-01,"CPI_Durables",73,110.600167984041
2025-05-01,"CPI_Durables",73,110.74553563989
2025-06-01,"CPI_Durables",73,110.458425022623
2025-07-01,"CPI_Durables",73,110.598709597069
2025-08-01,"CPI_Durables",73,110.443622511527
2025-09-01,"CPI_Durables",73,110.644113645391
2025-10-01,"CPI_Durables",73,110.568556470658
2025-11-01,"CPI_Durables",73,110.694101283498
2025-12-01,"CPI_Durables",73,110.573125966694
2025-01-01,"CPI_Overall",73,327.719875550975
2025-02-01,"CPI_Overall",73,327.781921668454
2025-03-01,"CPI_Overall",73,327.996708406021
2025-04-01,"CPI_Overall",73,327.996127665205
2025-05-01,"CPI_Overall",73,327.995546925417
2025-06-01,"CPI_Overall",73,327.994966186657
2025-07-01,"CPI_Overall",73,327.994385448925
2025-08-01,"CPI_Overall",73,327.993804712222
2025-09-01,"CPI_Overall",73,327.993223976547
2025-10-01,"CPI_Overall",73,327.992643241901
2025-11-01,"CPI_Overall",73,327.992062508282
2025-12-01,"CPI_Overall",73,327.991481775692
2025-01-01,"CPI_Apparel",73.5,122.469877690271
2025-02-01,"CPI_Apparel",73.5,122.492060875387
2025-03-01,"CPI_Apparel",73.5,122.492060875387
2025-04-01,"CPI_Apparel",73.5,122.492060875387
2025-05-01,"CPI_Apparel",73.5,122.492060875387
2025-06-01,"CPI_Apparel",73.5,122.492060875387
2025-07-01,"CPI_Apparel",73.5,122.492060875387
2025-08-01,"CPI_Apparel",73.5,122.492060875387
2025-09-01,"CPI_Apparel",73.5,122.492060875387
2025-10-01,"CPI_Apparel",73.5,122.492060875387
2025-11-01,"CPI_Apparel",73.5,122.492060875387
2025-12-01,"CPI_Apparel",73.5,122.492060875387
2025-01-01,"CPI_Food",73.5,329.294530832836
2025-02-01,"CPI_Food",73.5,329.318517907688
2025-03-01,"CPI_Food",73.5,329.316575822096
2025-04-01,"CPI_Food",73.5,329.314633747957
2025-05-01,"CPI_Food",73.5,329.312691685271
2025-06-01,"CPI_Food",73.5,329.310749634037
2025-07-01,"CPI_Food",73.5,329.308807594257
2025-08-01,"CPI_Food",73.5,329.306865565929
2025-09-01,"CPI_Food",73.5,329.304923549054
2025-10-01,"CPI_Food",73.5,329.302981543632
2025-11-01,"CPI_Food",73.5,329.301039549662
2025-12-01,"CPI_Food",73.5,329.299097567145
2025-01-01,"CPI_Durables",73.5,110.60268849987
2025-02-01,"CPI_Durables",73.5,110.384660479458
2025-03-01,"CPI_Durables",73.5,110.847467506952
2025-04-01,"CPI_Durables",73.5,110.575713814087
2025-05-01,"CPI_Durables",73.5,110.721049328526
2025-06-01,"CPI_Durables",73.5,110.434002192644
2025-07-01,"CPI_Durables",73.5,110.574255749571
2025-08-01,"CPI_Durables",73.5,110.419202954446
2025-09-01,"CPI_Durables",73.5,110.619649758864
2025-10-01,"CPI_Durables",73.5,110.544109290145
2025-11-01,"CPI_Durables",73.5,110.66962634449
2025-12-01,"CPI_Durables",73.5,110.548677775846
2025-01-01,"CPI_Overall",73.5,327.740585588296
2025-02-01,"CPI_Overall",73.5,327.802635626738
2025-03-01,"CPI_Overall",73.5,328.017435937608
2025-04-01,"CPI_Overall",73.5,328.016855160092
2025-05-01,"CPI_Overall",73.5,328.016274383605
2025-06-01,"CPI_Overall",73.5,328.015693608146
2025-07-01,"CPI_Overall",73.5,328.015112833715
2025-08-01,"CPI_Overall",73.5,328.014532060312
2025-09-01,"CPI_Overall",73.5,328.013951287938
2025-10-01,"CPI_Overall",73.5,328.013370516592
2025-11-01,"CPI_Overall",73.5,328.012789746274
2025-12-01,"CPI_Overall",73.5,328.012208976985
2025-01-01,"CPI_Apparel",74,122.44963691421
2025-02-01,"CPI_Apparel",74,122.471816433078
2025-03-01,"CPI_Apparel",74,122.471816433078
2025-04-01,"CPI_Apparel",74,122.471816433078
2025-05-01,"CPI_Apparel",74,122.471816433078
2025-06-01,"CPI_Apparel",74,122.471816433078
2025-07-01,"CPI_Apparel",74,122.471816433078
2025-08-01,"CPI_Apparel",74,122.471816433078
2025-09-01,"CPI_Apparel",74,122.471816433078
2025-10-01,"CPI_Apparel",74,122.471816433078
2025-11-01,"CPI_Apparel",74,122.471816433078
2025-12-01,"CPI_Apparel",74,122.471816433078
2025-01-01,"CPI_Food",74,329.281319653069
2025-02-01,"CPI_Food",74,329.305305765568
2025-03-01,"CPI_Food",74,329.303363757892
2025-04-01,"CPI_Food",74,329.301421761668
2025-05-01,"CPI_Food",74,329.299479776896
2025-06-01,"CPI_Food",74,329.297537803578
2025-07-01,"CPI_Food",74,329.295595841711
2025-08-01,"CPI_Food",74,329.293653891297
2025-09-01,"CPI_Food",74,329.291711952335
2025-10-01,"CPI_Food",74,329.289770024825
2025-11-01,"CPI_Food",74,329.287828108768
2025-12-01,"CPI_Food",74,329.285886204162
2025-01-01,"CPI_Durables",74,110.578399550448
2025-02-01,"CPI_Durables",74,110.360419410171
2025-03-01,"CPI_Durables",74,110.823124802735
2025-04-01,"CPI_Durables",74,110.551430788453
2025-05-01,"CPI_Durables",74,110.696734386426
2025-06-01,"CPI_Durables",74,110.409750287649
2025-07-01,"CPI_Durables",74,110.549973044136
2025-08-01,"CPI_Durables",74,110.394954299444
2025-09-01,"CPI_Durables",74,110.595357084658
2025-10-01,"CPI_Durables",74,110.519833205035
2025-11-01,"CPI_Durables",74,110.645322695155
2025-12-01,"CPI_Durables",74,110.524400687472
2025-01-01,"CPI_Overall",74,327.761156512982
2025-02-01,"CPI_Overall",74,327.823210446049
2025-03-01,"CPI_Overall",74,328.038024239048
2025-04-01,"CPI_Overall",74,328.037443425079
2025-05-01,"CPI_Overall",74,328.036862612139
2025-06-01,"CPI_Overall",74,328.036281800227
2025-07-01,"CPI_Overall",74,328.035700989344
2025-08-01,"CPI_Overall",74,328.035120179488
2025-09-01,"CPI_Overall",74,328.034539370661
2025-10-01,"CPI_Overall",74,328.033958562863
2025-11-01,"CPI_Overall",74,328.033377756093
2025-12-01,"CPI_Overall",74,328.032796950351
2025-01-01,"CPI_Apparel",74.5,122.429535752214
2025-02-01,"CPI_Apparel",74.5,122.451711630124
2025-03-01,"CPI_Apparel",74.5,122.451711630124
2025-04-01,"CPI_Apparel",74.5,122.451711630124
2025-05-01,"CPI_Apparel",74.5,122.451711630124
2025-06-01,"CPI_Apparel",74.5,122.451711630124
2025-07-01,"CPI_Apparel",74.5,122.451711630124
2025-08-01,"CPI_Apparel",74.5,122.451711630124
2025-09-01,"CPI_Apparel",74.5,122.451711630124
2025-10-01,"CPI_Apparel",74.5,122.451711630124
2025-11-01,"CPI_Apparel",74.5,122.451711630124
2025-12-01,"CPI_Apparel",74.5,122.451711630124
2025-01-01,"CPI_Food",74.5,329.268197962836
2025-02-01,"CPI_Food",74.5,329.292183119501
2025-03-01,"CPI_Food",74.5,329.290241189213
2025-04-01,"CPI_Food",74.5,329.288299270376
2025-05-01,"CPI_Food",74.5,329.286357362992
2025-06-01,"CPI_Food",74.5,329.28441546706
2025-07-01,"CPI_Food",74.5,329.282473582579
2025-08-01,"CPI_Food",74.5,329.280531709551
2025-09-01,"CPI_Food",74.5,329.278589847974
2025-10-01,"CPI_Food",74.5,329.276647997849
2025-11-01,"CPI_Food",74.5,329.274706159176
2025-12-01,"CPI_Food",74.5,329.272764331954
2025-01-01,"CPI_Durables",74.5,110.554279444445
2025-02-01,"CPI_Durables",74.5,110.336346851466
2025-03-01,"CPI_Durables",74.5,110.79895131561
2025-04-01,"CPI_Durables",74.5,110.527316565058
2025-05-01,"CPI_Durables",74.5,110.672588468431
2025-06-01,"CPI_Durables",74.5,110.385666968561
2025-07-01,"CPI_Durables",74.5,110.525859138714
2025-08-01,"CPI_Durables",74.5,110.370874207756
2025-09-01,"CPI_Durables",74.5,110.571233279764
2025-10-01,"CPI_Durables",74.5,110.495725873918
2025-11-01,"CPI_Durables",74.5,110.621187991425
2025-12-01,"CPI_Durables",74.5,110.500292360065
2025-01-01,"CPI_Overall",74.5,327.781590190011
2025-02-01,"CPI_Overall",74.5,327.843647991718
2025-03-01,"CPI_Overall",74.5,328.058475176896
2025-04-01,"CPI_Overall",74.5,328.057894326717
2025-05-01,"CPI_Overall",74.5,328.057313477567
2025-06-01,"CPI_Overall",74.5,328.056732629445
2025-07-01,"CPI_Overall",74.5,328.056151782352
2025-08-01,"CPI_Overall",74.5,328.055570936287
2025-09-01,"CPI_Overall",74.5,328.054990091251
2025-10-01,"CPI_Overall",74.5,328.054409247243
2025-11-01,"CPI_Overall",74.5,328.053828404263
2025-12-01,"CPI_Overall",74.5,328.053247562312
2025-01-01,"CPI_Apparel",75,122.409572313902
2025-02-01,"CPI_Apparel",75,122.4317445758
2025-03-01,"CPI_Apparel",75,122.4317445758
2025-04-01,"CPI_Apparel",75,122.4317445758
2025-05-01,"CPI_Apparel",75,122.4317445758
2025-06-01,"CPI_Apparel",75,122.4317445758
2025-07-01,"CPI_Apparel",75,122.4317445758
2025-08-01,"CPI_Apparel",75,122.4317445758
2025-09-01,"CPI_Apparel",75,122.4317445758
2025-10-01,"CPI_Apparel",75,122.4317445758
2025-11-01,"CPI_Apparel",75,122.4317445758
2025-12-01,"CPI_Apparel",75,122.4317445758
2025-01-01,"CPI_Food",75,329.255164561421
2025-02-01,"CPI_Food",75,329.279148768683
2025-03-01,"CPI_Food",75,329.277206915262
2025-04-01,"CPI_Food",75,329.275265073292
2025-05-01,"CPI_Food",75,329.273323242775
2025-06-01,"CPI_Food",75,329.271381423708
2025-07-01,"CPI_Food",75,329.269439616094
2025-08-01,"CPI_Food",75,329.26749781993
2025-09-01,"CPI_Food",75,329.265556035218
2025-10-01,"CPI_Food",75,329.263614261957
2025-11-01,"CPI_Food",75,329.261672500147
2025-12-01,"CPI_Food",75,329.259730749789
2025-01-01,"CPI_Durables",75,110.530325886723
2025-02-01,"CPI_Durables",75,110.31244051273
2025-03-01,"CPI_Durables",75,110.774944745361
2025-04-01,"CPI_Durables",75,110.503368849325
2025-05-01,"CPI_Durables",75,110.648609276947
2025-06-01,"CPI_Durables",75,110.361749943741
2025-07-01,"CPI_Durables",75,110.501911738758
2025-08-01,"CPI_Durables",75,110.346960388052
2025-09-01,"CPI_Durables",75,110.54727604869
2025-10-01,"CPI_Durables",75,110.471785002872
2025-11-01,"CPI_Durables",75,110.597219936772
2025-12-01,"CPI_Durables",75,110.476350499609
2025-01-01,"CPI_Overall",75,327.801888447051
2025-02-01,"CPI_Overall",75,327.86395009176
2025-03-01,"CPI_Overall",75,328.078790580361
2025-04-01,"CPI_Overall",75,328.078209694213
2025-05-01,"CPI_Overall",75,328.077628809093
2025-06-01,"CPI_Overall",75,328.077047925002
2025-07-01,"CPI_Overall",75,328.076467041939
2025-08-01,"CPI_Overall",75,328.075886159904
2025-09-01,"CPI_Overall",75,328.075305278898
2025-10-01,"CPI_Overall",75,328.074724398921
2025-11-01,"CPI_Overall",75,328.074143519972
2025-12-01,"CPI_Overall",75,328.073562642052
2025-01-01,"CPI_Apparel",75.5,122.389744746881
2025-02-01,"CPI_Apparel",75.5,122.411913417375
2025-03-01,"CPI_Apparel",75.5,122.411913417375
2025-04-01,"CPI_Apparel",75.5,122.411913417375
2025-05-01,"CPI_Apparel",75.5,122.411913417375
2025-06-01,"CPI_Apparel",75.5,122.411913417375
2025-07-01,"CPI_Apparel",75.5,122.411913417375
2025-08-01,"CPI_Apparel",75.5,122.411913417375
2025-09-01,"CPI_Apparel",75.5,122.411913417375
2025-10-01,"CPI_Apparel",75.5,122.411913417375
2025-11-01,"CPI_Apparel",75.5,122.411913417375
2025-12-01,"CPI_Apparel",75.5,122.411913417375
2025-01-01,"CPI_Food",75.5,329.242218272089
2025-02-01,"CPI_Food",75.5,329.266201536294
2025-03-01,"CPI_Food",75.5,329.264259759226
2025-04-01,"CPI_Food",75.5,329.26231799361
2025-05-01,"CPI_Food",75.5,329.260376239445
2025-06-01,"CPI_Food",75.5,329.25843449673
2025-07-01,"CPI_Food",75.5,329.256492765467
2025-08-01,"CPI_Food",75.5,329.254551045655
2025-09-01,"CPI_Food",75.5,329.252609337294
2025-10-01,"CPI_Food",75.5,329.250667640383
2025-11-01,"CPI_Food",75.5,329.248725954924
2025-12-01,"CPI_Food",75.5,329.246784280915
2025-01-01,"CPI_Durables",75.5,110.506536628383
2025-02-01,"CPI_Durables",75.5,110.288698149497
2025-03-01,"CPI_Durables",75.5,110.75110283811
2025-04-01,"CPI_Durables",75.5,110.479585392903
2025-05-01,"CPI_Durables",75.5,110.624794560669
2025-06-01,"CPI_Durables",75.5,110.337996967721
2025-07-01,"CPI_Durables",75.5,110.478128595948
2025-08-01,"CPI_Durables",75.5,110.323210595163
2025-09-01,"CPI_Durables",75.5,110.523483142195
2025-10-01,"CPI_Durables",75.5,110.448008344189
2025-11-01,"CPI_Durables",75.5,110.573416280937
2025-12-01,"CPI_Durables",75.5,110.452572858301
2025-01-01,"CPI_Overall",75.5,327.822053075448
2025-02-01,"CPI_Overall",75.5,327.884118537859
2025-03-01,"CPI_Overall",75.5,328.098972242304
2025-04-01,"CPI_Overall",75.5,328.098391320423
2025-05-01,"CPI_Overall",75.5,328.09781039957
2025-06-01,"CPI_Overall",75.5,328.097229479746
2025-07-01,"CPI_Overall",75.5,328.09664856095
2025-08-01,"CPI_Overall",75.5,328.096067643183
2025-09-01,"CPI_Overall",75.5,328.095486726444
2025-10-01,"CPI_Overall",75.5,328.094905810734
2025-11-01,"CPI_Overall",75.5,328.094324896053
2025-12-01,"CPI_Overall",75.5,328.0937439824
2025-01-01,"CPI_Apparel",76,122.37005123573
2025-02-01,"CPI_Apparel",76,122.392216339104
2025-03-01,"CPI_Apparel",76,122.392216339104
2025-04-01,"CPI_Apparel",76,122.392216339104
2025-05-01,"CPI_Apparel",76,122.392216339104
2025-06-01,"CPI_Apparel",76,122.392216339104
2025-07-01,"CPI_Apparel",76,122.392216339104
2025-08-01,"CPI_Apparel",76,122.392216339104
2025-09-01,"CPI_Apparel",76,122.392216339104
2025-10-01,"CPI_Apparel",76,122.392216339104
2025-11-01,"CPI_Apparel",76,122.392216339104
2025-12-01,"CPI_Apparel",76,122.392216339104
2025-01-01,"CPI_Food",76,329.229357941453
2025-02-01,"CPI_Food",76,329.253340268862
2025-03-01,"CPI_Food",76,329.251398567641
2025-04-01,"CPI_Food",76,329.24945687787
2025-05-01,"CPI_Food",76,329.247515199551
2025-06-01,"CPI_Food",76,329.245573532682
2025-07-01,"CPI_Food",76,329.243631877264
2025-08-01,"CPI_Food",76,329.241690233296
2025-09-01,"CPI_Food",76,329.239748600779
2025-10-01,"CPI_Food",76,329.237806979712
2025-11-01,"CPI_Food",76,329.235865370095
2025-12-01,"CPI_Food",76,329.233923771928
2025-01-01,"CPI_Durables",76,110.482909465537
2025-02-01,"CPI_Durables",76,110.265117562223
2025-03-01,"CPI_Durables",76,110.727423385093
2025-04-01,"CPI_Durables",76,110.455963992442
2025-05-01,"CPI_Durables",76,110.601142113351
2025-06-01,"CPI_Durables",76,110.314405839973
2025-07-01,"CPI_Durables",76,110.454507506961
2025-08-01,"CPI_Durables",76,110.299622628858
2025-09-01,"CPI_Durables",76,110.499852356051
2025-10-01,"CPI_Durables",76,110.424393695148
2025-11-01,"CPI_Durables",76,110.549774818697
2025-12-01,"CPI_Durables",76,110.428957233331
2025-01-01,"CPI_Overall",76,327.842085831184
2025-02-01,"CPI_Overall",76,327.90415508633
2025-03-01,"CPI_Overall",76,328.11902192019
2025-04-01,"CPI_Overall",76,328.11844096281
2025-05-01,"CPI_Overall",76,328.117860006458
2025-06-01,"CPI_Overall",76,328.117279051134
2025-07-01,"CPI_Overall",76,328.116698096839
2025-08-01,"CPI_Overall",76,328.116117143573
2025-09-01,"CPI_Overall",76,328.115536191335
2025-10-01,"CPI_Overall",76,328.114955240126
2025-11-01,"CPI_Overall",76,328.114374289946
2025-12-01,"CPI_Overall",76,328.113793340794
2025-01-01,"CPI_Apparel",76.5,122.350490001032
2025-02-01,"CPI_Apparel",76.5,122.372651561246
2025-03-01,"CPI_Apparel",76.5,122.372651561246
2025-04-01,"CPI_Apparel",76.5,122.372651561246
2025-05-01,"CPI_Apparel",76.5,122.372651561246
2025-06-01,"CPI_Apparel",76.5,122.372651561246
2025-07-01,"CPI_Apparel",76.5,122.372651561246
2025-08-01,"CPI_Apparel",76.5,122.372651561246
2025-09-01,"CPI_Apparel",76.5,122.372651561246
2025-10-01,"CPI_Apparel",76.5,122.372651561246
2025-11-01,"CPI_Apparel",76.5,122.372651561246
2025-12-01,"CPI_Apparel",76.5,122.372651561246
2025-01-01,"CPI_Food",76.5,329.216582438859
2025-02-01,"CPI_Food",76.5,329.240563835652
2025-03-01,"CPI_Food",76.5,329.238622209777
2025-04-01,"CPI_Food",76.5,329.236680595352
2025-05-01,"CPI_Food",76.5,329.234738992378
2025-06-01,"CPI_Food",76.5,329.232797400854
2025-07-01,"CPI_Food",76.5,329.230855820781
2025-08-01,"CPI_Food",76.5,329.228914252157
2025-09-01,"CPI_Food",76.5,329.226972694983
2025-10-01,"CPI_Food",76.5,329.225031149259
2025-11-01,"CPI_Food",76.5,329.223089614985
2025-12-01,"CPI_Food",76.5,329.221148092161
2025-01-01,"CPI_Durables",76.5,110.459442238114
2025-02-01,"CPI_Durables",76.5,110.241696595096
2025-03-01,"CPI_Durables",76.5,110.703904221459
2025-04-01,"CPI_Durables",76.5,110.432502488398
2025-05-01,"CPI_Durables",76.5,110.57764977261
2025-06-01,"CPI_Durables",76.5,110.290974403723
2025-07-01,"CPI_Durables",76.5,110.431046312284
2025-08-01,"CPI_Durables",76.5,110.27619433265
2025-09-01,"CPI_Durables",76.5,110.476381529858
2025-10-01,"CPI_Durables",76.5,110.400938896823
2025-11-01,"CPI_Durables",76.5,110.526293388675
2025-12-01,"CPI_Durables",76.5,110.405501465684
2025-01-01,"CPI_Overall",76.5,327.861988435801
2025-02-01,"CPI_Overall",76.5,327.924061459042
2025-03-01,"CPI_Overall",76.5,328.138941337017
2025-04-01,"CPI_Overall",76.5,328.138360344367
2025-05-01,"CPI_Overall",76.5,328.137779352746
2025-06-01,"CPI_Overall",76.5,328.137198362154
2025-07-01,"CPI_Overall",76.5,328.136617372591
2025-08-01,"CPI_Overall",76.5,328.136036384056
2025-09-01,"CPI_Overall",76.5,328.13545539655
2025-10-01,"CPI_Overall",76.5,328.134874410073
2025-11-01,"CPI_Overall",76.5,328.134293424624
2025-12-01,"CPI_Overall",76.5,328.133712440204
2025-01-01,"CPI_Apparel",77,122.331059298429
2025-02-01,"CPI_Apparel",77,122.353217339124
2025-03-01,"CPI_Apparel",77,122.353217339124
2025-04-01,"CPI_Apparel",77,122.353217339124
2025-05-01,"CPI_Apparel",77,122.353217339124
2025-06-01,"CPI_Apparel",77,122.353217339124
2025-07-01,"CPI_Apparel",77,122.353217339124
2025-08-01,"CPI_Apparel",77,122.353217339124
2025-09-01,"CPI_Apparel",77,122.353217339124
2025-10-01,"CPI_Apparel",77,122.353217339124
2025-11-01,"CPI_Apparel",77,122.353217339124
2025-12-01,"CPI_Apparel",77,122.353217339124
2025-01-01,"CPI_Food",77,329.203890655796
2025-02-01,"CPI_Food",77,329.227871128071
2025-03-01,"CPI_Food",77,329.225929577048
2025-04-01,"CPI_Food",77,329.223988037476
2025-05-01,"CPI_Food",77,329.222046509354
2025-06-01,"CPI_Food",77,329.220104992681
2025-07-01,"CPI_Food",77,329.218163487458
2025-08-01,"CPI_Food",77,329.216221993685
2025-09-01,"CPI_Food",77,329.214280511361
2025-10-01,"CPI_Food",77,329.212339040486
2025-11-01,"CPI_Food",77,329.210397581061
2025-12-01,"CPI_Food",77,329.208456133086
2025-01-01,"CPI_Durables",77,110.436132828714
2025-02-01,"CPI_Durables",77,110.21843313489
2025-03-01,"CPI_Durables",77,110.68054322512
2025-04-01,"CPI_Durables",77,110.409198763887
2025-05-01,"CPI_Durables",77,110.55431541878
2025-06-01,"CPI_Durables",77,110.267700544799
2025-07-01,"CPI_Durables",77,110.407742895058
2025-08-01,"CPI_Durables",77,110.252923592651
2025-09-01,"CPI_Durables",77,110.453068545888
2025-10-01,"CPI_Durables",77,110.377641832935
2025-11-01,"CPI_Durables",77,110.502969872189
2025-12-01,"CPI_Durables",77,110.382203438991
2025-01-01,"CPI_Overall",77,327.881762577301
2025-02-01,"CPI_Overall",77,327.943839344314
2025-03-01,"CPI_Overall",77,328.158732182209
2025-04-01,"CPI_Overall",77,328.158151154518
2025-05-01,"CPI_Overall",77,328.157570127857
2025-06-01,"CPI_Overall",77,328.156989102224
2025-07-01,"CPI_Overall",77,328.156408077619
2025-08-01,"CPI_Overall",77,328.155827054044
2025-09-01,"CPI_Overall",77,328.155246031497
2025-10-01,"CPI_Overall",77,328.154665009979
2025-11-01,"CPI_Overall",77,328.15408398949
2025-12-01,"CPI_Overall",77,328.153502970029
2025-01-01,"CPI_Apparel",77.5,122.311757417702
2025-02-01,"CPI_Apparel",77.5,122.333911962214
2025-03-01,"CPI_Apparel",77.5,122.333911962214
2025-04-01,"CPI_Apparel",77.5,122.333911962214
2025-05-01,"CPI_Apparel",77.5,122.333911962214
2025-06-01,"CPI_Apparel",77.5,122.333911962214
2025-07-01,"CPI_Apparel",77.5,122.333911962214
2025-08-01,"CPI_Apparel",77.5,122.333911962214
2025-09-01,"CPI_Apparel",77.5,122.333911962214
2025-10-01,"CPI_Apparel",77.5,122.333911962214
2025-11-01,"CPI_Apparel",77.5,122.333911962214
2025-12-01,"CPI_Apparel",77.5,122.333911962214
2025-01-01,"CPI_Food",77.5,329.191281505319
2025-02-01,"CPI_Food",77.5,329.215261059094
2025-03-01,"CPI_Food",77.5,329.213319582437
2025-04-01,"CPI_Food",77.5,329.21137811723
2025-05-01,"CPI_Food",77.5,329.209436663472
2025-06-01,"CPI_Food",77.5,329.207495221163
2025-07-01,"CPI_Food",77.5,329.205553790303
2025-08-01,"CPI_Food",77.5,329.203612370893
2025-09-01,"CPI_Food",77.5,329.201670962931
2025-10-01,"CPI_Food",77.5,329.199729566419
2025-11-01,"CPI_Food",77.5,329.197788181356
2025-12-01,"CPI_Food",77.5,329.195846807742
2025-01-01,"CPI_Durables",77.5,110.41297916149
2025-02-01,"CPI_Durables",77.5,110.195325109849
2025-03-01,"CPI_Durables",77.5,110.657338315636
2025-04-01,"CPI_Durables",77.5,110.386050743568
2025-05-01,"CPI_Durables",77.5,110.531136973792
2025-06-01,"CPI_Durables",77.5,110.24458219052
2025-07-01,"CPI_Durables",77.5,110.384595179972
2025-08-01,"CPI_Durables",77.5,110.229808336457
2025-09-01,"CPI_Durables",77.5,110.429911327979
2025-10-01,"CPI_Durables",77.5,110.354500428735
2025-11-01,"CPI_Durables",77.5,110.479802192136
2025-12-01,"CPI_Durables",77.5,110.359061078421
2025-01-01,"CPI_Overall",77.5,327.901409911005
2025-02-01,"CPI_Overall",77.5,327.963490397783
2025-03-01,"CPI_Overall",77.5,328.178396112487
2025-04-01,"CPI_Overall",77.5,328.177815049981
2025-05-01,"CPI_Overall",77.5,328.177233988503
2025-06-01,"CPI_Overall",77.5,328.176652928053
2025-07-01,"CPI_Overall",77.5,328.176071868633
2025-08-01,"CPI_Overall",77.5,328.175490810241
2025-09-01,"CPI_Overall",77.5,328.174909752879
2025-10-01,"CPI_Overall",77.5,328.174328696545
2025-11-01,"CPI_Overall",77.5,328.173747641239
2025-12-01,"CPI_Overall",77.5,328.173166586963
2025-01-01,"CPI_Apparel",78,122.292582681898
2025-02-01,"CPI_Apparel",78,122.314733753256
2025-03-01,"CPI_Apparel",78,122.314733753256
2025-04-01,"CPI_Apparel",78,122.314733753256
2025-05-01,"CPI_Apparel",78,122.314733753256
2025-06-01,"CPI_Apparel",78,122.314733753256
2025-07-01,"CPI_Apparel",78,122.314733753256
2025-08-01,"CPI_Apparel",78,122.314733753256
2025-09-01,"CPI_Apparel",78,122.314733753256
2025-10-01,"CPI_Apparel",78,122.314733753256
2025-11-01,"CPI_Apparel",78,122.314733753256
2025-12-01,"CPI_Apparel",78,122.314733753256
2025-01-01,"CPI_Food",78,329.178753921493
2025-02-01,"CPI_Food",78,329.202732562711
2025-03-01,"CPI_Food",78,329.200791159938
2025-04-01,"CPI_Food",78,329.198849768614
2025-05-01,"CPI_Food",78,329.19690838874
2025-06-01,"CPI_Food",78,329.194967020314
2025-07-01,"CPI_Food",78,329.193025663336
2025-08-01,"CPI_Food",78,329.191084317808
2025-09-01,"CPI_Food",78,329.189142983728
2025-10-01,"CPI_Food",78,329.187201661097
2025-11-01,"CPI_Food",78,329.185260349914
2025-12-01,"CPI_Food",78,329.18331905018
2025-01-01,"CPI_Durables",78,110.389979201072
2025-02-01,"CPI_Durables",78,110.172370488618
2025-03-01,"CPI_Durables",78,110.634287453134
2025-04-01,"CPI_Durables",78,110.363056392568
2025-05-01,"CPI_Durables",78,110.5081124001
2025-06-01,"CPI_Durables",78,110.22161730862
2025-07-01,"CPI_Durables",78,110.361601132179
2025-08-01,"CPI_Durables",78,110.206846532077
2025-09-01,"CPI_Durables",78,110.406907840448
2025-10-01,"CPI_Durables",78,110.331512649935
2025-11-01,"CPI_Durables",78,110.456788311914
2025-12-01,"CPI_Durables",78,110.336072349598
2025-01-01,"CPI_Overall",78,327.920932060397
2025-02-01,"CPI_Overall",78,327.983016243239
2025-03-01,"CPI_Overall",78,328.197934752708
2025-04-01,"CPI_Overall",78,328.197353655607
2025-05-01,"CPI_Overall",78,328.196772559535
2025-06-01,"CPI_Overall",78,328.196191464491
2025-07-01,"CPI_Overall",78,328.195610370476
2025-08-01,"CPI_Overall",78,328.19502927749
2025-09-01,"CPI_Overall",78,328.194448185533
2025-10-01,"CPI_Overall",78,328.193867094605
2025-11-01,"CPI_Overall",78,328.193286004706
2025-12-01,"CPI_Overall",78,328.192704915836
2025-01-01,"CPI_Apparel",78.5,122.273533446465
2025-02-01,"CPI_Apparel",78.5,122.295681067401
2025-03-01,"CPI_Apparel",78.5,122.295681067401
2025-04-01,"CPI_Apparel",78.5,122.295681067401
2025-05-01,"CPI_Apparel",78.5,122.295681067401
2025-06-01,"CPI_Apparel",78.5,122.295681067401
2025-07-01,"CPI_Apparel",78.5,122.295681067401
2025-08-01,"CPI_Apparel",78.5,122.295681067401
2025-09-01,"CPI_Apparel",78.5,122.295681067401
2025-10-01,"CPI_Apparel",78.5,122.295681067401
2025-11-01,"CPI_Apparel",78.5,122.295681067401
2025-12-01,"CPI_Apparel",78.5,122.295681067401
2025-01-01,"CPI_Food",78.5,329.166306858858
2025-02-01,"CPI_Food",78.5,329.190284593384
2025-03-01,"CPI_Food",78.5,329.188343264021
2025-04-01,"CPI_Food",78.5,329.186401946106
2025-05-01,"CPI_Food",78.5,329.184460639639
2025-06-01,"CPI_Food",78.5,329.182519344621
2025-07-01,"CPI_Food",78.5,329.180578061051
2025-08-01,"CPI_Food",78.5,329.17863678893
2025-09-01,"CPI_Food",78.5,329.176695528257
2025-10-01,"CPI_Food",78.5,329.174754279032
2025-11-01,"CPI_Food",78.5,329.172813041255
2025-12-01,"CPI_Food",78.5,329.170871814926
2025-01-01,"CPI_Durables",78.5,110.367130951527
2025-02-01,"CPI_Durables",78.5,110.149567279195
2025-03-01,"CPI_Durables",78.5,110.611388637261
2025-04-01,"CPI_Durables",78.5,110.340213715441
2025-05-01,"CPI_Durables",78.5,110.485239699633
2025-06-01,"CPI_Durables",78.5,110.19880390621
2025-07-01,"CPI_Durables",78.5,110.338758756257
2025-08-01,"CPI_Durables",78.5,110.184036186887
2025-09-01,"CPI_Durables",78.5,110.384056087054
2025-10-01,"CPI_Durables",78.5,110.308676501654
2025-11-01,"CPI_Durables",78.5,110.433926234382
2025-12-01,"CPI_Durables",78.5,110.313235257562
2025-01-01,"CPI_Overall",78.5,327.940330617936
2025-02-01,"CPI_Overall",78.5,328.002418473442
2025-03-01,"CPI_Overall",78.5,328.217349696675
2025-04-01,"CPI_Overall",78.5,328.216768565198
2025-05-01,"CPI_Overall",78.5,328.21618743475
2025-06-01,"CPI_Overall",78.5,328.215606305331
2025-07-01,"CPI_Overall",78.5,328.215025176941
2025-08-01,"CPI_Overall",78.5,328.21444404958
2025-09-01,"CPI_Overall",78.5,328.213862923248
2025-10-01,"CPI_Overall",78.5,328.213281797945
2025-11-01,"CPI_Overall",78.5,328.21270067367
2025-12-01,"CPI_Overall",78.5,328.212119550425
2025-01-01,"CPI_Apparel",79,122.25460809843
2025-02-01,"CPI_Apparel",79,122.276752291385
2025-03-01,"CPI_Apparel",79,122.276752291385
2025-04-01,"CPI_Apparel",79,122.276752291385
2025-05-01,"CPI_Apparel",79,122.276752291385
2025-06-01,"CPI_Apparel",79,122.276752291385
2025-07-01,"CPI_Apparel",79,122.276752291385
2025-08-01,"CPI_Apparel",79,122.276752291385
2025-09-01,"CPI_Apparel",79,122.276752291385
2025-10-01,"CPI_Apparel",79,122.276752291385
2025-11-01,"CPI_Apparel",79,122.276752291385
2025-12-01,"CPI_Apparel",79,122.276752291385
2025-01-01,"CPI_Food",79,329.153939291906
2025-02-01,"CPI_Food",79,329.177916125531
2025-03-01,"CPI_Food",79,329.175974869108
2025-04-01,"CPI_Food",79,329.174033624133
2025-05-01,"CPI_Food",79,329.172092390606
2025-06-01,"CPI_Food",79,329.170151168527
2025-07-01,"CPI_Food",79,329.168209957896
2025-08-01,"CPI_Food",79,329.166268758713
2025-09-01,"CPI_Food",79,329.164327570978
2025-10-01,"CPI_Food",79,329.16238639469
2025-11-01,"CPI_Food",79,329.16044522985
2025-12-01,"CPI_Food",79,329.158504076458
2025-01-01,"CPI_Durables",79,110.344432455345
2025-02-01,"CPI_Durables",79,110.12691352793
2025-03-01,"CPI_Durables",79,110.588639906175
2025-04-01,"CPI_Durables",79,110.317520755152
2025-05-01,"CPI_Durables",79,110.462516912786
2025-06-01,"CPI_Durables",79,110.176140028766
2025-07-01,"CPI_Durables",79,110.316066095201
2025-08-01,"CPI_Durables",79,110.161375346624
2025-09-01,"CPI_Durables",79,110.361354109988
2025-10-01,"CPI_Durables",79,110.285990027421
2025-11-01,"CPI_Durables",79,110.411214000844
2025-12-01,"CPI_Durables",79,110.290547845759
2025-01-01,"CPI_Overall",79,327.959607145839
2025-02-01,"CPI_Overall",79,328.021698650906
2025-03-01,"CPI_Overall",79,328.236642507924
2025-04-01,"CPI_Overall",79,328.236061342288
2025-05-01,"CPI_Overall",79,328.235480177681
2025-06-01,"CPI_Overall",79,328.234899014103
2025-07-01,"CPI_Overall",79,328.234317851554
2025-08-01,"CPI_Overall",79,328.233736690034
2025-09-01,"CPI_Overall",79,328.233155529543
2025-10-01,"CPI_Overall",79,328.23257437008
2025-11-01,"CPI_Overall",79,328.231993211647
2025-12-01,"CPI_Overall",79,328.231412054243
2025-01-01,"CPI_Apparel",79.5,122.235805055597
2025-02-01,"CPI_Apparel",79.5,122.257945842724
2025-03-01,"CPI_Apparel",79.5,122.257945842724
2025-04-01,"CPI_Apparel",79.5,122.257945842724
2025-05-01,"CPI_Apparel",79.5,122.257945842724
2025-06-01,"CPI_Apparel",79.5,122.257945842724
2025-07-01,"CPI_Apparel",79.5,122.257945842724
2025-08-01,"CPI_Apparel",79.5,122.257945842724
2025-09-01,"CPI_Apparel",79.5,122.257945842724
2025-10-01,"CPI_Apparel",79.5,122.257945842724
2025-11-01,"CPI_Apparel",79.5,122.257945842724
2025-12-01,"CPI_Apparel",79.5,122.257945842724
2025-01-01,"CPI_Food",79.5,329.141650214577
2025-02-01,"CPI_Food",79.5,329.16562615302
2025-03-01,"CPI_Food",79.5,329.163684969074
2025-04-01,"CPI_Food",79.5,329.161743796576
2025-05-01,"CPI_Food",79.5,329.159802635526
2025-06-01,"CPI_Food",79.5,329.157861485923
2025-07-01,"CPI_Food",79.5,329.155920347767
2025-08-01,"CPI_Food",79.5,329.15397922106
2025-09-01,"CPI_Food",79.5,329.152038105799
2025-10-01,"CPI_Food",79.5,329.150097001986
2025-11-01,"CPI_Food",79.5,329.14815590962
2025-12-01,"CPI_Food",79.5,329.146214828702
2025-01-01,"CPI_Durables",79.5,110.321881792462
2025-02-01,"CPI_Durables",79.5,110.104407318545
2025-03-01,"CPI_Durables",79.5,110.566039335564
2025-04-01,"CPI_Durables",79.5,110.294975592109
2025-05-01,"CPI_Durables",79.5,110.439942117441
2025-06-01,"CPI_Durables",79.5,110.153623759152
2025-07-01,"CPI_Durables",79.5,110.293521229441
2025-08-01,"CPI_Durables",79.5,110.138862094411
2025-09-01,"CPI_Durables",79.5,110.338799988892
2025-10-01,"CPI_Durables",79.5,110.26345130819
2025-11-01,"CPI_Durables",79.5,110.388649690076
2025-12-01,"CPI_Durables",79.5,110.268008195065
2025-01-01,"CPI_Overall",79.5,327.978763176844
2025-02-01,"CPI_Overall",79.5,328.040858308659
2025-03-01,"CPI_Overall",79.5,328.25581472049
2025-04-01,"CPI_Overall",79.5,328.255233520908
2025-05-01,"CPI_Overall",79.5,328.254652322355
2025-06-01,"CPI_Overall",79.5,328.254071124831
2025-07-01,"CPI_Overall",79.5,328.253489928337
2025-08-01,"CPI_Overall",79.5,328.252908732871
2025-09-01,"CPI_Overall",79.5,328.252327538434
2025-10-01,"CPI_Overall",79.5,328.251746345027
2025-11-01,"CPI_Overall",79.5,328.251165152649
2025-12-01,"CPI_Overall",79.5,328.250583961299
2025-01-01,"CPI_Apparel",80,122.217122765766
2025-02-01,"CPI_Apparel",80,122.239260168937
2025-03-01,"CPI_Apparel",80,122.239260168937
2025-04-01,"CPI_Apparel",80,122.239260168937
2025-05-01,"CPI_Apparel",80,122.239260168937
2025-06-01,"CPI_Apparel",80,122.239260168937
2025-07-01,"CPI_Apparel",80,122.239260168937
2025-08-01,"CPI_Apparel",80,122.239260168937
2025-09-01,"CPI_Apparel",80,122.239260168937
2025-10-01,"CPI_Apparel",80,122.239260168937
2025-11-01,"CPI_Apparel",80,122.239260168937
2025-12-01,"CPI_Apparel",80,122.239260168937
2025-01-01,"CPI_Food",80,329.129438639773
2025-02-01,"CPI_Food",80,329.153413688678
2025-03-01,"CPI_Food",80,329.151472576752
2025-04-01,"CPI_Food",80,329.149531476274
2025-05-01,"CPI_Food",80,329.147590387243
2025-06-01,"CPI_Food",80,329.14564930966
2025-07-01,"CPI_Food",80,329.143708243523
2025-08-01,"CPI_Food",80,329.141767188834
2025-09-01,"CPI_Food",80,329.139826145591
2025-10-01,"CPI_Food",80,329.137885113795
2025-11-01,"CPI_Food",80,329.135944093447
2025-12-01,"CPI_Food",80,329.134003084544
2025-01-01,"CPI_Durables",80,110.299477079317
2025-02-01,"CPI_Durables",80,110.082046771192
2025-03-01,"CPI_Durables",80,110.543585037698
2025-04-01,"CPI_Durables",80,110.272576343209
2025-05-01,"CPI_Durables",80,110.417513428022
2025-06-01,"CPI_Durables",80,110.131253216681
2025-07-01,"CPI_Durables",80,110.2711222759
2025-08-01,"CPI_Durables",80,110.116494549811
2025-09-01,"CPI_Durables",80,110.316391839917
2025-10-01,"CPI_Durables",80,110.241058461397
2025-11-01,"CPI_Durables",80,110.366231417377
2025-12-01,"CPI_Durables",80,110.245614422836
2025-01-01,"CPI_Overall",80,327.997800214951
2025-02-01,"CPI_Overall",80,328.059898950985
2025-03-01,"CPI_Overall",80,328.27486783964
2025-04-01,"CPI_Overall",80,328.274286606323
2025-05-01,"CPI_Overall",80,328.273705374035
2025-06-01,"CPI_Overall",80,328.273124142777
2025-07-01,"CPI_Overall",80,328.272542912548
2025-08-01,"CPI_Overall",80,328.271961683347
2025-09-01,"CPI_Overall",80,328.271380455176
2025-10-01,"CPI_Overall",80,328.270799228034
2025-11-01,"CPI_Overall",80,328.270218001921
2025-12-01,"CPI_Overall",80,328.269636776837
2025-01-01,"CPI_Apparel",80.5,122.198559705988
2025-02-01,"CPI_Apparel",80.5,122.220693746798
2025-03-01,"CPI_Apparel",80.5,122.220693746798
2025-04-01,"CPI_Apparel",80.5,122.220693746798
2025-05-01,"CPI_Apparel",80.5,122.220693746798
2025-06-01,"CPI_Apparel",80.5,122.220693746798
2025-07-01,"CPI_Apparel",80.5,122.220693746798
2025-08-01,"CPI_Apparel",80.5,122.220693746798
2025-09-01,"CPI_Apparel",80.5,122.220693746798
2025-10-01,"CPI_Apparel",80.5,122.220693746798
2025-11-01,"CPI_Apparel",80.5,122.220693746798
2025-12-01,"CPI_Apparel",80.5,122.220693746798
2025-01-01,"CPI_Food",80.5,329.117303598881
2025-02-01,"CPI_Food",80.5,329.141277763822
2025-03-01,"CPI_Food",80.5,329.139336723466
2025-04-01,"CPI_Food",80.5,329.137395694556
2025-05-01,"CPI_Food",80.5,329.135454677094
2025-06-01,"CPI_Food",80.5,329.133513671078
2025-07-01,"CPI_Food",80.5,329.131572676509
2025-08-01,"CPI_Food",80.5,329.129631693386
2025-09-01,"CPI_Food",80.5,329.12769072171
2025-10-01,"CPI_Food",80.5,329.12574976148
2025-11-01,"CPI_Food",80.5,329.123808812697
2025-12-01,"CPI_Food",80.5,329.12186787536
2025-01-01,"CPI_Durables",80.5,110.277216467932
2025-02-01,"CPI_Durables",80.5,110.059830041535
2025-03-01,"CPI_Durables",80.5,110.52127516051
2025-04-01,"CPI_Durables",80.5,110.250321160923
2025-05-01,"CPI_Durables",80.5,110.395228994572
2025-06-01,"CPI_Durables",80.5,110.109026556192
2025-07-01,"CPI_Durables",80.5,110.248867387074
2025-08-01,"CPI_Durables",80.5,110.094270867912
2025-09-01,"CPI_Durables",80.5,110.2941278148
2025-10-01,"CPI_Durables",80.5,110.218809640043
2025-11-01,"CPI_Durables",80.5,110.343957333649
2025-12-01,"CPI_Durables",80.5,110.223364681999
2025-01-01,"CPI_Overall",80.5,328.016719736129
2025-02-01,"CPI_Overall",80.5,328.078822054133
2025-03-01,"CPI_Overall",80.5,328.293803342592
2025-04-01,"CPI_Overall",80.5,328.293222075749
2025-05-01,"CPI_Overall",80.5,328.292640809934
2025-06-01,"CPI_Overall",80.5,328.292059545149
2025-07-01,"CPI_Overall",80.5,328.291478281394
2025-08-01,"CPI_Overall",80.5,328.290897018667
2025-09-01,"CPI_Overall",80.5,328.29031575697
2025-10-01,"CPI_Overall",80.5,328.289734496301
2025-11-01,"CPI_Overall",80.5,328.289153236662
2025-12-01,"CPI_Overall",80.5,328.288571978052
2025-01-01,"CPI_Apparel",81,122.180114381827
2025-02-01,"CPI_Apparel",81,122.202245081604
2025-03-01,"CPI_Apparel",81,122.202245081604
2025-04-01,"CPI_Apparel",81,122.202245081604
2025-05-01,"CPI_Apparel",81,122.202245081604
2025-06-01,"CPI_Apparel",81,122.202245081604
2025-07-01,"CPI_Apparel",81,122.202245081604
2025-08-01,"CPI_Apparel",81,122.202245081604
2025-09-01,"CPI_Apparel",81,122.202245081604
2025-10-01,"CPI_Apparel",81,122.202245081604
2025-11-01,"CPI_Apparel",81,122.202245081604
2025-12-01,"CPI_Apparel",81,122.202245081604
2025-01-01,"CPI_Food",81,329.105244141315
2025-02-01,"CPI_Food",81,329.1292174278
2025-03-01,"CPI_Food",81,329.127276458567
2025-04-01,"CPI_Food",81,329.12533550078
2025-05-01,"CPI_Food",81,329.12339455444
2025-06-01,"CPI_Food",81,329.121453619546
2025-07-01,"CPI_Food",81,329.119512696098
2025-08-01,"CPI_Food",81,329.117571784097
2025-09-01,"CPI_Food",81,329.115630883542
2025-10-01,"CPI_Food",81,329.113689994432
2025-11-01,"CPI_Food",81,329.111749116769
2025-12-01,"CPI_Food",81,329.109808250552
2025-01-01,"CPI_Durables",81,110.255098145026
2025-02-01,"CPI_Durables",81,110.037755319866
2025-03-01,"CPI_Durables",81,110.499107886703
2025-04-01,"CPI_Durables",81,110.228208232414
2025-05-01,"CPI_Durables",81,110.37308700187
2025-06-01,"CPI_Durables",81,110.086941967168
2025-07-01,"CPI_Durables",81,110.226754750148
2025-08-01,"CPI_Durables",81,110.07218923844
2025-09-01,"CPI_Durables",81,110.272006099981
2025-10-01,"CPI_Durables",81,110.196703031805
2025-11-01,"CPI_Durables",81,110.321825624514
2025-12-01,"CPI_Durables",81,110.201257160156
2025-01-01,"CPI_Overall",81,328.035523189016
2025-02-01,"CPI_Overall",81,328.097629067016
2025-03-01,"CPI_Overall",81,328.312622679207
2025-04-01,"CPI_Overall",81,328.312041379043
2025-05-01,"CPI_Overall",81,328.311460079908
2025-06-01,"CPI_Overall",81,328.310878781802
2025-07-01,"CPI_Overall",81,328.310297484726
2025-08-01,"CPI_Overall",81,328.309716188678
2025-09-01,"CPI_Overall",81,328.30913489366
2025-10-01,"CPI_Overall",81,328.308553599672
2025-11-01,"CPI_Overall",81,328.307972306712
2025-12-01,"CPI_Overall",81,328.307391014781
2025-01-01,"CPI_Apparel",81.5,122.161785326664
2025-02-01,"CPI_Apparel",81.5,122.183912706467
2025-03-01,"CPI_Apparel",81.5,122.183912706467
2025-04-01,"CPI_Apparel",81.5,122.183912706467
2025-05-01,"CPI_Apparel",81.5,122.183912706467
2025-06-01,"CPI_Apparel",81.5,122.183912706467
2025-07-01,"CPI_Apparel",81.5,122.183912706467
2025-08-01,"CPI_Apparel",81.5,122.183912706467
2025-09-01,"CPI_Apparel",81.5,122.183912706467
2025-10-01,"CPI_Apparel",81.5,122.183912706467
2025-11-01,"CPI_Apparel",81.5,122.183912706467
2025-12-01,"CPI_Apparel",81.5,122.183912706467
2025-01-01,"CPI_Food",81.5,329.093259334076
2025-02-01,"CPI_Food",81.5,329.117231747541
2025-03-01,"CPI_Food",81.5,329.115290848991
2025-04-01,"CPI_Food",81.5,329.113349961887
2025-05-01,"CPI_Food",81.5,329.111409086229
2025-06-01,"CPI_Food",81.5,329.109468222017
2025-07-01,"CPI_Food",81.5,329.107527369251
2025-08-01,"CPI_Food",81.5,329.10558652793
2025-09-01,"CPI_Food",81.5,329.103645698055
2025-10-01,"CPI_Food",81.5,329.101704879626
2025-11-01,"CPI_Food",81.5,329.099764072642
2025-12-01,"CPI_Food",81.5,329.097823277104
2025-01-01,"CPI_Durables",81.5,110.233120331149
2025-02-01,"CPI_Durables",81.5,110.015820830246
2025-03-01,"CPI_Durables",81.5,110.477081432892
2025-04-01,"CPI_Durables",81.5,110.206235778665
2025-05-01,"CPI_Durables",81.5,110.351085668562
2025-06-01,"CPI_Durables",81.5,110.064997672877
2025-07-01,"CPI_Durables",81.5,110.204782586131
2025-08-01,"CPI_Durables",81.5,110.050247884899
2025-09-01,"CPI_Durables",81.5,110.250024915739
2025-10-01,"CPI_Durables",81.5,110.174736858178
2025-11-01,"CPI_Durables",81.5,110.299834509446
2025-12-01,"CPI_Durables",81.5,110.179290078727
2025-01-01,"CPI_Overall",81.5,328.054211995586
2025-02-01,"CPI_Overall",81.5,328.116321411876
2025-03-01,"CPI_Overall",81.5,328.331327272662
2025-04-01,"CPI_Overall",81.5,328.33074593938
2025-05-01,"CPI_Overall",81.5,328.330164607127
2025-06-01,"CPI_Overall",81.5,328.329583275904
2025-07-01,"CPI_Overall",81.5,328.329001945709
2025-08-01,"CPI_Overall",81.5,328.328420616545
2025-09-01,"CPI_Overall",81.5,328.327839288409
2025-10-01,"CPI_Overall",81.5,328.327257961303
2025-11-01,"CPI_Overall",81.5,328.326676635226
2025-12-01,"CPI_Overall",81.5,328.326095310178
2025-01-01,"CPI_Apparel",82,122.143571101005
2025-02-01,"CPI_Apparel",82,122.165695181633
2025-03-01,"CPI_Apparel",82,122.165695181633
2025-04-01,"CPI_Apparel",82,122.165695181633
2025-05-01,"CPI_Apparel",82,122.165695181633
2025-06-01,"CPI_Apparel",82,122.165695181633
2025-07-01,"CPI_Apparel",82,122.165695181633
2025-08-01,"CPI_Apparel",82,122.165695181633
2025-09-01,"CPI_Apparel",82,122.165695181633
2025-10-01,"CPI_Apparel",82,122.165695181633
2025-11-01,"CPI_Apparel",82,122.165695181633
2025-12-01,"CPI_Apparel",82,122.165695181633
2025-01-01,"CPI_Food",82,329.081348261316
2025-02-01,"CPI_Food",82,329.105319807133
2025-03-01,"CPI_Food",82,329.103378978831
2025-04-01,"CPI_Food",82,329.101438161974
2025-05-01,"CPI_Food",82,329.099497356564
2025-06-01,"CPI_Food",82,329.097556562598
2025-07-01,"CPI_Food",82,329.095615780079
2025-08-01,"CPI_Food",82,329.093675009004
2025-09-01,"CPI_Food",82,329.091734249375
2025-10-01,"CPI_Food",82,329.089793501191
2025-11-01,"CPI_Food",82,329.087852764452
2025-12-01,"CPI_Food",82,329.085912039158
2025-01-01,"CPI_Durables",82,110.211281279853
2025-02-01,"CPI_Durables",82,109.994024829668
2025-03-01,"CPI_Durables",82,110.455194048764
2025-04-01,"CPI_Durables",82,110.184402053656
2025-05-01,"CPI_Durables",82,110.329223246333
2025-06-01,"CPI_Durables",82,110.043191929533
2025-07-01,"CPI_Durables",82,110.182949149024
2025-08-01,"CPI_Durables",82,110.028445063738
2025-09-01,"CPI_Durables",82,110.228182515359
2025-10-01,"CPI_Durables",82,110.152909373639
2025-11-01,"CPI_Durables",82,110.27798224094
2025-12-01,"CPI_Durables",82,110.157461692118
2025-01-01,"CPI_Overall",82,328.072787551802
2025-02-01,"CPI_Overall",82,328.134900484941
2025-03-01,"CPI_Overall",82,328.349918520097
2025-04-01,"CPI_Overall",82,328.349337153898
2025-05-01,"CPI_Overall",82,328.348755788728
2025-06-01,"CPI_Overall",82,328.348174424588
2025-07-01,"CPI_Overall",82,328.347593061477
2025-08-01,"CPI_Overall",82,328.347011699395
2025-09-01,"CPI_Overall",82,328.346430338343
2025-10-01,"CPI_Overall",82,328.34584897832
2025-11-01,"CPI_Overall",82,328.345267619326
2025-12-01,"CPI_Overall",82,328.344686261362
2025-01-01,"CPI_Apparel",82.5,122.12547029182
2025-02-01,"CPI_Apparel",82.5,122.147591093817
2025-03-01,"CPI_Apparel",82.5,122.147591093817
2025-04-01,"CPI_Apparel",82.5,122.147591093817
2025-05-01,"CPI_Apparel",82.5,122.147591093817
2025-06-01,"CPI_Apparel",82.5,122.147591093817
2025-07-01,"CPI_Apparel",82.5,122.147591093817
2025-08-01,"CPI_Apparel",82.5,122.147591093817
2025-09-01,"CPI_Apparel",82.5,122.147591093817
2025-10-01,"CPI_Apparel",82.5,122.147591093817
2025-11-01,"CPI_Apparel",82.5,122.147591093817
2025-12-01,"CPI_Apparel",82.5,122.147591093817
2025-01-01,"CPI_Food",82.5,329.069510023921
2025-02-01,"CPI_Food",82.5,329.093480707396
2025-03-01,"CPI_Food",82.5,329.091539948912
2025-04-01,"CPI_Food",82.5,329.089599201874
2025-05-01,"CPI_Food",82.5,329.087658466281
2025-06-01,"CPI_Food",82.5,329.085717742133
2025-07-01,"CPI_Food",82.5,329.08377702943
2025-08-01,"CPI_Food",82.5,329.081836328172
2025-09-01,"CPI_Food",82.5,329.079895638359
2025-10-01,"CPI_Food",82.5,329.077954959991
2025-11-01,"CPI_Food",82.5,329.076014293067
2025-12-01,"CPI_Food",82.5,329.074073637588
2025-01-01,"CPI_Durables",82.5,110.189579276884
2025-02-01,"CPI_Durables",82.5,109.972365607257
2025-03-01,"CPI_Durables",82.5,110.433444016268
2025-04-01,"CPI_Durables",82.5,110.162705343548
2025-05-01,"CPI_Durables",82.5,110.30749801909
2025-06-01,"CPI_Durables",82.5,110.021523025494
2025-07-01,"CPI_Durables",82.5,110.161252725011
2025-08-01,"CPI_Durables",82.5,110.006779063545
2025-09-01,"CPI_Durables",82.5,110.206477184321
2025-10-01,"CPI_Durables",82.5,110.13121886484
2025-11-01,"CPI_Durables",82.5,110.256267103703
2025-12-01,"CPI_Durables",82.5,110.13577028691
2025-01-01,"CPI_Overall",82.5,328.091251228247
2025-02-01,"CPI_Overall",82.5,328.153367657052
2025-03-01,"CPI_Overall",82.5,328.368397793253
2025-04-01,"CPI_Overall",82.5,328.367816394335
2025-05-01,"CPI_Overall",82.5,328.367234996446
2025-06-01,"CPI_Overall",82.5,328.366653599587
2025-07-01,"CPI_Overall",82.5,328.366072203757
2025-08-01,"CPI_Overall",82.5,328.365490808957
2025-09-01,"CPI_Overall",82.5,328.364909415186
2025-10-01,"CPI_Overall",82.5,328.364328022445
2025-11-01,"CPI_Overall",82.5,328.363746630733
2025-12-01,"CPI_Overall",82.5,328.36316524005
2025-01-01,"CPI_Apparel",83,122.1074815119
2025-02-01,"CPI_Apparel",83,122.129599055557
2025-03-01,"CPI_Apparel",83,122.129599055557
2025-04-01,"CPI_Apparel",83,122.129599055557
2025-05-01,"CPI_Apparel",83,122.129599055557
2025-06-01,"CPI_Apparel",83,122.129599055557
2025-07-01,"CPI_Apparel",83,122.129599055557
2025-08-01,"CPI_Apparel",83,122.129599055557
2025-09-01,"CPI_Apparel",83,122.129599055557
2025-10-01,"CPI_Apparel",83,122.129599055557
2025-11-01,"CPI_Apparel",83,122.129599055557
2025-12-01,"CPI_Apparel",83,122.129599055557
2025-01-01,"CPI_Food",83,329.057743739111
2025-02-01,"CPI_Food",83,329.081713565484
2025-03-01,"CPI_Food",83,329.079772876395
2025-04-01,"CPI_Food",83,329.077832198751
2025-05-01,"CPI_Food",83,329.075891532551
2025-06-01,"CPI_Food",83,329.073950877796
2025-07-01,"CPI_Food",83,329.072010234486
2025-08-01,"CPI_Food",83,329.07006960262
2025-09-01,"CPI_Food",83,329.068128982198
2025-10-01,"CPI_Food",83,329.066188373221
2025-11-01,"CPI_Food",83,329.064247775689
2025-12-01,"CPI_Food",83,329.0623071896
2025-01-01,"CPI_Durables",83,110.16801263939
2025-02-01,"CPI_Durables",83,109.950841483479
2025-03-01,"CPI_Durables",83,110.41182964883
2025-04-01,"CPI_Durables",83,110.141143965901
2025-05-01,"CPI_Durables",83,110.285908302183
2025-06-01,"CPI_Durables",83,109.999989280477
2025-07-01,"CPI_Durables",83,110.139691631675
2025-08-01,"CPI_Durables",83,109.985248204261
2025-09-01,"CPI_Durables",83,110.184907239517
2025-10-01,"CPI_Durables",83,110.109663649823
2025-11-01,"CPI_Durables",83,110.234687413866
2025-12-01,"CPI_Durables",83,110.114214181074
2025-01-01,"CPI_Overall",83,328.109604370732
2025-02-01,"CPI_Overall",83,328.171724274277
2025-03-01,"CPI_Overall",83,328.386766439079
2025-04-01,"CPI_Overall",83,328.386185007638
2025-05-01,"CPI_Overall",83,328.385603577227
2025-06-01,"CPI_Overall",83,328.385022147845
2025-07-01,"CPI_Overall",83,328.384440719492
2025-08-01,"CPI_Overall",83,328.383859292169
2025-09-01,"CPI_Overall",83,328.383277865876
2025-10-01,"CPI_Overall",83,328.382696440611
2025-11-01,"CPI_Overall",83,328.382115016377
2025-12-01,"CPI_Overall",83,328.381533593172
2025-01-01,"CPI_Apparel",83.5,122.089603399232
2025-02-01,"CPI_Apparel",83.5,122.111717704595
2025-03-01,"CPI_Apparel",83.5,122.111717704595
2025-04-01,"CPI_Apparel",83.5,122.111717704595
2025-05-01,"CPI_Apparel",83.5,122.111717704595
2025-06-01,"CPI_Apparel",83.5,122.111717704595
2025-07-01,"CPI_Apparel",83.5,122.111717704595
2025-08-01,"CPI_Apparel",83.5,122.111717704595
2025-09-01,"CPI_Apparel",83.5,122.111717704595
2025-10-01,"CPI_Apparel",83.5,122.111717704595
2025-11-01,"CPI_Apparel",83.5,122.111717704595
2025-12-01,"CPI_Apparel",83.5,122.111717704595
2025-01-01,"CPI_Food",83.5,329.046048540039
2025-02-01,"CPI_Food",83.5,329.070017514489
2025-03-01,"CPI_Food",83.5,329.068076894375
2025-04-01,"CPI_Food",83.5,329.066136285705
2025-05-01,"CPI_Food",83.5,329.06419568848
2025-06-01,"CPI_Food",83.5,329.062255102698
2025-07-01,"CPI_Food",83.5,329.060314528361
2025-08-01,"CPI_Food",83.5,329.058373965468
2025-09-01,"CPI_Food",83.5,329.05643341402
2025-10-01,"CPI_Food",83.5,329.054492874015
2025-11-01,"CPI_Food",83.5,329.052552345454
2025-12-01,"CPI_Food",83.5,329.050611828337
2025-01-01,"CPI_Durables",83.5,110.146579715168
2025-02-01,"CPI_Durables",83.5,109.929450809388
2025-03-01,"CPI_Durables",83.5,110.390349290591
2025-04-01,"CPI_Durables",83.5,110.119716268916
2025-05-01,"CPI_Durables",83.5,110.264452441642
2025-06-01,"CPI_Durables",83.5,109.9785890448
2025-07-01,"CPI_Durables",83.5,110.118264217239
2025-08-01,"CPI_Durables",83.5,109.963850836425
2025-09-01,"CPI_Durables",83.5,110.163471028492
2025-10-01,"CPI_Durables",83.5,110.088242077258
2025-11-01,"CPI_Durables",83.5,110.213241518226
2025-12-01,"CPI_Durables",83.5,110.092791723214
2025-01-01,"CPI_Overall",83.5,328.127848300898
2025-02-01,"CPI_Overall",83.5,328.189971658505
2025-03-01,"CPI_Overall",83.5,328.40502578033
2025-04-01,"CPI_Overall",83.5,328.40444431656
2025-05-01,"CPI_Overall",83.5,328.403862853819
2025-06-01,"CPI_Overall",83.5,328.403281392108
2025-07-01,"CPI_Overall",83.5,328.402699931426
2025-08-01,"CPI_Overall",83.5,328.402118471774
2025-09-01,"CPI_Overall",83.5,328.401537013151
2025-10-01,"CPI_Overall",83.5,328.400955555558
2025-11-01,"CPI_Overall",83.5,328.400374098994
2025-12-01,"CPI_Overall",83.5,328.39979264346
2025-01-01,"CPI_Apparel",84,122.071834616393
2025-02-01,"CPI_Apparel",84,122.093945703265
2025-03-01,"CPI_Apparel",84,122.093945703265
2025-04-01,"CPI_Apparel",84,122.093945703265
2025-05-01,"CPI_Apparel",84,122.093945703265
2025-06-01,"CPI_Apparel",84,122.093945703265
2025-07-01,"CPI_Apparel",84,122.093945703265
2025-08-01,"CPI_Apparel",84,122.093945703265
2025-09-01,"CPI_Apparel",84,122.093945703265
2025-10-01,"CPI_Apparel",84,122.093945703265
2025-11-01,"CPI_Apparel",84,122.093945703265
2025-12-01,"CPI_Apparel",84,122.093945703265
2025-01-01,"CPI_Food",84,329.034423575417
2025-02-01,"CPI_Food",84,329.05839170306
2025-03-01,"CPI_Food",84,329.056451151507
2025-04-01,"CPI_Food",84,329.054510611397
2025-05-01,"CPI_Food",84,329.052570082732
2025-06-01,"CPI_Food",84,329.05062956551
2025-07-01,"CPI_Food",84,329.048689059732
2025-08-01,"CPI_Food",84,329.046748565398
2025-09-01,"CPI_Food",84,329.044808082507
2025-10-01,"CPI_Food",84,329.04286761106
2025-11-01,"CPI_Food",84,329.040927151057
2025-12-01,"CPI_Food",84,329.038986702497
2025-01-01,"CPI_Durables",84,110.125278881925
2025-02-01,"CPI_Durables",84,109.908191965888
2025-03-01,"CPI_Durables",84,110.369001315665
2025-04-01,"CPI_Durables",84,110.098420630694
2025-05-01,"CPI_Durables",84,110.243128813435
2025-06-01,"CPI_Durables",84,109.957320698641
2025-07-01,"CPI_Durables",84,110.096968859823
2025-08-01,"CPI_Durables",84,109.942585340433
2025-09-01,"CPI_Durables",84,110.142166928701
2025-10-01,"CPI_Durables",84,110.066952525711
2025-11-01,"CPI_Durables",84,110.191927793507
2025-12-01,"CPI_Durables",84,110.071501291829
2025-01-01,"CPI_Overall",84,328.145984316782
2025-02-01,"CPI_Overall",84,328.208111108021
2025-03-01,"CPI_Overall",84,328.423177116143
2025-04-01,"CPI_Overall",84,328.422595620234
2025-05-01,"CPI_Overall",84,328.422014125355
2025-06-01,"CPI_Overall",84,328.421432631506
2025-07-01,"CPI_Overall",84,328.420851138686
2025-08-01,"CPI_Overall",84,328.420269646896
2025-09-01,"CPI_Overall",84,328.419688156135
2025-10-01,"CPI_Overall",84,328.419106666404
2025-11-01,"CPI_Overall",84,328.418525177703
2025-12-01,"CPI_Overall",84,328.417943690031
2025-01-01,"CPI_Apparel",84.5,122.054173849966
2025-02-01,"CPI_Apparel",84.5,122.076281737912
2025-03-01,"CPI_Apparel",84.5,122.076281737912
2025-04-01,"CPI_Apparel",84.5,122.076281737912
2025-05-01,"CPI_Apparel",84.5,122.076281737912
2025-06-01,"CPI_Apparel",84.5,122.076281737912
2025-07-01,"CPI_Apparel",84.5,122.076281737912
2025-08-01,"CPI_Apparel",84.5,122.076281737912
2025-09-01,"CPI_Apparel",84.5,122.076281737912
2025-10-01,"CPI_Apparel",84.5,122.076281737912
2025-11-01,"CPI_Apparel",84.5,122.076281737912
2025-12-01,"CPI_Apparel",84.5,122.076281737912
2025-01-01,"CPI_Food",84.5,329.022868009142
2025-02-01,"CPI_Food",84.5,329.046835295033
2025-03-01,"CPI_Food",84.5,329.044894811631
2025-04-01,"CPI_Food",84.5,329.042954339673
2025-05-01,"CPI_Food",84.5,329.041013879158
2025-06-01,"CPI_Food",84.5,329.039073430087
2025-07-01,"CPI_Food",84.5,329.037132992459
2025-08-01,"CPI_Food",84.5,329.035192566274
2025-09-01,"CPI_Food",84.5,329.033252151532
2025-10-01,"CPI_Food",84.5,329.031311748234
2025-11-01,"CPI_Food",84.5,329.029371356379
2025-12-01,"CPI_Food",84.5,329.027430975967
2025-01-01,"CPI_Durables",84.5,110.104108546559
2025-02-01,"CPI_Durables",84.5,109.887063363018
2025-03-01,"CPI_Durables",84.5,110.347784127426
2025-04-01,"CPI_Durables",84.5,110.077255458522
2025-05-01,"CPI_Durables",84.5,110.221935822756
2025-06-01,"CPI_Durables",84.5,109.93618265133
2025-07-01,"CPI_Durables",84.5,110.075803966737
2025-08-01,"CPI_Durables",84.5,109.921450125827
2025-09-01,"CPI_Durables",84.5,110.120993346799
2025-10-01,"CPI_Durables",84.5,110.045793402925
2025-11-01,"CPI_Durables",84.5,110.170744645644
2025-12-01,"CPI_Durables",84.5,110.050341294594
2025-01-01,"CPI_Overall",84.5,328.164013693383
2025-02-01,"CPI_Overall",84.5,328.226143898065
2025-03-01,"CPI_Overall",84.5,328.441221722592
2025-04-01,"CPI_Overall",84.5,328.440640194734
2025-05-01,"CPI_Overall",84.5,328.440058667906
2025-06-01,"CPI_Overall",84.5,328.439477142108
2025-07-01,"CPI_Overall",84.5,328.438895617339
2025-08-01,"CPI_Overall",84.5,328.4383140936
2025-09-01,"CPI_Overall",84.5,328.43773257089
2025-10-01,"CPI_Overall",84.5,328.43715104921
2025-11-01,"CPI_Overall",84.5,328.43656952856
2025-12-01,"CPI_Overall",84.5,328.435988008939
2025-01-01,"CPI_Apparel",85,122.036619809966
2025-02-01,"CPI_Apparel",85,122.058724518318
2025-03-01,"CPI_Apparel",85,122.058724518318
2025-04-01,"CPI_Apparel",85,122.058724518318
2025-05-01,"CPI_Apparel",85,122.058724518318
2025-06-01,"CPI_Apparel",85,122.058724518318
2025-07-01,"CPI_Apparel",85,122.058724518318
2025-08-01,"CPI_Apparel",85,122.058724518318
2025-09-01,"CPI_Apparel",85,122.058724518318
2025-10-01,"CPI_Apparel",85,122.058724518318
2025-11-01,"CPI_Apparel",85,122.058724518318
2025-12-01,"CPI_Apparel",85,122.058724518318
2025-01-01,"CPI_Food",85,329.011381019939
2025-02-01,"CPI_Food",85,329.035347469074
2025-03-01,"CPI_Food",85,329.033407053419
2025-04-01,"CPI_Food",85,329.031466649207
2025-05-01,"CPI_Food",85,329.029526256438
2025-06-01,"CPI_Food",85,329.027585875113
2025-07-01,"CPI_Food",85,329.02564550523
2025-08-01,"CPI_Food",85,329.02370514679
2025-09-01,"CPI_Food",85,329.021764799793
2025-10-01,"CPI_Food",85,329.019824464239
2025-11-01,"CPI_Food",85,329.017884140128
2025-12-01,"CPI_Food",85,329.015943827459
2025-01-01,"CPI_Durables",85,110.083067144466
2025-02-01,"CPI_Durables",85,109.866063439259
2025-03-01,"CPI_Durables",85,110.326696157808
2025-04-01,"CPI_Durables",85,110.056219188178
2025-05-01,"CPI_Durables",85,110.200871903328
2025-06-01,"CPI_Durables",85,109.915173340649
2025-07-01,"CPI_Durables",85,110.05476797378
2025-08-01,"CPI_Durables",85,109.9004436306
2025-09-01,"CPI_Durables",85,110.099948717943
2025-10-01,"CPI_Durables",85,110.024763145125
2025-11-01,"CPI_Durables",85,110.149690509086
2025-12-01,"CPI_Durables",85,110.02931016767
2025-01-01,"CPI_Overall",85,328.181937683204
2025-02-01,"CPI_Overall",85,328.244071281375
2025-03-01,"CPI_Overall",85,328.459160853238
2025-04-01,"CPI_Overall",85,328.458579293618
2025-05-01,"CPI_Overall",85,328.457997735027
2025-06-01,"CPI_Overall",85,328.457416177466
2025-07-01,"CPI_Overall",85,328.456834620935
2025-08-01,"CPI_Overall",85,328.456253065434
2025-09-01,"CPI_Overall",85,328.455671510962
2025-10-01,"CPI_Overall",85,328.45508995752
2025-11-01,"CPI_Overall",85,328.454508405108
2025-12-01,"CPI_Overall",85,328.453926853725
2025-01-01,"CPI_Apparel",85.5,122.01917122929
2025-02-01,"CPI_Apparel",85.5,122.041272777149
2025-03-01,"CPI_Apparel",85.5,122.041272777149
2025-04-01,"CPI_Apparel",85.5,122.041272777149
2025-05-01,"CPI_Apparel",85.5,122.041272777149
2025-06-01,"CPI_Apparel",85.5,122.041272777149
2025-07-01,"CPI_Apparel",85.5,122.041272777149
2025-08-01,"CPI_Apparel",85.5,122.041272777149
2025-09-01,"CPI_Apparel",85.5,122.041272777149
2025-10-01,"CPI_Apparel",85.5,122.041272777149
2025-11-01,"CPI_Apparel",85.5,122.041272777149
2025-12-01,"CPI_Apparel",85.5,122.041272777149
2025-01-01,"CPI_Food",85.5,328.999961801011
2025-02-01,"CPI_Food",85.5,329.023927418327
2025-03-01,"CPI_Food",85.5,329.021987070019
2025-04-01,"CPI_Food",85.5,329.020046733154
2025-05-01,"CPI_Food",85.5,329.018106407732
2025-06-01,"CPI_Food",85.5,329.016166093752
2025-07-01,"CPI_Food",85.5,329.014225791215
2025-08-01,"CPI_Food",85.5,329.012285500121
2025-09-01,"CPI_Food",85.5,329.010345220469
2025-10-01,"CPI_Food",85.5,329.008404952259
2025-11-01,"CPI_Food",85.5,329.006464695492
2025-12-01,"CPI_Food",85.5,329.004524450167
2025-01-01,"CPI_Durables",85.5,110.062153138869
2025-02-01,"CPI_Durables",85.5,109.845190660863
2025-03-01,"CPI_Durables",85.5,110.305735866632
2025-04-01,"CPI_Durables",85.5,110.035310283259
2025-05-01,"CPI_Durables",85.5,110.179935516729
2025-06-01,"CPI_Durables",85.5,109.894291232164
2025-07-01,"CPI_Durables",85.5,110.033859344568
2025-08-01,"CPI_Durables",85.5,109.879564320522
2025-09-01,"CPI_Durables",85.5,110.07903150512
2025-10-01,"CPI_Durables",85.5,110.003860216346
2025-11-01,"CPI_Durables",85.5,110.128763846125
2025-12-01,"CPI_Durables",85.5,110.008406375031
2025-01-01,"CPI_Overall",85.5,328.199757516775
2025-02-01,"CPI_Overall",85.5,328.261894488716
2025-03-01,"CPI_Overall",85.5,328.47699573965
2025-04-01,"CPI_Overall",85.5,328.476414148452
2025-05-01,"CPI_Overall",85.5,328.475832558284
2025-06-01,"CPI_Overall",85.5,328.475250969145
2025-07-01,"CPI_Overall",85.5,328.474669381036
2025-08-01,"CPI_Overall",85.5,328.474087793957
2025-09-01,"CPI_Overall",85.5,328.473506207908
2025-10-01,"CPI_Overall",85.5,328.472924622888
2025-11-01,"CPI_Overall",85.5,328.472343038898
2025-12-01,"CPI_Overall",85.5,328.471761455938
2025-01-01,"CPI_Apparel",86,122.001826863177
2025-02-01,"CPI_Apparel",86,122.023925269421
2025-03-01,"CPI_Apparel",86,122.023925269421
2025-04-01,"CPI_Apparel",86,122.023925269421
2025-05-01,"CPI_Apparel",86,122.023925269421
2025-06-01,"CPI_Apparel",86,122.023925269421
2025-07-01,"CPI_Apparel",86,122.023925269421
2025-08-01,"CPI_Apparel",86,122.023925269421
2025-09-01,"CPI_Apparel",86,122.023925269421
2025-10-01,"CPI_Apparel",86,122.023925269421
2025-11-01,"CPI_Apparel",86,122.023925269421
2025-12-01,"CPI_Apparel",86,122.023925269421
2025-01-01,"CPI_Food",86,328.988609559704
2025-02-01,"CPI_Food",86,329.012574350078
2025-03-01,"CPI_Food",86,329.010634068723
2025-04-01,"CPI_Food",86,329.00869379881
2025-05-01,"CPI_Food",86,329.006753540339
2025-06-01,"CPI_Food",86,329.004813293311
2025-07-01,"CPI_Food",86,329.002873057725
2025-08-01,"CPI_Food",86,329.000932833581
2025-09-01,"CPI_Food",86,328.998992620879
2025-10-01,"CPI_Food",86,328.997052419619
2025-11-01,"CPI_Food",86,328.9951122298
2025-12-01,"CPI_Food",86,328.993172051424
2025-01-01,"CPI_Durables",86,110.041365020159
2025-02-01,"CPI_Durables",86,109.824443521197
2025-03-01,"CPI_Durables",86,110.284901740948
2025-04-01,"CPI_Durables",86,110.014527234525
2025-05-01,"CPI_Durables",86,110.159125151734
2025-06-01,"CPI_Durables",86,109.87353481857
2025-07-01,"CPI_Durables",86,110.013076569883
2025-08-01,"CPI_Durables",86,109.85881068849
2025-09-01,"CPI_Durables",86,110.058240198489
2025-10-01,"CPI_Durables",86,109.983083107781
2025-11-01,"CPI_Durables",86,110.107963146239
2025-12-01,"CPI_Durables",86,109.987628407805
2025-01-01,"CPI_Overall",86,328.217474403166
2025-02-01,"CPI_Overall",86,328.279614729386
2025-03-01,"CPI_Overall",86,328.494727591921
2025-04-01,"CPI_Overall",86,328.494145969327
2025-05-01,"CPI_Overall",86,328.493564347764
2025-06-01,"CPI_Overall",86,328.49298272723
2025-07-01,"CPI_Overall",86,328.492401107726
2025-08-01,"CPI_Overall",86,328.491819489251
2025-09-01,"CPI_Overall",86,328.491237871807
2025-10-01,"CPI_Overall",86,328.490656255392
2025-11-01,"CPI_Overall",86,328.490074640007
2025-12-01,"CPI_Overall",86,328.489493025652
2025-01-01,"CPI_Apparel",86.5,121.98458548869
2025-02-01,"CPI_Apparel",86.5,122.006680771973
2025-03-01,"CPI_Apparel",86.5,122.006680771973
2025-04-01,"CPI_Apparel",86.5,122.006680771973
2025-05-01,"CPI_Apparel",86.5,122.006680771973
2025-06-01,"CPI_Apparel",86.5,122.006680771973
2025-07-01,"CPI_Apparel",86.5,122.006680771973
2025-08-01,"CPI_Apparel",86.5,122.006680771973
2025-09-01,"CPI_Apparel",86.5,122.006680771973
2025-10-01,"CPI_Apparel",86.5,122.006680771973
2025-11-01,"CPI_Apparel",86.5,122.006680771973
2025-12-01,"CPI_Apparel",86.5,122.006680771973
2025-01-01,"CPI_Food",86.5,328.977323517173
2025-02-01,"CPI_Food",86.5,329.001287485429
2025-03-01,"CPI_Food",86.5,328.999347270636
2025-04-01,"CPI_Food",86.5,328.997407067284
2025-05-01,"CPI_Food",86.5,328.995466875375
2025-06-01,"CPI_Food",86.5,328.993526694907
2025-07-01,"CPI_Food",86.5,328.991586525881
2025-08-01,"CPI_Food",86.5,328.989646368297
2025-09-01,"CPI_Food",86.5,328.987706222154
2025-10-01,"CPI_Food",86.5,328.985766087453
2025-11-01,"CPI_Food",86.5,328.983825964194
2025-12-01,"CPI_Food",86.5,328.981885852376
2025-01-01,"CPI_Durables",86.5,110.020701305265
2025-02-01,"CPI_Durables",86.5,109.803820540112
2025-03-01,"CPI_Durables",86.5,110.264192294402
2025-04-01,"CPI_Durables",86.5,109.993868559266
2025-05-01,"CPI_Durables",86.5,110.138439323685
2025-06-01,"CPI_Durables",86.5,109.852902619055
2025-07-01,"CPI_Durables",86.5,109.992418167031
2025-08-01,"CPI_Durables",86.5,109.838181253893
2025-09-01,"CPI_Durables",86.5,110.037573314751
2025-10-01,"CPI_Durables",86.5,109.962430337142
2025-11-01,"CPI_Durables",86.5,110.08728692546
2025-12-01,"CPI_Durables",86.5,109.966974783644
2025-01-01,"CPI_Overall",86.5,328.235089530485
2025-02-01,"CPI_Overall",86.5,328.297233191719
2025-03-01,"CPI_Overall",86.5,328.512357599162
2025-04-01,"CPI_Overall",86.5,328.511775945353
2025-05-01,"CPI_Overall",86.5,328.511194292574
2025-06-01,"CPI_Overall",86.5,328.510612640825
2025-07-01,"CPI_Overall",86.5,328.510030990106
2025-08-01,"CPI_Overall",86.5,328.509449340417
2025-09-01,"CPI_Overall",86.5,328.508867691757
2025-10-01,"CPI_Overall",86.5,328.508286044128
2025-11-01,"CPI_Overall",86.5,328.507704397528
2025-12-01,"CPI_Overall",86.5,328.507122751958
2025-01-01,"CPI_Apparel",87,121.967445904209
2025-02-01,"CPI_Apparel",87,121.989538082969
2025-03-01,"CPI_Apparel",87,121.989538082969
2025-04-01,"CPI_Apparel",87,121.989538082969
2025-05-01,"CPI_Apparel",87,121.989538082969
2025-06-01,"CPI_Apparel",87,121.989538082969
2025-07-01,"CPI_Apparel",87,121.989538082969
2025-08-01,"CPI_Apparel",87,121.989538082969
2025-09-01,"CPI_Apparel",87,121.989538082969
2025-10-01,"CPI_Apparel",87,121.989538082969
2025-11-01,"CPI_Apparel",87,121.989538082969
2025-12-01,"CPI_Apparel",87,121.989538082969
2025-01-01,"CPI_Food",87,328.96610290807
2025-02-01,"CPI_Food",87,328.990066058974
2025-03-01,"CPI_Food",87,328.988125910357
2025-04-01,"CPI_Food",87,328.986185773181
2025-05-01,"CPI_Food",87,328.984245647446
2025-06-01,"CPI_Food",87,328.982305533154
2025-07-01,"CPI_Food",87,328.980365430302
2025-08-01,"CPI_Food",87,328.978425338892
2025-09-01,"CPI_Food",87,328.976485258923
2025-10-01,"CPI_Food",87,328.974545190395
2025-11-01,"CPI_Food",87,328.972605133309
2025-12-01,"CPI_Food",87,328.970665087663
2025-01-01,"CPI_Durables",87,110.000160537032
2025-02-01,"CPI_Durables",87,109.783320263327
2025-03-01,"CPI_Durables",87,110.243606066615
2025-04-01,"CPI_Durables",87,109.973332800684
2025-05-01,"CPI_Durables",87,110.117876573867
2025-06-01,"CPI_Durables",87,109.83239317869
2025-07-01,"CPI_Durables",87,109.971882679236
2025-08-01,"CPI_Durables",87,109.817674561993
2025-09-01,"CPI_Durables",87,110.017029396529
2025-10-01,"CPI_Durables",87,109.941900448048
2025-11-01,"CPI_Durables",87,110.06673372575
2025-12-01,"CPI_Durables",87,109.946444046105
2025-01-01,"CPI_Overall",87,328.252604066359
2025-02-01,"CPI_Overall",87,328.314751043562
2025-03-01,"CPI_Overall",87,328.529886929985
2025-04-01,"CPI_Overall",87,328.529305245139
2025-05-01,"CPI_Overall",87,328.528723561324
2025-06-01,"CPI_Overall",87,328.528141878538
2025-07-01,"CPI_Overall",87,328.527560196782
2025-08-01,"CPI_Overall",87,328.526978516056
2025-09-01,"CPI_Overall",87,328.52639683636
2025-10-01,"CPI_Overall",87,328.525815157694
2025-11-01,"CPI_Overall",87,328.525233480058
2025-12-01,"CPI_Overall",87,328.524651803451
2025-01-01,"CPI_Apparel",87.5,121.950406928938
2025-02-01,"CPI_Apparel",87.5,121.972496021398
2025-03-01,"CPI_Apparel",87.5,121.972496021398
2025-04-01,"CPI_Apparel",87.5,121.972496021398
2025-05-01,"CPI_Apparel",87.5,121.972496021398
2025-06-01,"CPI_Apparel",87.5,121.972496021398
2025-07-01,"CPI_Apparel",87.5,121.972496021398
2025-08-01,"CPI_Apparel",87.5,121.972496021398
2025-09-01,"CPI_Apparel",87.5,121.972496021398
2025-10-01,"CPI_Apparel",87.5,121.972496021398
2025-11-01,"CPI_Apparel",87.5,121.972496021398
2025-12-01,"CPI_Apparel",87.5,121.972496021398
2025-01-01,"CPI_Food",87.5,328.954946980229
2025-02-01,"CPI_Food",87.5,328.978909318493
2025-03-01,"CPI_Food",87.5,328.97696923567
2025-04-01,"CPI_Food",87.5,328.975029164288
2025-05-01,"CPI_Food",87.5,328.973089104347
2025-06-01,"CPI_Food",87.5,328.971149055848
2025-07-01,"CPI_Food",87.5,328.969209018789
2025-08-01,"CPI_Food",87.5,328.967268993171
2025-09-01,"CPI_Food",87.5,328.965328978995
2025-10-01,"CPI_Food",87.5,328.963388976259
2025-11-01,"CPI_Food",87.5,328.961448984964
2025-12-01,"CPI_Food",87.5,328.959509005109
2025-01-01,"CPI_Durables",87.5,109.979741283627
2025-02-01,"CPI_Durables",87.5,109.762941261831
2025-03-01,"CPI_Durables",87.5,110.223141622585
2025-04-01,"CPI_Durables",87.5,109.952918527292
2025-05-01,"CPI_Durables",87.5,110.097435468916
2025-06-01,"CPI_Durables",87.5,109.812005067822
2025-07-01,"CPI_Durables",87.5,109.951468675029
2025-08-01,"CPI_Durables",87.5,109.797289183333
2025-09-01,"CPI_Durables",87.5,109.996607011769
2025-10-01,"CPI_Durables",87.5,109.921492009423
2025-11-01,"CPI_Durables",87.5,110.04630211441
2025-12-01,"CPI_Durables",87.5,109.926034764055
2025-01-01,"CPI_Overall",87.5,328.270019158401
2025-02-01,"CPI_Overall",87.5,328.332169432746
2025-03-01,"CPI_Overall",87.5,328.547316732974
2025-04-01,"CPI_Overall",87.5,328.546735017268
2025-05-01,"CPI_Overall",87.5,328.546153302591
2025-06-01,"CPI_Overall",87.5,328.545571588945
2025-07-01,"CPI_Overall",87.5,328.544989876329
2025-08-01,"CPI_Overall",87.5,328.544408164742
2025-09-01,"CPI_Overall",87.5,328.543826454186
2025-10-01,"CPI_Overall",87.5,328.543244744659
2025-11-01,"CPI_Overall",87.5,328.542663036163
2025-12-01,"CPI_Overall",87.5,328.542081328696
2025-01-01,"CPI_Apparel",88,121.933467402428
2025-02-01,"CPI_Apparel",88,121.955553426602
2025-03-01,"CPI_Apparel",88,121.955553426602
2025-04-01,"CPI_Apparel",88,121.955553426602
2025-05-01,"CPI_Apparel",88,121.955553426602
2025-06-01,"CPI_Apparel",88,121.955553426602
2025-07-01,"CPI_Apparel",88,121.955553426602
2025-08-01,"CPI_Apparel",88,121.955553426602
2025-09-01,"CPI_Apparel",88,121.955553426602
2025-10-01,"CPI_Apparel",88,121.955553426602
2025-11-01,"CPI_Apparel",88,121.955553426602
2025-12-01,"CPI_Apparel",88,121.955553426602
2025-01-01,"CPI_Food",88,328.943854994367
2025-02-01,"CPI_Food",88,328.967816524648
2025-03-01,"CPI_Food",88,328.965876507242
2025-04-01,"CPI_Food",88,328.963936501277
2025-05-01,"CPI_Food",88,328.961996506753
2025-06-01,"CPI_Food",88,328.96005652367
2025-07-01,"CPI_Food",88,328.958116552027
2025-08-01,"CPI_Food",88,328.956176591825
2025-09-01,"CPI_Food",88,328.954236643063
2025-10-01,"CPI_Food",88,328.952296705742
2025-11-01,"CPI_Food",88,328.950356779861
2025-12-01,"CPI_Food",88,328.94841686542
2025-01-01,"CPI_Durables",88,109.959442137953
2025-02-01,"CPI_Durables",88,109.742682131302
2025-03-01,"CPI_Durables",88,110.202797552102
2025-04-01,"CPI_Durables",88,109.932624332339
2025-05-01,"CPI_Durables",88,110.077114600228
2025-06-01,"CPI_Durables",88,109.791736881504
2025-07-01,"CPI_Durables",88,109.931174747678
2025-08-01,"CPI_Durables",88,109.777023713149
2025-09-01,"CPI_Durables",88,109.976304753159
2025-10-01,"CPI_Durables",88,109.901203614915
2025-11-01,"CPI_Durables",88,110.025990683492
2025-12-01,"CPI_Durables",88,109.905745531083
2025-01-01,"CPI_Overall",88,328.287335934668
2025-02-01,"CPI_Overall",88,328.349489487541
2025-03-01,"CPI_Overall",88,328.564648137138
2025-04-01,"CPI_Overall",88,328.564066390745
2025-05-01,"CPI_Overall",88,328.563484645383
2025-06-01,"CPI_Overall",88,328.56290290105
2025-07-01,"CPI_Overall",88,328.562321157748
2025-08-01,"CPI_Overall",88,328.561739415475
2025-09-01,"CPI_Overall",88,328.561157674232
2025-10-01,"CPI_Overall",88,328.56057593402
2025-11-01,"CPI_Overall",88,328.559994194837
2025-12-01,"CPI_Overall",88,328.559412456685
2025-01-01,"CPI_Apparel",88.5,121.916626184114
2025-02-01,"CPI_Apparel",88.5,121.938709157809
2025-03-01,"CPI_Apparel",88.5,121.938709157809
2025-04-01,"CPI_Apparel",88.5,121.938709157809
2025-05-01,"CPI_Apparel",88.5,121.938709157809
2025-06-01,"CPI_Apparel",88.5,121.938709157809
2025-07-01,"CPI_Apparel",88.5,121.938709157809
2025-08-01,"CPI_Apparel",88.5,121.938709157809
2025-09-01,"CPI_Apparel",88.5,121.938709157809
2025-10-01,"CPI_Apparel",88.5,121.938709157809
2025-11-01,"CPI_Apparel",88.5,121.938709157809
2025-12-01,"CPI_Apparel",88.5,121.938709157809
2025-01-01,"CPI_Food",88.5,328.932826223791
2025-02-01,"CPI_Food",88.5,328.956786950694
2025-03-01,"CPI_Food",88.5,328.954846998333
2025-04-01,"CPI_Food",88.5,328.952907057412
2025-05-01,"CPI_Food",88.5,328.950967127932
2025-06-01,"CPI_Food",88.5,328.949027209892
2025-07-01,"CPI_Food",88.5,328.947087303292
2025-08-01,"CPI_Food",88.5,328.945147408133
2025-09-01,"CPI_Food",88.5,328.943207524413
2025-10-01,"CPI_Food",88.5,328.941267652134
2025-11-01,"CPI_Food",88.5,328.939327791294
2025-12-01,"CPI_Food",88.5,328.937387941895
2025-01-01,"CPI_Durables",88.5,109.939261717087
2025-02-01,"CPI_Durables",88.5,109.722541491542
2025-03-01,"CPI_Durables",88.5,110.182572469181
2025-04-01,"CPI_Durables",88.5,109.91244883324
2025-05-01,"CPI_Durables",88.5,110.056912583402
2025-06-01,"CPI_Durables",88.5,109.77158723892
2025-07-01,"CPI_Durables",88.5,109.910999514615
2025-08-01,"CPI_Durables",88.5,109.756876770815
2025-09-01,"CPI_Durables",88.5,109.956121237565
2025-10-01,"CPI_Durables",88.5,109.881033882335
2025-11-01,"CPI_Durables",88.5,110.005798049235
2025-12-01,"CPI_Durables",88.5,109.885574964943
2025-01-01,"CPI_Overall",88.5,328.304555504102
2025-02-01,"CPI_Overall",88.5,328.366712317098
2025-03-01,"CPI_Overall",88.5,328.581882252356
2025-04-01,"CPI_Overall",88.5,328.581300475449
2025-05-01,"CPI_Overall",88.5,328.580718699572
2025-06-01,"CPI_Overall",88.5,328.580136924725
2025-07-01,"CPI_Overall",88.5,328.579555150908
2025-08-01,"CPI_Overall",88.5,328.578973378122
2025-09-01,"CPI_Overall",88.5,328.578391606365
2025-10-01,"CPI_Overall",88.5,328.577809835639
2025-11-01,"CPI_Overall",88.5,328.577228065942
2025-12-01,"CPI_Overall",88.5,328.576646297276
2025-01-01,"CPI_Apparel",89,121.899882152864
2025-02-01,"CPI_Apparel",89,121.921962093683
2025-03-01,"CPI_Apparel",89,121.921962093683
2025-04-01,"CPI_Apparel",89,121.921962093683
2025-05-01,"CPI_Apparel",89,121.921962093683
2025-06-01,"CPI_Apparel",89,121.921962093683
2025-07-01,"CPI_Apparel",89,121.921962093683
2025-08-01,"CPI_Apparel",89,121.921962093683
2025-09-01,"CPI_Apparel",89,121.921962093683
2025-10-01,"CPI_Apparel",89,121.921962093683
2025-11-01,"CPI_Apparel",89,121.921962093683
2025-12-01,"CPI_Apparel",89,121.921962093683
2025-01-01,"CPI_Food",89,328.921859954115
2025-02-01,"CPI_Food",89,328.945819882193
2025-03-01,"CPI_Food",89,328.943879994508
2025-04-01,"CPI_Food",89,328.941940118263
2025-05-01,"CPI_Food",89,328.940000253457
2025-06-01,"CPI_Food",89,328.938060400092
2025-07-01,"CPI_Food",89,328.936120558167
2025-08-01,"CPI_Food",89,328.934180727681
2025-09-01,"CPI_Food",89,328.932240908636
2025-10-01,"CPI_Food",89,328.93030110103
2025-11-01,"CPI_Food",89,328.928361304863
2025-12-01,"CPI_Food",89,328.926421520136
2025-01-01,"CPI_Durables",89,109.919198661731
2025-02-01,"CPI_Durables",89,109.702517985932
2025-03-01,"CPI_Durables",89,110.162465011516
2025-04-01,"CPI_Durables",89,109.892390671025
2025-05-01,"CPI_Durables",89,110.036828057683
2025-06-01,"CPI_Durables",89,109.751554782844
2025-07-01,"CPI_Durables",89,109.89094161689
2025-08-01,"CPI_Durables",89,109.736846999285
2025-09-01,"CPI_Durables",89,109.936055105478
2025-10-01,"CPI_Durables",89,109.860981453103
2025-11-01,"CPI_Durables",89,109.985722851519
2025-12-01,"CPI_Durables",89,109.865521706999
2025-01-01,"CPI_Overall",89,328.321678956956
2025-02-01,"CPI_Overall",89,328.383839011879
2025-03-01,"CPI_Overall",89,328.599020169802
2025-04-01,"CPI_Overall",89,328.598438362552
2025-05-01,"CPI_Overall",89,328.597856556331
2025-06-01,"CPI_Overall",89,328.597274751141
2025-07-01,"CPI_Overall",89,328.59669294698
2025-08-01,"CPI_Overall",89,328.59611114385
2025-09-01,"CPI_Overall",89,328.59552934175
2025-10-01,"CPI_Overall",89,328.59494754068
2025-11-01,"CPI_Overall",89,328.59436574064
2025-12-01,"CPI_Overall",89,328.59378394163
2025-01-01,"CPI_Apparel",89.5,121.883234206541
2025-02-01,"CPI_Apparel",89.5,121.905311131887
2025-03-01,"CPI_Apparel",89.5,121.905311131887
2025-04-01,"CPI_Apparel",89.5,121.905311131887
2025-05-01,"CPI_Apparel",89.5,121.905311131887
2025-06-01,"CPI_Apparel",89.5,121.905311131887
2025-07-01,"CPI_Apparel",89.5,121.905311131887
2025-08-01,"CPI_Apparel",89.5,121.905311131887
2025-09-01,"CPI_Apparel",89.5,121.905311131887
2025-10-01,"CPI_Apparel",89.5,121.905311131887
2025-11-01,"CPI_Apparel",89.5,121.905311131887
2025-12-01,"CPI_Apparel",89.5,121.905311131887
2025-01-01,"CPI_Food",89.5,328.910955482983
2025-02-01,"CPI_Food",89.5,328.934914616737
2025-03-01,"CPI_Food",89.5,328.932974793364
2025-04-01,"CPI_Food",89.5,328.93103498143
2025-05-01,"CPI_Food",89.5,328.929095180935
2025-06-01,"CPI_Food",89.5,328.92715539188
2025-07-01,"CPI_Food",89.5,328.925215614265
2025-08-01,"CPI_Food",89.5,328.923275848089
2025-09-01,"CPI_Food",89.5,328.921336093353
2025-10-01,"CPI_Food",89.5,328.919396350055
2025-11-01,"CPI_Food",89.5,328.917456618197
2025-12-01,"CPI_Food",89.5,328.915516897778
2025-01-01,"CPI_Durables",89.5,109.899251635675
2025-02-01,"CPI_Durables",89.5,109.682610280897
2025-03-01,"CPI_Durables",89.5,110.14247383994
2025-04-01,"CPI_Durables",89.5,109.872448509813
2025-05-01,"CPI_Durables",89.5,110.016859685432
2025-06-01,"CPI_Durables",89.5,109.731638179107
2025-07-01,"CPI_Durables",89.5,109.870999718637
2025-08-01,"CPI_Durables",89.5,109.716933064567
2025-09-01,"CPI_Durables",89.5,109.916105020485
2025-10-01,"CPI_Durables",89.5,109.841044991719
2025-11-01,"CPI_Durables",89.5,109.965763753325
2025-12-01,"CPI_Durables",89.5,109.845584421695
2025-01-01,"CPI_Overall",89.5,328.33870736522
2025-02-01,"CPI_Overall",89.5,328.400870644075
2025-03-01,"CPI_Overall",89.5,328.616062962372
2025-04-01,"CPI_Overall",89.5,328.615481124946
2025-05-01,"CPI_Overall",89.5,328.61489928855
2025-06-01,"CPI_Overall",89.5,328.614317453184
2025-07-01,"CPI_Overall",89.5,328.613735618849
2025-08-01,"CPI_Overall",89.5,328.613153785543
2025-09-01,"CPI_Overall",89.5,328.612571953268
2025-10-01,"CPI_Overall",89.5,328.611990122023
2025-11-01,"CPI_Overall",89.5,328.611408291808
2025-12-01,"CPI_Overall",89.5,328.610826462623
2025-01-01,"CPI_Apparel",90,121.866681261574
2025-02-01,"CPI_Apparel",90,121.888755188657
2025-03-01,"CPI_Apparel",90,121.888755188657
2025-04-01,"CPI_Apparel",90,121.888755188657
2025-05-01,"CPI_Apparel",90,121.888755188657
2025-06-01,"CPI_Apparel",90,121.888755188657
2025-07-01,"CPI_Apparel",90,121.888755188657
2025-08-01,"CPI_Apparel",90,121.888755188657
2025-09-01,"CPI_Apparel",90,121.888755188657
2025-10-01,"CPI_Apparel",90,121.888755188657
2025-11-01,"CPI_Apparel",90,121.888755188657
2025-12-01,"CPI_Apparel",90,121.888755188657
2025-01-01,"CPI_Food",90,328.9001121198
2025-02-01,"CPI_Food",90,328.924070463683
2025-03-01,"CPI_Food",90,328.92213070426
2025-04-01,"CPI_Food",90,328.920190956277
2025-05-01,"CPI_Food",90,328.918251219733
2025-06-01,"CPI_Food",90,328.916311494628
2025-07-01,"CPI_Food",90,328.914371780962
2025-08-01,"CPI_Food",90,328.912432078735
2025-09-01,"CPI_Food",90,328.910492387947
2025-10-01,"CPI_Food",90,328.908552708599
2025-11-01,"CPI_Food",90,328.906613040689
2025-12-01,"CPI_Food",90,328.904673384217
2025-01-01,"CPI_Durables",90,109.879419325283
2025-02-01,"CPI_Durables",90,109.662817065389
2025-03-01,"CPI_Durables",90,110.122597637908
2025-04-01,"CPI_Durables",90,109.852621036285
2025-05-01,"CPI_Durables",90,109.997006151607
2025-06-01,"CPI_Durables",90,109.711836116073
2025-07-01,"CPI_Durables",90,109.851172506557
2025-08-01,"CPI_Durables",90,109.697133655204
2025-09-01,"CPI_Durables",90,109.896269668747
2025-10-01,"CPI_Durables",90,109.821223185239
2025-11-01,"CPI_Durables",90,109.945919440221
2025-12-01,"CPI_Durables",90,109.825761796035
2025-01-01,"CPI_Overall",90,328.35564178302
2025-02-01,"CPI_Overall",90,328.417808268012
2025-03-01,"CPI_Overall",90,328.633011685082
2025-04-01,"CPI_Overall",90,328.632429817647
2025-05-01,"CPI_Overall",90,328.631847951242
2025-06-01,"CPI_Overall",90,328.631266085867
2025-07-01,"CPI_Overall",90,328.630684221523
2025-08-01,"CPI_Overall",90,328.630102358209
2025-09-01,"CPI_Overall",90,328.629520495925
2025-10-01,"CPI_Overall",90,328.628938634671
2025-11-01,"CPI_Overall",90,328.628356774448
2025-12-01,"CPI_Overall",90,328.627774915254
2025-01-01,"CPI_Apparel",90.5,121.850222252551
2025-02-01,"CPI_Apparel",90.5,121.872293198384
2025-03-01,"CPI_Apparel",90.5,121.872293198384
2025-04-01,"CPI_Apparel",90.5,121.872293198384
2025-05-01,"CPI_Apparel",90.5,121.872293198384
2025-06-01,"CPI_Apparel",90.5,121.872293198384
2025-07-01,"CPI_Apparel",90.5,121.872293198384
2025-08-01,"CPI_Apparel",90.5,121.872293198384
2025-09-01,"CPI_Apparel",90.5,121.872293198384
2025-10-01,"CPI_Apparel",90.5,121.872293198384
2025-11-01,"CPI_Apparel",90.5,121.872293198384
2025-12-01,"CPI_Apparel",90.5,121.872293198384
2025-01-01,"CPI_Food",90.5,328.889329185473
2025-02-01,"CPI_Food",90.5,328.913286743885
2025-03-01,"CPI_Food",90.5,328.911347048057
2025-04-01,"CPI_Food",90.5,328.909407363668
2025-05-01,"CPI_Food",90.5,328.907467690718
2025-06-01,"CPI_Food",90.5,328.905528029207
2025-07-01,"CPI_Food",90.5,328.903588379134
2025-08-01,"CPI_Food",90.5,328.9016487405
2025-09-01,"CPI_Food",90.5,328.899709113305
2025-10-01,"CPI_Food",90.5,328.897769497548
2025-11-01,"CPI_Food",90.5,328.89582989323
2025-12-01,"CPI_Food",90.5,328.89389030035
2025-01-01,"CPI_Durables",90.5,109.859700438983
2025-02-01,"CPI_Durables",90.5,109.643137050384
2025-03-01,"CPI_Durables",90.5,110.102835110993
2025-04-01,"CPI_Durables",90.5,109.832906959188
2025-05-01,"CPI_Durables",90.5,109.977266163254
2025-06-01,"CPI_Durables",90.5,109.692147304142
2025-07-01,"CPI_Durables",90.5,109.831458689412
2025-08-01,"CPI_Durables",90.5,109.677447481767
2025-09-01,"CPI_Durables",90.5,109.876547758496
2025-10-01,"CPI_Durables",90.5,109.801514742779
2025-11-01,"CPI_Durables",90.5,109.926188619855
2025-12-01,"CPI_Durables",90.5,109.806052539079
2025-01-01,"CPI_Overall",90.5,328.372483247015
2025-02-01,"CPI_Overall",90.5,328.434652920546
2025-03-01,"CPI_Overall",90.5,328.649867375466
2025-04-01,"CPI_Overall",90.5,328.649285478187
2025-05-01,"CPI_Overall",90.5,328.648703581938
2025-06-01,"CPI_Overall",90.5,328.648121686719
2025-07-01,"CPI_Overall",90.5,328.647539792531
2025-08-01,"CPI_Overall",90.5,328.646957899373
2025-09-01,"CPI_Overall",90.5,328.646376007245
2025-10-01,"CPI_Overall",90.5,328.645794116147
2025-11-01,"CPI_Overall",90.5,328.64521222608
2025-12-01,"CPI_Overall",90.5,328.644630337043
2025-01-01,"CPI_Apparel",91,121.833856131808
2025-02-01,"CPI_Apparel",91,121.855924113217
2025-03-01,"CPI_Apparel",91,121.855924113217
2025-04-01,"CPI_Apparel",91,121.855924113217
2025-05-01,"CPI_Apparel",91,121.855924113217
2025-06-01,"CPI_Apparel",91,121.855924113217
2025-07-01,"CPI_Apparel",91,121.855924113217
2025-08-01,"CPI_Apparel",91,121.855924113217
2025-09-01,"CPI_Apparel",91,121.855924113217
2025-10-01,"CPI_Apparel",91,121.855924113217
2025-11-01,"CPI_Apparel",91,121.855924113217
2025-12-01,"CPI_Apparel",91,121.855924113217
2025-01-01,"CPI_Food",91,328.878606012154
2025-02-01,"CPI_Food",91,328.902562789449
2025-03-01,"CPI_Food",91,328.900623156864
2025-04-01,"CPI_Food",91,328.898683535716
2025-05-01,"CPI_Food",91,328.896743926008
2025-06-01,"CPI_Food",91,328.894804327738
2025-07-01,"CPI_Food",91,328.892864740906
2025-08-01,"CPI_Food",91,328.890925165512
2025-09-01,"CPI_Food",91,328.888985601557
2025-10-01,"CPI_Food",91,328.88704604904
2025-11-01,"CPI_Food",91,328.885106507961
2025-12-01,"CPI_Food",91,328.88316697832
2025-01-01,"CPI_Durables",91,109.840093706782
2025-02-01,"CPI_Durables",91,109.623568968392
2025-03-01,"CPI_Durables",91,110.083184986389
2025-04-01,"CPI_Durables",91,109.813305008838
2025-05-01,"CPI_Durables",91,109.957638449023
2025-06-01,"CPI_Durables",91,109.672570475259
2025-07-01,"CPI_Durables",91,109.811856997535
2025-08-01,"CPI_Durables",91,109.65787327637
2025-09-01,"CPI_Durables",91,109.856938019543
2025-10-01,"CPI_Durables",91,109.781918395018
2025-11-01,"CPI_Durables",91,109.906570021466
2025-12-01,"CPI_Durables",91,109.786455381454
2025-01-01,"CPI_Overall",91,328.389232776782
2025-02-01,"CPI_Overall",91,328.451405621446
2025-03-01,"CPI_Overall",91,328.666631053963
2025-04-01,"CPI_Overall",91,328.666049127003
2025-05-01,"CPI_Overall",91,328.665467201073
2025-06-01,"CPI_Overall",91,328.664885276173
2025-07-01,"CPI_Overall",91,328.664303352303
2025-08-01,"CPI_Overall",91,328.663721429464
2025-09-01,"CPI_Overall",91,328.663139507655
2025-10-01,"CPI_Overall",91,328.662557586877
2025-11-01,"CPI_Overall",91,328.661975667129
2025-12-01,"CPI_Overall",91,328.661393748411
2025-01-01,"CPI_Apparel",91.5,121.817581869046
2025-02-01,"CPI_Apparel",91.5,121.839646902669
2025-03-01,"CPI_Apparel",91.5,121.839646902669
2025-04-01,"CPI_Apparel",91.5,121.839646902669
2025-05-01,"CPI_Apparel",91.5,121.839646902669
2025-06-01,"CPI_Apparel",91.5,121.839646902669
2025-07-01,"CPI_Apparel",91.5,121.839646902669
2025-08-01,"CPI_Apparel",91.5,121.839646902669
2025-09-01,"CPI_Apparel",91.5,121.839646902669
2025-10-01,"CPI_Apparel",91.5,121.839646902669
2025-11-01,"CPI_Apparel",91.5,121.839646902669
2025-12-01,"CPI_Apparel",91.5,121.839646902669
2025-01-01,"CPI_Food",91.5,328.867941942997
2025-02-01,"CPI_Food",91.5,328.89189794348
2025-03-01,"CPI_Food",91.5,328.889958373788
2025-04-01,"CPI_Food",91.5,328.888018815534
2025-05-01,"CPI_Food",91.5,328.886079268718
2025-06-01,"CPI_Food",91.5,328.884139733341
2025-07-01,"CPI_Food",91.5,328.882200209401
2025-08-01,"CPI_Food",91.5,328.880260696899
2025-09-01,"CPI_Food",91.5,328.878321195835
2025-10-01,"CPI_Food",91.5,328.876381706209
2025-11-01,"CPI_Food",91.5,328.874442228021
2025-12-01,"CPI_Food",91.5,328.87250276127
2025-01-01,"CPI_Durables",91.5,109.820597879789
2025-02-01,"CPI_Durables",91.5,109.604111572984
2025-03-01,"CPI_Durables",91.5,110.063646012442
2025-04-01,"CPI_Durables",91.5,109.793813936646
2025-05-01,"CPI_Durables",91.5,109.938121758683
2025-06-01,"CPI_Durables",91.5,109.653104382435
2025-07-01,"CPI_Durables",91.5,109.792366182355
2025-08-01,"CPI_Durables",91.5,109.638409792194
2025-09-01,"CPI_Durables",91.5,109.837439202806
2025-10-01,"CPI_Durables",91.5,109.762432893725
2025-11-01,"CPI_Durables",91.5,109.887062395405
2025-12-01,"CPI_Durables",91.5,109.766969074878
2025-01-01,"CPI_Overall",91.5,328.405891375189
2025-02-01,"CPI_Overall",91.5,328.46806737377
2025-03-01,"CPI_Overall",91.5,328.683303724289
2025-04-01,"CPI_Overall",91.5,328.682721767808
2025-05-01,"CPI_Overall",91.5,328.682139812358
2025-06-01,"CPI_Overall",91.5,328.681557857938
2025-07-01,"CPI_Overall",91.5,328.680975904549
2025-08-01,"CPI_Overall",91.5,328.68039395219
2025-09-01,"CPI_Overall",91.5,328.679812000861
2025-10-01,"CPI_Overall",91.5,328.679230050563
2025-11-01,"CPI_Overall",91.5,328.678648101295
2025-12-01,"CPI_Overall",91.5,328.678066153057
2025-01-01,"CPI_Apparel",92,121.801398450942
2025-02-01,"CPI_Apparel",92,121.823460553233
2025-03-01,"CPI_Apparel",92,121.823460553233
2025-04-01,"CPI_Apparel",92,121.823460553233
2025-05-01,"CPI_Apparel",92,121.823460553233
2025-06-01,"CPI_Apparel",92,121.823460553233
2025-07-01,"CPI_Apparel",92,121.823460553233
2025-08-01,"CPI_Apparel",92,121.823460553233
2025-09-01,"CPI_Apparel",92,121.823460553233
2025-10-01,"CPI_Apparel",92,121.823460553233
2025-11-01,"CPI_Apparel",92,121.823460553233
2025-12-01,"CPI_Apparel",92,121.823460553233
2025-01-01,"CPI_Food",92,328.857336331912
2025-02-01,"CPI_Food",92,328.881291559842
2025-03-01,"CPI_Food",92,328.879352052699
2025-04-01,"CPI_Food",92,328.877412556994
2025-05-01,"CPI_Food",92,328.875473072726
2025-06-01,"CPI_Food",92,328.873533599896
2025-07-01,"CPI_Food",92,328.871594138504
2025-08-01,"CPI_Food",92,328.869654688549
2025-09-01,"CPI_Food",92,328.867715250032
2025-10-01,"CPI_Food",92,328.865775822952
2025-11-01,"CPI_Food",92,328.86383640731
2025-12-01,"CPI_Food",92,328.861897003105
2025-01-01,"CPI_Durables",92,109.801211729748
2025-02-01,"CPI_Durables",92,109.584763638323
2025-03-01,"CPI_Durables",92,110.044216958176
2025-04-01,"CPI_Durables",92,109.774432514657
2025-05-01,"CPI_Durables",92,109.918714862665
2025-06-01,"CPI_Durables",92,109.633747799288
2025-07-01,"CPI_Durables",92,109.772985015931
2025-08-01,"CPI_Durables",92,109.619055803018
2025-09-01,"CPI_Durables",92,109.818050079839
2025-10-01,"CPI_Durables",92,109.743057011293
2025-11-01,"CPI_Durables",92,109.867664512673
2025-12-01,"CPI_Durables",92,109.747592391695
2025-01-01,"CPI_Overall",92,328.422460028758
2025-02-01,"CPI_Overall",92,328.484639164227
2025-03-01,"CPI_Overall",92,328.699886373798
2025-04-01,"CPI_Overall",92,328.699304387956
2025-05-01,"CPI_Overall",92,328.698722403146
2025-06-01,"CPI_Overall",92,328.698140419365
2025-07-01,"CPI_Overall",92,328.697558436615
2025-08-01,"CPI_Overall",92,328.696976454896
2025-09-01,"CPI_Overall",92,328.696394474206
2025-10-01,"CPI_Overall",92,328.695812494548
2025-11-01,"CPI_Overall",92,328.695230515919
2025-12-01,"CPI_Overall",92,328.694648538322
2025-01-01,"CPI_Apparel",92.5,121.785304880785
2025-02-01,"CPI_Apparel",92.5,121.80736406802
2025-03-01,"CPI_Apparel",92.5,121.80736406802
2025-04-01,"CPI_Apparel",92.5,121.80736406802
2025-05-01,"CPI_Apparel",92.5,121.80736406802
2025-06-01,"CPI_Apparel",92.5,121.80736406802
2025-07-01,"CPI_Apparel",92.5,121.80736406802
2025-08-01,"CPI_Apparel",92.5,121.80736406802
2025-09-01,"CPI_Apparel",92.5,121.80736406802
2025-10-01,"CPI_Apparel",92.5,121.80736406802
2025-11-01,"CPI_Apparel",92.5,121.80736406802
2025-12-01,"CPI_Apparel",92.5,121.80736406802
2025-01-01,"CPI_Food",92.5,328.84678854334
2025-02-01,"CPI_Food",92.5,328.870743002929
2025-03-01,"CPI_Food",92.5,328.868803557994
2025-04-01,"CPI_Food",92.5,328.866864124496
2025-05-01,"CPI_Food",92.5,328.864924702435
2025-06-01,"CPI_Food",92.5,328.862985291812
2025-07-01,"CPI_Food",92.5,328.861045892626
2025-08-01,"CPI_Food",92.5,328.859106504878
2025-09-01,"CPI_Food",92.5,328.857167128566
2025-10-01,"CPI_Food",92.5,328.855227763691
2025-11-01,"CPI_Food",92.5,328.853288410254
2025-12-01,"CPI_Food",92.5,328.851349068253
2025-01-01,"CPI_Durables",92.5,109.781934048587
2025-02-01,"CPI_Durables",92.5,109.565523958722
2025-03-01,"CPI_Durables",92.5,110.024896612847
2025-04-01,"CPI_Durables",92.5,109.755159535094
2025-05-01,"CPI_Durables",92.5,109.899416551605
2025-06-01,"CPI_Durables",92.5,109.61449951959
2025-07-01,"CPI_Durables",92.5,109.753712290504
2025-08-01,"CPI_Durables",92.5,109.599810102779
2025-09-01,"CPI_Durables",92.5,109.798769442387
2025-10-01,"CPI_Durables",92.5,109.723789540294
2025-11-01,"CPI_Durables",92.5,109.848375164468
2025-12-01,"CPI_Durables",92.5,109.728324124424
2025-01-01,"CPI_Overall",92.5,328.43893970802
2025-02-01,"CPI_Overall",92.5,328.501121963532
2025-03-01,"CPI_Overall",92.5,328.716379973841
2025-04-01,"CPI_Overall",92.5,328.715797958796
2025-05-01,"CPI_Overall",92.5,328.715215944782
2025-06-01,"CPI_Overall",92.5,328.714633931799
2025-07-01,"CPI_Overall",92.5,328.714051919846
2025-08-01,"CPI_Overall",92.5,328.713469908924
2025-09-01,"CPI_Overall",92.5,328.712887899032
2025-10-01,"CPI_Overall",92.5,328.71230589017
2025-11-01,"CPI_Overall",92.5,328.711723882339
2025-12-01,"CPI_Overall",92.5,328.711141875539
2025-01-01,"CPI_Apparel",93,121.769300178114
2025-02-01,"CPI_Apparel",93,121.791356466389
2025-03-01,"CPI_Apparel",93,121.791356466389
2025-04-01,"CPI_Apparel",93,121.791356466389
2025-05-01,"CPI_Apparel",93,121.791356466389
2025-06-01,"CPI_Apparel",93,121.791356466389
2025-07-01,"CPI_Apparel",93,121.791356466389
2025-08-01,"CPI_Apparel",93,121.791356466389
2025-09-01,"CPI_Apparel",93,121.791356466389
2025-10-01,"CPI_Apparel",93,121.791356466389
2025-11-01,"CPI_Apparel",93,121.791356466389
2025-12-01,"CPI_Apparel",93,121.791356466389
2025-01-01,"CPI_Food",93,328.836297952018
2025-02-01,"CPI_Food",93,328.860251647432
2025-03-01,"CPI_Food",93,328.858312264367
2025-04-01,"CPI_Food",93,328.856372892739
2025-05-01,"CPI_Food",93,328.854433532549
2025-06-01,"CPI_Food",93,328.852494183795
2025-07-01,"CPI_Food",93,328.850554846478
2025-08-01,"CPI_Food",93,328.848615520598
2025-09-01,"CPI_Food",93,328.846676206155
2025-10-01,"CPI_Food",93,328.844736903148
2025-11-01,"CPI_Food",93,328.842797611578
2025-12-01,"CPI_Food",93,328.840858331445
2025-01-01,"CPI_Durables",93,109.762763647984
2025-02-01,"CPI_Durables",93,109.546391348199
2025-03-01,"CPI_Durables",93,110.005683785503
2025-04-01,"CPI_Durables",93,109.735993809924
2025-05-01,"CPI_Durables",93,109.880225635908
2025-06-01,"CPI_Durables",93,109.59535835683
2025-07-01,"CPI_Durables",93,109.734546818057
2025-08-01,"CPI_Durables",93,109.580671505122
2025-09-01,"CPI_Durables",93,109.779596101945
2025-10-01,"CPI_Durables",93,109.704629293033
2025-11-01,"CPI_Durables",93,109.829193161749
2025-12-01,"CPI_Durables",93,109.709163085322
2025-01-01,"CPI_Overall",93,328.455331367856
2025-02-01,"CPI_Overall",93,328.517516726747
2025-03-01,"CPI_Overall",93,328.732785480106
2025-04-01,"CPI_Overall",93,328.732203436015
2025-05-01,"CPI_Overall",93,328.731621392954
2025-06-01,"CPI_Overall",93,328.731039350923
2025-07-01,"CPI_Overall",93,328.730457309923
2025-08-01,"CPI_Overall",93,328.729875269954
2025-09-01,"CPI_Overall",93,328.729293231015
2025-10-01,"CPI_Overall",93,328.728711193107
2025-11-01,"CPI_Overall",93,328.728129156229
2025-12-01,"CPI_Overall",93,328.727547120382
2025-01-01,"CPI_Apparel",93.5,121.753383378365
2025-02-01,"CPI_Apparel",93.5,121.775436783602
2025-03-01,"CPI_Apparel",93.5,121.775436783602
2025-04-01,"CPI_Apparel",93.5,121.775436783602
2025-05-01,"CPI_Apparel",93.5,121.775436783602
2025-06-01,"CPI_Apparel",93.5,121.775436783602
2025-07-01,"CPI_Apparel",93.5,121.775436783602
2025-08-01,"CPI_Apparel",93.5,121.775436783602
2025-09-01,"CPI_Apparel",93.5,121.775436783602
2025-10-01,"CPI_Apparel",93.5,121.775436783602
2025-11-01,"CPI_Apparel",93.5,121.775436783602
2025-12-01,"CPI_Apparel",93.5,121.775436783602
2025-01-01,"CPI_Food",93.5,328.82586394276
2025-02-01,"CPI_Food",93.5,328.849816878121
2025-03-01,"CPI_Food",93.5,328.847877556593
2025-04-01,"CPI_Food",93.5,328.845938246502
2025-05-01,"CPI_Food",93.5,328.843998947847
2025-06-01,"CPI_Food",93.5,328.842059660629
2025-07-01,"CPI_Food",93.5,328.840120384848
2025-08-01,"CPI_Food",93.5,328.838181120503
2025-09-01,"CPI_Food",93.5,328.836241867594
2025-10-01,"CPI_Food",93.5,328.834302626122
2025-11-01,"CPI_Food",93.5,328.832363396086
2025-12-01,"CPI_Food",93.5,328.830424177486
2025-01-01,"CPI_Durables",93.5,109.743699358935
2025-02-01,"CPI_Durables",93.5,109.527364640056
2025-03-01,"CPI_Durables",93.5,109.986577304553
2025-04-01,"CPI_Durables",93.5,109.71693417043
2025-05-01,"CPI_Durables",93.5,109.86114094532
2025-06-01,"CPI_Durables",93.5,109.576323143788
2025-07-01,"CPI_Durables",93.5,109.715487429885
2025-08-01,"CPI_Durables",93.5,109.561638842985
2025-09-01,"CPI_Durables",93.5,109.760528889329
2025-10-01,"CPI_Durables",93.5,109.685575101126
2025-11-01,"CPI_Durables",93.5,109.810117334803
2025-12-01,"CPI_Durables",93.5,109.690108105957
2025-01-01,"CPI_Overall",93.5,328.471635947836
2025-02-01,"CPI_Overall",93.5,328.533824393619
2025-03-01,"CPI_Overall",93.5,328.749103832957
2025-04-01,"CPI_Overall",93.5,328.748521759972
2025-05-01,"CPI_Overall",93.5,328.747939688019
2025-06-01,"CPI_Overall",93.5,328.747357617096
2025-07-01,"CPI_Overall",93.5,328.746775547203
2025-08-01,"CPI_Overall",93.5,328.746193478341
2025-09-01,"CPI_Overall",93.5,328.74561141051
2025-10-01,"CPI_Overall",93.5,328.745029343709
2025-11-01,"CPI_Overall",93.5,328.744447277939
2025-12-01,"CPI_Overall",93.5,328.7438652132
2025-01-01,"CPI_Apparel",94,121.737553532532
2025-02-01,"CPI_Apparel",94,121.759604070481
2025-03-01,"CPI_Apparel",94,121.759604070481
2025-04-01,"CPI_Apparel",94,121.759604070481
2025-05-01,"CPI_Apparel",94,121.759604070481
2025-06-01,"CPI_Apparel",94,121.759604070481
2025-07-01,"CPI_Apparel",94,121.759604070481
2025-08-01,"CPI_Apparel",94,121.759604070481
2025-09-01,"CPI_Apparel",94,121.759604070481
2025-10-01,"CPI_Apparel",94,121.759604070481
2025-11-01,"CPI_Apparel",94,121.759604070481
2025-12-01,"CPI_Apparel",94,121.759604070481
2025-01-01,"CPI_Food",94,328.815485910245
2025-02-01,"CPI_Food",94,328.83943808963
2025-03-01,"CPI_Food",94,328.837498829309
2025-04-01,"CPI_Food",94,328.835559580424
2025-05-01,"CPI_Food",94,328.833620342975
2025-06-01,"CPI_Food",94,328.831681116963
2025-07-01,"CPI_Food",94,328.829741902387
2025-08-01,"CPI_Food",94,328.827802699247
2025-09-01,"CPI_Food",94,328.825863507543
2025-10-01,"CPI_Food",94,328.823924327274
2025-11-01,"CPI_Food",94,328.821985158442
2025-12-01,"CPI_Food",94,328.820046001046
2025-01-01,"CPI_Durables",94,109.724740031342
2025-02-01,"CPI_Durables",94,109.508442686462
2025-03-01,"CPI_Durables",94,109.967576017352
2025-04-01,"CPI_Durables",94,109.697979466793
2025-05-01,"CPI_Durables",94,109.842161328513
2025-06-01,"CPI_Durables",94,109.55739273212
2025-07-01,"CPI_Durables",94,109.696532976187
2025-08-01,"CPI_Durables",94,109.542710968177
2025-09-01,"CPI_Durables",94,109.741566654266
2025-10-01,"CPI_Durables",94,109.666625815083
2025-11-01,"CPI_Durables",94,109.791146532837
2025-12-01,"CPI_Durables",94,109.671158036792
2025-01-01,"CPI_Overall",94,328.487854372542
2025-02-01,"CPI_Overall",94,328.550045888905
2025-03-01,"CPI_Overall",94,328.765335957755
2025-04-01,"CPI_Overall",94,328.764753856031
2025-05-01,"CPI_Overall",94,328.764171755337
2025-06-01,"CPI_Overall",94,328.763589655674
2025-07-01,"CPI_Overall",94,328.763007557042
2025-08-01,"CPI_Overall",94,328.76242545944
2025-09-01,"CPI_Overall",94,328.761843362869
2025-10-01,"CPI_Overall",94,328.761261267329
2025-11-01,"CPI_Overall",94,328.760679172819
2025-12-01,"CPI_Overall",94,328.760097079339
2025-01-01,"CPI_Apparel",94.5,121.721809706836
2025-02-01,"CPI_Apparel",94.5,121.743857393078
2025-03-01,"CPI_Apparel",94.5,121.743857393078
2025-04-01,"CPI_Apparel",94.5,121.743857393078
2025-05-01,"CPI_Apparel",94.5,121.743857393078
2025-06-01,"CPI_Apparel",94.5,121.743857393078
2025-07-01,"CPI_Apparel",94.5,121.743857393078
2025-08-01,"CPI_Apparel",94.5,121.743857393078
2025-09-01,"CPI_Apparel",94.5,121.743857393078
2025-10-01,"CPI_Apparel",94.5,121.743857393078
2025-11-01,"CPI_Apparel",94.5,121.743857393078
2025-12-01,"CPI_Apparel",94.5,121.743857393078
2025-01-01,"CPI_Food",94.5,328.805163258802
2025-02-01,"CPI_Food",94.5,328.829114686246
2025-03-01,"CPI_Food",94.5,328.827175486804
2025-04-01,"CPI_Food",94.5,328.825236298799
2025-05-01,"CPI_Food",94.5,328.82329712223
2025-06-01,"CPI_Food",94.5,328.821357957097
2025-07-01,"CPI_Food",94.5,328.819418803399
2025-08-01,"CPI_Food",94.5,328.817479661137
2025-09-01,"CPI_Food",94.5,328.815540530311
2025-10-01,"CPI_Food",94.5,328.81360141092
2025-11-01,"CPI_Food",94.5,328.811662302965
2025-12-01,"CPI_Food",94.5,328.809723206446
2025-01-01,"CPI_Durables",94.5,109.705884533607
2025-02-01,"CPI_Durables",94.5,109.489624358047
2025-03-01,"CPI_Durables",94.5,109.9486787898
2025-04-01,"CPI_Durables",94.5,109.67912856769
2025-05-01,"CPI_Durables",94.5,109.823285652675
2025-06-01,"CPI_Durables",94.5,109.538565991952
2025-07-01,"CPI_Durables",94.5,109.677682325654
2025-08-01,"CPI_Durables",94.5,109.523886750977
2025-09-01,"CPI_Durables",94.5,109.722708264982
2025-10-01,"CPI_Durables",94.5,109.647780303906
2025-11-01,"CPI_Durables",94.5,109.772279623567
2025-12-01,"CPI_Durables",94.5,109.652311746781
2025-01-01,"CPI_Overall",94.5,328.503987551885
2025-02-01,"CPI_Overall",94.5,328.566182122689
2025-03-01,"CPI_Overall",94.5,328.781482765182
2025-04-01,"CPI_Overall",94.5,328.780900634869
2025-05-01,"CPI_Overall",94.5,328.780318505586
2025-06-01,"CPI_Overall",94.5,328.779736377334
2025-07-01,"CPI_Overall",94.5,328.779154250113
2025-08-01,"CPI_Overall",94.5,328.778572123923
2025-09-01,"CPI_Overall",94.5,328.777989998763
2025-10-01,"CPI_Overall",94.5,328.777407874633
2025-11-01,"CPI_Overall",94.5,328.776825751535
2025-12-01,"CPI_Overall",94.5,328.776243629467
2025-01-01,"CPI_Apparel",95,121.706150982398
2025-02-01,"CPI_Apparel",95,121.728195832348
2025-03-01,"CPI_Apparel",95,121.728195832348
2025-04-01,"CPI_Apparel",95,121.728195832348
2025-05-01,"CPI_Apparel",95,121.728195832348
2025-06-01,"CPI_Apparel",95,121.728195832348
2025-07-01,"CPI_Apparel",95,121.728195832348
2025-08-01,"CPI_Apparel",95,121.728195832348
2025-09-01,"CPI_Apparel",95,121.728195832348
2025-10-01,"CPI_Apparel",95,121.728195832348
2025-11-01,"CPI_Apparel",95,121.728195832348
2025-12-01,"CPI_Apparel",95,121.728195832348
2025-01-01,"CPI_Food",95,328.79489540221
2025-02-01,"CPI_Food",95,328.818846081704
2025-03-01,"CPI_Food",95,328.81690694282
2025-04-01,"CPI_Food",95,328.814967815371
2025-05-01,"CPI_Food",95,328.813028699358
2025-06-01,"CPI_Food",95,328.81108959478
2025-07-01,"CPI_Food",95,328.809150501638
2025-08-01,"CPI_Food",95,328.807211419931
2025-09-01,"CPI_Food",95,328.80527234966
2025-10-01,"CPI_Food",95,328.803333290824
2025-11-01,"CPI_Food",95,328.801394243423
2025-12-01,"CPI_Food",95,328.799455207457
2025-01-01,"CPI_Durables",95,109.687131752237
2025-02-01,"CPI_Durables",95,109.470908543517
2025-03-01,"CPI_Durables",95,109.929884505938
2025-04-01,"CPI_Durables",95,109.660380359901
2025-05-01,"CPI_Durables",95,109.804512803125
2025-06-01,"CPI_Durables",95,109.519841811491
2025-07-01,"CPI_Durables",95,109.658934365082
2025-08-01,"CPI_Durables",95,109.50516507974
2025-09-01,"CPI_Durables",95,109.703952607817
2025-10-01,"CPI_Durables",95,109.629037454691
2025-11-01,"CPI_Durables",95,109.753515492828
2025-12-01,"CPI_Durables",95,109.633568122977
2025-01-01,"CPI_Overall",95,328.520036381416
2025-02-01,"CPI_Overall",95,328.582233990692
2025-03-01,"CPI_Overall",95,328.797545151546
2025-04-01,"CPI_Overall",95,328.796962992793
2025-05-01,"CPI_Overall",95,328.79638083507
2025-06-01,"CPI_Overall",95,328.795798678379
2025-07-01,"CPI_Overall",95,328.795216522718
2025-08-01,"CPI_Overall",95,328.794634368088
2025-09-01,"CPI_Overall",95,328.794052214489
2025-10-01,"CPI_Overall",95,328.793470061921
2025-11-01,"CPI_Overall",95,328.792887910383
2025-12-01,"CPI_Overall",95,328.792305759876
2025-01-01,"CPI_Apparel",95.5,121.690576454928
2025-02-01,"CPI_Apparel",95.5,121.712618483836
2025-03-01,"CPI_Apparel",95.5,121.712618483836
2025-04-01,"CPI_Apparel",95.5,121.712618483836
2025-05-01,"CPI_Apparel",95.5,121.712618483836
2025-06-01,"CPI_Apparel",95.5,121.712618483836
2025-07-01,"CPI_Apparel",95.5,121.712618483836
2025-08-01,"CPI_Apparel",95.5,121.712618483836
2025-09-01,"CPI_Apparel",95.5,121.712618483836
2025-10-01,"CPI_Apparel",95.5,121.712618483836
2025-11-01,"CPI_Apparel",95.5,121.712618483836
2025-12-01,"CPI_Apparel",95.5,121.712618483836
2025-01-01,"CPI_Food",95.5,328.784681763498
2025-02-01,"CPI_Food",95.5,328.808631698992
2025-03-01,"CPI_Food",95.5,328.806692620344
2025-04-01,"CPI_Food",95.5,328.804753553132
2025-05-01,"CPI_Food",95.5,328.802814497356
2025-06-01,"CPI_Food",95.5,328.800875453014
2025-07-01,"CPI_Food",95.5,328.798936420108
2025-08-01,"CPI_Food",95.5,328.796997398636
2025-09-01,"CPI_Food",95.5,328.7950583886
2025-10-01,"CPI_Food",95.5,328.793119389999
2025-11-01,"CPI_Food",95.5,328.791180402832
2025-12-01,"CPI_Food",95.5,328.7892414271
2025-01-01,"CPI_Durables",95.5,109.668480591464
2025-02-01,"CPI_Durables",95.5,109.452294149261
2025-03-01,"CPI_Durables",95.5,109.911192067573
2025-04-01,"CPI_Durables",95.5,109.641733747926
2025-05-01,"CPI_Durables",95.5,109.78584168292
2025-06-01,"CPI_Durables",95.5,109.50121909664
2025-07-01,"CPI_Durables",95.5,109.640287998982
2025-08-01,"CPI_Durables",95.5,109.486544860515
2025-09-01,"CPI_Durables",95.5,109.685298586831
2025-10-01,"CPI_Durables",95.5,109.610396172252
2025-11-01,"CPI_Durables",95.5,109.734853044188
2025-12-01,"CPI_Durables",95.5,109.614926070144
2025-01-01,"CPI_Overall",95.5,328.536001742626
2025-02-01,"CPI_Overall",95.5,328.598202374571
2025-03-01,"CPI_Overall",95.5,328.81352399908
2025-04-01,"CPI_Overall",95.5,328.812941812035
2025-05-01,"CPI_Overall",95.5,328.812359626022
2025-06-01,"CPI_Overall",95.5,328.811777441038
2025-07-01,"CPI_Overall",95.5,328.811195257086
2025-08-01,"CPI_Overall",95.5,328.810613074165
2025-09-01,"CPI_Overall",95.5,328.810030892274
2025-10-01,"CPI_Overall",95.5,328.809448711415
2025-11-01,"CPI_Overall",95.5,328.808866531585
2025-12-01,"CPI_Overall",95.5,328.808284352787
2025-01-01,"CPI_Apparel",96,121.675085234415
2025-02-01,"CPI_Apparel",96,121.697124457371
2025-03-01,"CPI_Apparel",96,121.697124457371
2025-04-01,"CPI_Apparel",96,121.697124457371
2025-05-01,"CPI_Apparel",96,121.697124457371
2025-06-01,"CPI_Apparel",96,121.697124457371
2025-07-01,"CPI_Apparel",96,121.697124457371
2025-08-01,"CPI_Apparel",96,121.697124457371
2025-09-01,"CPI_Apparel",96,121.697124457371
2025-10-01,"CPI_Apparel",96,121.697124457371
2025-11-01,"CPI_Apparel",96,121.697124457371
2025-12-01,"CPI_Apparel",96,121.697124457371
2025-01-01,"CPI_Food",96,328.774521774752
2025-02-01,"CPI_Food",96,328.798470970152
2025-03-01,"CPI_Food",96,328.796531951426
2025-04-01,"CPI_Food",96,328.794592944134
2025-05-01,"CPI_Food",96,328.792653948278
2025-06-01,"CPI_Food",96,328.790714963856
2025-07-01,"CPI_Food",96,328.788775990869
2025-08-01,"CPI_Food",96,328.786837029316
2025-09-01,"CPI_Food",96,328.784898079199
2025-10-01,"CPI_Food",96,328.782959140515
2025-11-01,"CPI_Food",96,328.781020213267
2025-12-01,"CPI_Food",96,328.779081297452
2025-01-01,"CPI_Durables",96,109.64992997287
2025-02-01,"CPI_Durables",96,109.433780098988
2025-03-01,"CPI_Durables",96,109.892600393901
2025-04-01,"CPI_Durables",96,109.623187653607
2025-05-01,"CPI_Durables",96,109.767271212488
2025-06-01,"CPI_Durables",96,109.482696770625
2025-07-01,"CPI_Durables",96,109.621742149215
2025-08-01,"CPI_Durables",96,109.468025016673
2025-09-01,"CPI_Durables",96,109.666745123443
2025-10-01,"CPI_Durables",96,109.591855378741
2025-11-01,"CPI_Durables",96,109.716291198575
2025-12-01,"CPI_Durables",96,109.596384510392
2025-01-01,"CPI_Overall",96,328.551884503239
2025-02-01,"CPI_Overall",96,328.614088142214
2025-03-01,"CPI_Overall",96,328.829420176242
2025-04-01,"CPI_Overall",96,328.828837961052
2025-05-01,"CPI_Overall",96,328.828255746893
2025-06-01,"CPI_Overall",96,328.827673533765
2025-07-01,"CPI_Overall",96,328.827091321668
2025-08-01,"CPI_Overall",96,328.826509110601
2025-09-01,"CPI_Overall",96,328.825926900566
2025-10-01,"CPI_Overall",96,328.825344691561
2025-11-01,"CPI_Overall",96,328.824762483587
2025-12-01,"CPI_Overall",96,328.824180276644
2025-01-01,"CPI_Apparel",96.5,121.659676444832
2025-02-01,"CPI_Apparel",96.5,121.681712876767
2025-03-01,"CPI_Apparel",96.5,121.681712876767
2025-04-01,"CPI_Apparel",96.5,121.681712876767
2025-05-01,"CPI_Apparel",96.5,121.681712876767
2025-06-01,"CPI_Apparel",96.5,121.681712876767
2025-07-01,"CPI_Apparel",96.5,121.681712876767
2025-08-01,"CPI_Apparel",96.5,121.681712876767
2025-09-01,"CPI_Apparel",96.5,121.681712876767
2025-10-01,"CPI_Apparel",96.5,121.681712876767
2025-11-01,"CPI_Apparel",96.5,121.681712876767
2025-12-01,"CPI_Apparel",96.5,121.681712876767
2025-01-01,"CPI_Food",96.5,328.764414876924
2025-02-01,"CPI_Food",96.5,328.788363336099
2025-03-01,"CPI_Food",96.5,328.78642437698
2025-04-01,"CPI_Food",96.5,328.784485429296
2025-05-01,"CPI_Food",96.5,328.782546493046
2025-06-01,"CPI_Food",96.5,328.780607568231
2025-07-01,"CPI_Food",96.5,328.77866865485
2025-08-01,"CPI_Food",96.5,328.776729752904
2025-09-01,"CPI_Food",96.5,328.774790862391
2025-10-01,"CPI_Food",96.5,328.772851983313
2025-11-01,"CPI_Food",96.5,328.770913115669
2025-12-01,"CPI_Food",96.5,328.768974259459
2025-01-01,"CPI_Durables",96.5,109.631478835022
2025-02-01,"CPI_Durables",96.5,109.415365333358
2025-03-01,"CPI_Durables",96.5,109.87410842114
2025-04-01,"CPI_Durables",96.5,109.604741015774
2025-05-01,"CPI_Durables",96.5,109.748800329262
2025-06-01,"CPI_Durables",96.5,109.464273773633
2025-07-01,"CPI_Durables",96.5,109.603295754621
2025-08-01,"CPI_Durables",96.5,109.449604488544
2025-09-01,"CPI_Durables",96.5,109.648291156057
2025-10-01,"CPI_Durables",96.5,109.573414013287
2025-11-01,"CPI_Durables",96.5,109.697828893915
2025-12-01,"CPI_Durables",96.5,109.577942382807
2025-01-01,"CPI_Overall",96.5,328.567685517496
2025-02-01,"CPI_Overall",96.5,328.629892148025
2025-03-01,"CPI_Overall",96.5,328.845234537996
2025-04-01,"CPI_Overall",96.5,328.844652294806
2025-05-01,"CPI_Overall",96.5,328.844070052646
2025-06-01,"CPI_Overall",96.5,328.843487811518
2025-07-01,"CPI_Overall",96.5,328.84290557142
2025-08-01,"CPI_Overall",96.5,328.842323332354
2025-09-01,"CPI_Overall",96.5,328.841741094318
2025-10-01,"CPI_Overall",96.5,328.841158857313
2025-11-01,"CPI_Overall",96.5,328.840576621339
2025-12-01,"CPI_Overall",96.5,328.839994386396
2025-01-01,"CPI_Apparel",97,121.644349223843
2025-02-01,"CPI_Apparel",97,121.666382879531
2025-03-01,"CPI_Apparel",97,121.666382879531
2025-04-01,"CPI_Apparel",97,121.666382879531
2025-05-01,"CPI_Apparel",97,121.666382879531
2025-06-01,"CPI_Apparel",97,121.666382879531
2025-07-01,"CPI_Apparel",97,121.666382879531
2025-08-01,"CPI_Apparel",97,121.666382879531
2025-09-01,"CPI_Apparel",97,121.666382879531
2025-10-01,"CPI_Apparel",97,121.666382879531
2025-11-01,"CPI_Apparel",97,121.666382879531
2025-12-01,"CPI_Apparel",97,121.666382879531
2025-01-01,"CPI_Food",97,328.754360519652
2025-02-01,"CPI_Food",97,328.778308246429
2025-03-01,"CPI_Food",97,328.776369346608
2025-04-01,"CPI_Food",97,328.774430458221
2025-05-01,"CPI_Food",97,328.772491581269
2025-06-01,"CPI_Food",97,328.77055271575
2025-07-01,"CPI_Food",97,328.768613861666
2025-08-01,"CPI_Food",97,328.766675019015
2025-09-01,"CPI_Food",97,328.764736187798
2025-10-01,"CPI_Food",97,328.762797368016
2025-11-01,"CPI_Food",97,328.760858559666
2025-12-01,"CPI_Food",97,328.758919762751
2025-01-01,"CPI_Durables",97,109.613126133122
2025-02-01,"CPI_Durables",97,109.397048809632
2025-03-01,"CPI_Durables",97,109.855715102179
2025-04-01,"CPI_Durables",97,109.58639278988
2025-05-01,"CPI_Durables",97,109.730427987324
2025-06-01,"CPI_Durables",97,109.445949062459
2025-07-01,"CPI_Durables",97,109.584947770669
2025-08-01,"CPI_Durables",97,109.43128223306
2025-09-01,"CPI_Durables",97,109.629935639715
2025-10-01,"CPI_Durables",97,109.555071031646
2025-11-01,"CPI_Durables",97,109.679465084778
2025-12-01,"CPI_Durables",97,109.559598643101
2025-01-01,"CPI_Overall",97,328.583405626436
2025-02-01,"CPI_Overall",97,328.645615233202
2025-03-01,"CPI_Overall",97,328.86096792609
2025-04-01,"CPI_Overall",97,328.860385655043
2025-05-01,"CPI_Overall",97,328.859803385027
2025-06-01,"CPI_Overall",97,328.859221116041
2025-07-01,"CPI_Overall",97,328.858638848087
2025-08-01,"CPI_Overall",97,328.858056581163
2025-09-01,"CPI_Overall",97,328.857474315271
2025-10-01,"CPI_Overall",97,328.856892050409
2025-11-01,"CPI_Overall",97,328.856309786578
2025-12-01,"CPI_Overall",97,328.855727523778
2025-01-01,"CPI_Apparel",97.5,121.629102722519
2025-02-01,"CPI_Apparel",97.5,121.651133616581
2025-03-01,"CPI_Apparel",97.5,121.651133616581
2025-04-01,"CPI_Apparel",97.5,121.651133616581
2025-05-01,"CPI_Apparel",97.5,121.651133616581
2025-06-01,"CPI_Apparel",97.5,121.651133616581
2025-07-01,"CPI_Apparel",97.5,121.651133616581
2025-08-01,"CPI_Apparel",97.5,121.651133616581
2025-09-01,"CPI_Apparel",97.5,121.651133616581
2025-10-01,"CPI_Apparel",97.5,121.651133616581
2025-11-01,"CPI_Apparel",97.5,121.651133616581
2025-12-01,"CPI_Apparel",97.5,121.651133616581
2025-01-01,"CPI_Food",97.5,328.744358161079
2025-02-01,"CPI_Food",97.5,328.768305159247
2025-03-01,"CPI_Food",97.5,328.766366318417
2025-04-01,"CPI_Food",97.5,328.764427489021
2025-05-01,"CPI_Food",97.5,328.762488671058
2025-06-01,"CPI_Food",97.5,328.76054986453
2025-07-01,"CPI_Food",97.5,328.758611069435
2025-08-01,"CPI_Food",97.5,328.756672285774
2025-09-01,"CPI_Food",97.5,328.754733513546
2025-10-01,"CPI_Food",97.5,328.752794752752
2025-11-01,"CPI_Food",97.5,328.750856003391
2025-12-01,"CPI_Food",97.5,328.748917265464
2025-01-01,"CPI_Durables",97.5,109.594870838659
2025-02-01,"CPI_Durables",97.5,109.378829501325
2025-03-01,"CPI_Durables",97.5,109.837419406231
2025-04-01,"CPI_Durables",97.5,109.568141947667
2025-05-01,"CPI_Durables",97.5,109.712153157063
2025-06-01,"CPI_Durables",97.5,109.42772161016
2025-07-01,"CPI_Durables",97.5,109.566697169114
2025-08-01,"CPI_Durables",97.5,109.413057223418
2025-09-01,"CPI_Durables",97.5,109.611677545746
2025-10-01,"CPI_Durables",97.5,109.536825405851
2025-11-01,"CPI_Durables",97.5,109.66119874203
2025-12-01,"CPI_Durables",97.5,109.541352263265
2025-01-01,"CPI_Overall",97.5,328.599045658166
2025-02-01,"CPI_Overall",97.5,328.661258226007
2025-03-01,"CPI_Overall",97.5,328.87662116933
2025-04-01,"CPI_Overall",97.5,328.876038870568
2025-05-01,"CPI_Overall",97.5,328.875456572836
2025-06-01,"CPI_Overall",97.5,328.874874276136
2025-07-01,"CPI_Overall",97.5,328.874291980466
2025-08-01,"CPI_Overall",97.5,328.873709685828
2025-09-01,"CPI_Overall",97.5,328.87312739222
2025-10-01,"CPI_Overall",97.5,328.872545099644
2025-11-01,"CPI_Overall",97.5,328.871962808098
2025-12-01,"CPI_Overall",97.5,328.871380517584
2025-01-01,"CPI_Apparel",98,121.613936105064
2025-02-01,"CPI_Apparel",98,121.63596425197
2025-03-01,"CPI_Apparel",98,121.63596425197
2025-04-01,"CPI_Apparel",98,121.63596425197
2025-05-01,"CPI_Apparel",98,121.63596425197
2025-06-01,"CPI_Apparel",98,121.63596425197
2025-07-01,"CPI_Apparel",98,121.63596425197
2025-08-01,"CPI_Apparel",98,121.63596425197
2025-09-01,"CPI_Apparel",98,121.63596425197
2025-10-01,"CPI_Apparel",98,121.63596425197
2025-11-01,"CPI_Apparel",98,121.63596425197
2025-12-01,"CPI_Apparel",98,121.63596425197
2025-01-01,"CPI_Food",98,328.734407267681
2025-02-01,"CPI_Food",98,328.758353540988
2025-03-01,"CPI_Food",98,328.756414758845
2025-04-01,"CPI_Food",98,328.754475988136
2025-05-01,"CPI_Food",98,328.752537228861
2025-06-01,"CPI_Food",98,328.750598481019
2025-07-01,"CPI_Food",98,328.74865974461
2025-08-01,"CPI_Food",98,328.746721019634
2025-09-01,"CPI_Food",98,328.744782306092
2025-10-01,"CPI_Food",98,328.742843603983
2025-11-01,"CPI_Food",98,328.740904913307
2025-12-01,"CPI_Food",98,328.738966234064
2025-01-01,"CPI_Durables",98,109.576711939073
2025-02-01,"CPI_Durables",98,109.360706397877
2025-03-01,"CPI_Durables",98,109.819220318495
2025-04-01,"CPI_Durables",98,109.549987476823
2025-05-01,"CPI_Durables",98,109.693974824836
2025-06-01,"CPI_Durables",98,109.409590405722
2025-07-01,"CPI_Durables",98,109.548542937656
2025-08-01,"CPI_Durables",98,109.394928448739
2025-09-01,"CPI_Durables",98,109.593515861439
2025-10-01,"CPI_Durables",98,109.51867612388
2025-11-01,"CPI_Durables",98,109.643028852498
2025-12-01,"CPI_Durables",98,109.523202231233
2025-01-01,"CPI_Overall",98,328.614606428121
2025-02-01,"CPI_Overall",98,328.67682194203
2025-03-01,"CPI_Overall",98,328.892195083842
2025-04-01,"CPI_Overall",98,328.891612757504
2025-05-01,"CPI_Overall",98,328.891030432198
2025-06-01,"CPI_Overall",98,328.890448107923
2025-07-01,"CPI_Overall",98,328.889865784679
2025-08-01,"CPI_Overall",98,328.889283462466
2025-09-01,"CPI_Overall",98,328.888701141284
2025-10-01,"CPI_Overall",98,328.888118821133
2025-11-01,"CPI_Overall",98,328.887536502013
2025-12-01,"CPI_Overall",98,328.886954183925
2025-01-01,"CPI_Apparel",98.5,121.598848548547
2025-02-01,"CPI_Apparel",98.5,121.620873962617
2025-03-01,"CPI_Apparel",98.5,121.620873962617
2025-04-01,"CPI_Apparel",98.5,121.620873962617
2025-05-01,"CPI_Apparel",98.5,121.620873962617
2025-06-01,"CPI_Apparel",98.5,121.620873962617
2025-07-01,"CPI_Apparel",98.5,121.620873962617
2025-08-01,"CPI_Apparel",98.5,121.620873962617
2025-09-01,"CPI_Apparel",98.5,121.620873962617
2025-10-01,"CPI_Apparel",98.5,121.620873962617
2025-11-01,"CPI_Apparel",98.5,121.620873962617
2025-12-01,"CPI_Apparel",98.5,121.620873962617
2025-01-01,"CPI_Food",98.5,328.724507314093
2025-02-01,"CPI_Food",98.5,328.748452866249
2025-03-01,"CPI_Food",98.5,328.746514142494
2025-04-01,"CPI_Food",98.5,328.744575430171
2025-05-01,"CPI_Food",98.5,328.742636729282
2025-06-01,"CPI_Food",98.5,328.740698039826
2025-07-01,"CPI_Food",98.5,328.738759361803
2025-08-01,"CPI_Food",98.5,328.736820695213
2025-09-01,"CPI_Food",98.5,328.734882040056
2025-10-01,"CPI_Food",98.5,328.732943396332
2025-11-01,"CPI_Food",98.5,328.73100476404
2025-12-01,"CPI_Food",98.5,328.729066143181
2025-01-01,"CPI_Durables",98.5,109.558648437432
2025-02-01,"CPI_Durables",98.5,109.342678504316
2025-03-01,"CPI_Durables",98.5,109.801116839833
2025-04-01,"CPI_Durables",98.5,109.531928380655
2025-05-01,"CPI_Durables",98.5,109.675891992642
2025-06-01,"CPI_Durables",98.5,109.39155445373
2025-07-01,"CPI_Durables",98.5,109.530484079618
2025-08-01,"CPI_Durables",98.5,109.376894913742
2025-09-01,"CPI_Durables",98.5,109.575449589704
2025-10-01,"CPI_Durables",98.5,109.500622189326
2025-11-01,"CPI_Durables",98.5,109.624954418646
2025-12-01,"CPI_Durables",98.5,109.50514755056
2025-01-01,"CPI_Overall",98.5,328.630088739327
2025-02-01,"CPI_Overall",98.5,328.692307184451
2025-03-01,"CPI_Overall",98.5,328.907690473328
2025-04-01,"CPI_Overall",98.5,328.907108119555
2025-05-01,"CPI_Overall",98.5,328.906525766814
2025-06-01,"CPI_Overall",98.5,328.905943415103
2025-07-01,"CPI_Overall",98.5,328.905361064423
2025-08-01,"CPI_Overall",98.5,328.904778714775
2025-09-01,"CPI_Overall",98.5,328.904196366157
2025-10-01,"CPI_Overall",98.5,328.903614018571
2025-11-01,"CPI_Overall",98.5,328.903031672016
2025-12-01,"CPI_Overall",98.5,328.902449326492
2025-01-01,"CPI_Apparel",99,121.583839242634
2025-02-01,"CPI_Apparel",99,121.605861938043
2025-03-01,"CPI_Apparel",99,121.605861938043
2025-04-01,"CPI_Apparel",99,121.605861938043
2025-05-01,"CPI_Apparel",99,121.605861938043
2025-06-01,"CPI_Apparel",99,121.605861938043
2025-07-01,"CPI_Apparel",99,121.605861938043
2025-08-01,"CPI_Apparel",99,121.605861938043
2025-09-01,"CPI_Apparel",99,121.605861938043
2025-10-01,"CPI_Apparel",99,121.605861938043
2025-11-01,"CPI_Apparel",99,121.605861938043
2025-12-01,"CPI_Apparel",99,121.605861938043
2025-01-01,"CPI_Food",99,328.714657782947
2025-02-01,"CPI_Food",99,328.738602617626
2025-03-01,"CPI_Food",99,328.73666395196
2025-04-01,"CPI_Food",99,328.734725297727
2025-05-01,"CPI_Food",99,328.732786654927
2025-06-01,"CPI_Food",99,328.73084802356
2025-07-01,"CPI_Food",99,328.728909403625
2025-08-01,"CPI_Food",99,328.726970795123
2025-09-01,"CPI_Food",99,328.725032198054
2025-10-01,"CPI_Food",99,328.723093612417
2025-11-01,"CPI_Food",99,328.721155038212
2025-12-01,"CPI_Food",99,328.71921647544
2025-01-01,"CPI_Durables",99,109.540679352105
2025-02-01,"CPI_Durables",99,109.32474484095
2025-03-01,"CPI_Durables",99,109.783107986441
2025-04-01,"CPI_Durables",99,109.513963677775
2025-05-01,"CPI_Durables",99,109.657903677802
2025-06-01,"CPI_Durables",99,109.373612774054
2025-07-01,"CPI_Durables",99,109.512519613623
2025-08-01,"CPI_Durables",99,109.358955638426
2025-09-01,"CPI_Durables",99,109.557477748763
2025-10-01,"CPI_Durables",99,109.482662621081
2025-11-01,"CPI_Durables",99,109.60697445825
2025-12-01,"CPI_Durables",99,109.487187240095
2025-01-01,"CPI_Overall",99,328.645493382649
2025-02-01,"CPI_Overall",99,328.707714744284
2025-03-01,"CPI_Overall",99,328.923108129323
2025-04-01,"CPI_Overall",99,328.922525748252
2025-05-01,"CPI_Overall",99,328.921943368212
2025-06-01,"CPI_Overall",99,328.921360989204
2025-07-01,"CPI_Overall",99,328.920778611226
2025-08-01,"CPI_Overall",99,328.92019623428
2025-09-01,"CPI_Overall",99,328.919613858365
2025-10-01,"CPI_Overall",99,328.919031483481
2025-11-01,"CPI_Overall",99,328.918449109628
2025-12-01,"CPI_Overall",99,328.917866736806
2025-01-01,"CPI_Apparel",99.5,121.568907389342
2025-02-01,"CPI_Apparel",99.5,121.590927380117
2025-03-01,"CPI_Apparel",99.5,121.590927380117
2025-04-01,"CPI_Apparel",99.5,121.590927380117
2025-05-01,"CPI_Apparel",99.5,121.590927380117
2025-06-01,"CPI_Apparel",99.5,121.590927380117
2025-07-01,"CPI_Apparel",99.5,121.590927380117
2025-08-01,"CPI_Apparel",99.5,121.590927380117
2025-09-01,"CPI_Apparel",99.5,121.590927380117
2025-10-01,"CPI_Apparel",99.5,121.590927380117
2025-11-01,"CPI_Apparel",99.5,121.590927380117
2025-12-01,"CPI_Apparel",99.5,121.590927380117
2025-01-01,"CPI_Food",99.5,328.70485816471
2025-02-01,"CPI_Food",99.5,328.728802285547
2025-03-01,"CPI_Food",99.5,328.726863677676
2025-04-01,"CPI_Food",99.5,328.724925081238
2025-05-01,"CPI_Food",99.5,328.722986496233
2025-06-01,"CPI_Food",99.5,328.72104792266
2025-07-01,"CPI_Food",99.5,328.71910936052
2025-08-01,"CPI_Food",99.5,328.717170809811
2025-09-01,"CPI_Food",99.5,328.715232270535
2025-10-01,"CPI_Food",99.5,328.713293742691
2025-11-01,"CPI_Food",99.5,328.711355226279
2025-12-01,"CPI_Food",99.5,328.709416721299
2025-01-01,"CPI_Durables",99.5,109.522803716459
2025-02-01,"CPI_Durables",99.5,109.30690444305
2025-03-01,"CPI_Durables",99.5,109.765192789547
2025-04-01,"CPI_Durables",99.5,109.496092401785
2025-05-01,"CPI_Durables",99.5,109.640008912648
2025-06-01,"CPI_Durables",99.5,109.355764401533
2025-07-01,"CPI_Durables",99.5,109.494648573286
2025-08-01,"CPI_Durables",99.5,109.341109657763
2025-09-01,"CPI_Durables",99.5,109.539599371834
2025-10-01,"CPI_Durables",99.5,109.464796453022
2025-11-01,"CPI_Durables",99.5,109.589088004092
2025-12-01,"CPI_Durables",99.5,109.469320333676
2025-01-01,"CPI_Overall",99.5,328.660821137036
2025-02-01,"CPI_Overall",99.5,328.723045400624
2025-03-01,"CPI_Overall",99.5,328.938448831433
2025-04-01,"CPI_Overall",99.5,328.9378664232
2025-05-01,"CPI_Overall",99.5,328.937284015999
2025-06-01,"CPI_Overall",99.5,328.936701609828
2025-07-01,"CPI_Overall",99.5,328.936119204689
2025-08-01,"CPI_Overall",99.5,328.935536800581
2025-09-01,"CPI_Overall",99.5,328.934954397505
2025-10-01,"CPI_Overall",99.5,328.934371995459
2025-11-01,"CPI_Overall",99.5,328.933789594445
2025-12-01,"CPI_Overall",99.5,328.933207194462
2025-01-01,"CPI_Apparel",100,121.554052202779
2025-02-01,"CPI_Apparel",100,121.576069502808
2025-03-01,"CPI_Apparel",100,121.576069502808
2025-04-01,"CPI_Apparel",100,121.576069502808
2025-05-01,"CPI_Apparel",100,121.576069502808
2025-06-01,"CPI_Apparel",100,121.576069502808
2025-07-01,"CPI_Apparel",100,121.576069502808
2025-08-01,"CPI_Apparel",100,121.576069502808
2025-09-01,"CPI_Apparel",100,121.576069502808
2025-10-01,"CPI_Apparel",100,121.576069502808
2025-11-01,"CPI_Apparel",100,121.576069502808
2025-12-01,"CPI_Apparel",100,121.576069502808
2025-01-01,"CPI_Food",100,328.695107957525
2025-02-01,"CPI_Food",100,328.719051368119
2025-03-01,"CPI_Food",100,328.717112817753
2025-04-01,"CPI_Food",100,328.715174278818
2025-05-01,"CPI_Food",100,328.713235751316
2025-06-01,"CPI_Food",100,328.711297235246
2025-07-01,"CPI_Food",100,328.709358730608
2025-08-01,"CPI_Food",100,328.707420237402
2025-09-01,"CPI_Food",100,328.705481755628
2025-10-01,"CPI_Food",100,328.703543285286
2025-11-01,"CPI_Food",100,328.701604826375
2025-12-01,"CPI_Food",100,328.699666378896
2025-01-01,"CPI_Durables",100,109.505020578552
2025-02-01,"CPI_Durables",100,109.289156360551
2025-03-01,"CPI_Durables",100,109.747370295103
2025-04-01,"CPI_Durables",100,109.478313600975
2025-05-01,"CPI_Durables",100,109.622206744218
2025-06-01,"CPI_Durables",100,109.338008385679
2025-07-01,"CPI_Durables",100,109.476870006909
2025-08-01,"CPI_Durables",100,109.323356021388
2025-09-01,"CPI_Durables",100,109.521813506829
2025-10-01,"CPI_Durables",100,109.447022733713
2025-11-01,"CPI_Durables",100,109.571294103654
2025-12-01,"CPI_Durables",100,109.451545879827
2025-01-01,"CPI_Overall",100,328.67607276976
2025-02-01,"CPI_Overall",100,328.738299920888
2025-03-01,"CPI_Overall",100,328.953713347577
2025-04-01,"CPI_Overall",100,328.953130912317
2025-05-01,"CPI_Overall",100,328.952548478089
2025-06-01,"CPI_Overall",100,328.951966044892
2025-07-01,"CPI_Overall",100,328.951383612726
2025-08-01,"CPI_Overall",100,328.950801181591
2025-09-01,"CPI_Overall",100,328.950218751488
2025-10-01,"CPI_Overall",100,328.949636322416
2025-11-01,"CPI_Overall",100,328.949053894375
2025-12-01,"CPI_Overall",100,328.948471467366
