"Indicator Category","Indicator Code","Indicator","Reporting Economy Code","Reporting Economy ISO3A Code","Reporting Economy","Partner Economy Code","Partner Economy ISO3A Code","Partner Economy","Product/Sector Classification Code","Product/Sector Classification","Product/Sector Code","Product/Sector","Period Code","Period","Frequency Code","Frequency","Unit Code","Unit","Year","Value Flag Code","Value Flag","Text Value","Value"
"MFN applied tariffs","TP_A_0010","Simple average MFN applied tariff - all products","004","AFG","Afghanistan","-","","-","-","-","-","-","A","Annual","A","Annual","PCT","Percent","2018","","","","6.46"
"MFN applied tariffs","TP_A_0010","Simple average MFN applied tariff - all products","008","ALB","Albania","-","","-","-","-","-","-","A","Annual","A","Annual","PCT","Percent","2015","","","","3.78"
"MFN applied tariffs","TP_A_0010","Simple average MFN applied tariff - all products","008","ALB","Albania","-","","-","-","-","-","-","A","Annual","A","Annual","PCT","Percent","2016","","","","3.76"
"MFN applied tariffs","TP_A_0010","Simple average MFN applied tariff - all products","008","ALB","Albania","-","","-","-","-","-","-","A","Annual","A","Annual","PCT","Percent","2017","","","","3.62"
"MFN applied tariffs","TP_A_0010","Simple average MFN applied tariff - all products","008","ALB","Albania","-","","-","-","-","-","-","A","Annual","A","Annual","PCT","Percent","2018","","","","3.64"
"MFN applied tariffs","TP_A_0010","Simple average MFN applied tariff - all products","008","ALB","Albania","-","","-","-","-","-","-","A","Annual","A","Annual","PCT","Percent","2019","","","","3.64"
"MFN applied tariffs","TP_A_0010","Simple average MFN applied tariff - all products","008","ALB","Albania","-","","-","-","-","-","-","A","Annual","A","Annual","PCT","Percent","2020","","","","3.6"
"MFN applied tariffs","TP_A_0010","Simple average MFN applied tariff - all products","008","ALB","Albania","-","","-","-","-","-","-","A","Annual","A","Annual","PCT","Percent","2021","","","","3.64"
"MFN applied tariffs","TP_A_0010","Simple average MFN applied tariff - all products","008","ALB","Albania","-","","-","-","-","-","-","A","Annual","A","Annual","PCT","Percent","2022","","","","3.56410845807789"
"MFN applied tariffs","TP_A_0010","Simple average MFN applied tariff - all products","008","ALB","Albania","-","","-","-","-","-","-","A","Annual","A","Annual","PCT","Percent","2023","","","","3.53353755568379"
"MFN applied tariffs","TP_A_0010","Simple average MFN applied tariff - all products","008","ALB","Albania","-","","-","-","-","-","-","A","Annual","A","Annual","PCT","Percent","2024","","","","3.53007832113797"
"MFN applied tariffs","TP_A_0010","Simple average MFN applied tariff - all products","012","DZA","Algeria","-","","-","-","-","-","-","A","Annual","A","Annual","PCT","Percent","2015","","","","18.77"
"MFN applied tariffs","TP_A_0010","Simple average MFN applied tariff - all products","012","DZA","Algeria","-","","-","-","-","-","-","A","Annual","A","Annual","PCT","Percent","2016","","","","18.87"
"MFN applied tariffs","TP_A_0010","Simple average MFN applied tariff - all products","012","DZA","Algeria","-","","-","-","-","-","-","A","Annual","A","Annual","PCT","Percent","2017","","","","18.81"
"MFN applied tariffs","TP_A_0010","Simple average MFN applied tariff - all products","012","DZA","Algeria","-","","-","-","-","-","-","A","Annual","A","Annual","PCT","Percent","2018","","","","18.94"
"MFN applied tariffs","TP_A_0010","Simple average MFN applied tariff - all products","012","DZA","Algeria","-","","-","-","-","-","-","A","Annual","A","Annual","PCT","Percent","2019","","","","18.94"
"MFN applied tariffs","TP_A_0010","Simple average MFN applied tariff - all products","012","DZA","Algeria","-","","-","-","-","-","-","A","Annual","A","Annual","PCT","Percent","2021","","","","18.97"
"MFN applied tariffs","TP_A_0010","Simple average MFN applied tariff - all products","012","DZA","Algeria","-","","-","-","-","-","-","A","Annual","A","Annual","PCT","Percent","2022","","","","18.8744301012531"
"MFN applied tariffs","TP_A_0010","Simple average MFN applied tariff - all products","024","AGO","Angola","-","","-","-","-","-","-","A","Annual","A","Annual","PCT","Percent","2023","","","","11.0074850166875"
"MFN applied tariffs","TP_A_0010","Simple average MFN applied tariff - all products","024","AGO","Angola","-","","-","-","-","-","-","A","Annual","A","Annual","PCT","Percent","2015","","","","11.4"
"MFN applied tariffs","TP_A_0010","Simple average MFN applied tariff - all products","024","AGO","Angola","-","","-","-","-","-","-","A","Annual","A","Annual","PCT","Percent","2016","","","","11.42"
"MFN applied tariffs","TP_A_0010","Simple average MFN applied tariff - all products","024","AGO","Angola","-","","-","-","-","-","-","A","Annual","A","Annual","PCT","Percent","2018","","","","9.17"
"MFN applied tariffs","TP_A_0010","Simple average MFN applied tariff - all products","024","AGO","Angola","-","","-","-","-","-","-","A","Annual","A","Annual","PCT","Percent","2019","","","","10.17"
"MFN applied tariffs","TP_A_0010","Simple average MFN applied tariff - all products","024","AGO","Angola","-","","-","-","-","-","-","A","Annual","A","Annual","PCT","Percent","2021","","","","10.86"
"MFN applied tariffs","TP_A_0010","Simple average MFN applied tariff - all products","024","AGO","Angola","-","","-","-","-","-","-","A","Annual","A","Annual","PCT","Percent","2022","","","","11.0296080878903"
"MFN applied tariffs","TP_A_0010","Simple average MFN applied tariff - all products","028","ATG","Antigua and Barbuda","-","","-","-","-","-","-","A","Annual","A","Annual","PCT","Percent","2015","","","","9.91"
"MFN applied tariffs","TP_A_0010","Simple average MFN applied tariff - all products","028","ATG","Antigua and Barbuda","-","","-","-","-","-","-","A","Annual","A","Annual","PCT","Percent","2016","","","","9.91"
"MFN applied tariffs","TP_A_0010","Simple average MFN applied tariff - all products","028","ATG","Antigua and Barbuda","-","","-","-","-","-","-","A","Annual","A","Annual","PCT","Percent","2017","","","","9.91"
"MFN applied tariffs","TP_A_0010","Simple average MFN applied tariff - all products","028","ATG","Antigua and Barbuda","-","","-","-","-","-","-","A","Annual","A","Annual","PCT","Percent","2018","","","","9.91"
"MFN applied tariffs","TP_A_0010","Simple average MFN applied tariff - all products","028","ATG","Antigua and Barbuda","-","","-","-","-","-","-","A","Annual","A","Annual","PCT","Percent","2019","","","","9.91"
"MFN applied tariffs","TP_A_0010","Simple average MFN applied tariff - all products","028","ATG","Antigua and Barbuda","-","","-","-","-","-","-","A","Annual","A","Annual","PCT","Percent","2021","","","","9.91"
"MFN applied tariffs","TP_A_0010","Simple average MFN applied tariff - all products","028","ATG","Antigua and Barbuda","-","","-","-","-","-","-","A","Annual","A","Annual","PCT","Percent","2022","","","","9.90942174889758"
"MFN applied tariffs","TP_A_0010","Simple average MFN applied tariff - all products","031","AZE","Azerbaijan","-","","-","-","-","-","-","A","Annual","A","Annual","PCT","Percent","2015","","","","9.05"
"MFN applied tariffs","TP_A_0010","Simple average MFN applied tariff - all products","031","AZE","Azerbaijan","-","","-","-","-","-","-","A","Annual","A","Annual","PCT","Percent","2019","","","","8.69"
"MFN applied tariffs","TP_A_0010","Simple average MFN applied tariff - all products","031","AZE","Azerbaijan","-","","-","-","-","-","-","A","Annual","A","Annual","PCT","Percent","2021","","","","8.48"
"MFN applied tariffs","TP_A_0010","Simple average MFN applied tariff - all products","031","AZE","Azerbaijan","-","","-","-","-","-","-","A","Annual","A","Annual","PCT","Percent","2022","","","","8.2398536576615"
"MFN applied tariffs","TP_A_0010","Simple average MFN applied tariff - all products","031","AZE","Azerbaijan","-","","-","-","-","-","-","A","Annual","A","Annual","PCT","Percent","2023","","","","8.19030577077778"
"MFN applied tariffs","TP_A_0010","Simple average MFN applied tariff - all products","031","AZE","Azerbaijan","-","","-","-","-","-","-","A","Annual","A","Annual","PCT","Percent","2024","","","","7.81914580621452"
"MFN applied tariffs","TP_A_0010","Simple average MFN applied tariff - all products","032","ARG","Argentina","-","","-","-","-","-","-","A","Annual","A","Annual","PCT","Percent","2015","","","","13.64"
"MFN applied tariffs","TP_A_0010","Simple average MFN applied tariff - all products","032","ARG","Argentina","-","","-","-","-","-","-","A","Annual","A","Annual","PCT","Percent","2016","","","","13.73"
"MFN applied tariffs","TP_A_0010","Simple average MFN applied tariff - all products","032","ARG","Argentina","-","","-","-","-","-","-","A","Annual","A","Annual","PCT","Percent","2017","","","","13.69"
"MFN applied tariffs","TP_A_0010","Simple average MFN applied tariff - all products","032","ARG","Argentina","-","","-","-","-","-","-","A","Annual","A","Annual","PCT","Percent","2018","","","","13.65"
"MFN applied tariffs","TP_A_0010","Simple average MFN applied tariff - all products","032","ARG","Argentina","-","","-","-","-","-","-","A","Annual","A","Annual","PCT","Percent","2019","","","","13.46"
"MFN applied tariffs","TP_A_0010","Simple average MFN applied tariff - all products","032","ARG","Argentina","-","","-","-","-","-","-","A","Annual","A","Annual","PCT","Percent","2020","","","","13.4"
"MFN applied tariffs","TP_A_0010","Simple average MFN applied tariff - all products","032","ARG","Argentina","-","","-","-","-","-","-","A","Annual","A","Annual","PCT","Percent","2021","","","","13.36"
"MFN applied tariffs","TP_A_0010","Simple average MFN applied tariff - all products","032","ARG","Argentina","-","","-","-","-","-","-","A","Annual","A","Annual","PCT","Percent","2022","","","","13.3497703255343"
"MFN applied tariffs","TP_A_0010","Simple average MFN applied tariff - all products","032","ARG","Argentina","-","","-","-","-","-","-","A","Annual","A","Annual","PCT","Percent","2023","","","","13.3928970833072"
"MFN applied tariffs","TP_A_0010","Simple average MFN applied tariff - all products","032","ARG","Argentina","-","","-","-","-","-","-","A","Annual","A","Annual","PCT","Percent","2024","","","","12.5281461399662"
"MFN applied tariffs","TP_A_0010","Simple average MFN applied tariff - all products","036","AUS","Australia","-","","-","-","-","-","-","A","Annual","A","Annual","PCT","Percent","2015","","","","2.52"
"MFN applied tariffs","TP_A_0010","Simple average MFN applied tariff - all products","036","AUS","Australia","-","","-","-","-","-","-","A","Annual","A","Annual","PCT","Percent","2016","","","","2.52"
"MFN applied tariffs","TP_A_0010","Simple average MFN applied tariff - all products","036","AUS","Australia","-","","-","-","-","-","-","A","Annual","A","Annual","PCT","Percent","2017","","","","2.5"
"MFN applied tariffs","TP_A_0010","Simple average MFN applied tariff - all products","036","AUS","Australia","-","","-","-","-","-","-","A","Annual","A","Annual","PCT","Percent","2018","","","","2.45"
"MFN applied tariffs","TP_A_0010","Simple average MFN applied tariff - all products","036","AUS","Australia","-","","-","-","-","-","-","A","Annual","A","Annual","PCT","Percent","2019","","","","2.41"
"MFN applied tariffs","TP_A_0010","Simple average MFN applied tariff - all products","036","AUS","Australia","-","","-","-","-","-","-","A","Annual","A","Annual","PCT","Percent","2020","","","","2.41"
"MFN applied tariffs","TP_A_0010","Simple average MFN applied tariff - all products","036","AUS","Australia","-","","-","-","-","-","-","A","Annual","A","Annual","PCT","Percent","2021","","","","2.41"
"MFN applied tariffs","TP_A_0010","Simple average MFN applied tariff - all products","036","AUS","Australia","-","","-","-","-","-","-","A","Annual","A","Annual","PCT","Percent","2022","","","","2.40067854612415"
"MFN applied tariffs","TP_A_0010","Simple average MFN applied tariff - all products","036","AUS","Australia","-","","-","-","-","-","-","A","Annual","A","Annual","PCT","Percent","2023","","","","2.39955484420722"
"MFN applied tariffs","TP_A_0010","Simple average MFN applied tariff - all products","036","AUS","Australia","-","","-","-","-","-","-","A","Annual","A","Annual","PCT","Percent","2024","","","","2.39844098469757"
"MFN applied tariffs","TP_A_0010","Simple average MFN applied tariff - all products","044","BHS","Bahamas","-","","-","-","-","-","-","A","Annual","A","Annual","PCT","Percent","2015","","","","33.88"
"MFN applied tariffs","TP_A_0010","Simple average MFN applied tariff - all products","044","BHS","Bahamas","-","","-","-","-","-","-","A","Annual","A","Annual","PCT","Percent","2016","","","","33.23"
"MFN applied tariffs","TP_A_0010","Simple average MFN applied tariff - all products","044","BHS","Bahamas","-","","-","-","-","-","-","A","Annual","A","Annual","PCT","Percent","2018","","","","32.45"
"MFN applied tariffs","TP_A_0010","Simple average MFN applied tariff - all products","044","BHS","Bahamas","-","","-","-","-","-","-","A","Annual","A","Annual","PCT","Percent","2024","","","","30.3359575735721"
"MFN applied tariffs","TP_A_0010","Simple average MFN applied tariff - all products","048","BHR","Bahrain, Kingdom of","-","","-","-","-","-","-","A","Annual","A","Annual","PCT","Percent","2015","","","","4.7"
"MFN applied tariffs","TP_A_0010","Simple average MFN applied tariff - all products","048","BHR","Bahrain, Kingdom of","-","","-","-","-","-","-","A","Annual","A","Annual","PCT","Percent","2016","","","","4.72"
"MFN applied tariffs","TP_A_0010","Simple average MFN applied tariff - all products","048","BHR","Bahrain, Kingdom of","-","","-","-","-","-","-","A","Annual","A","Annual","PCT","Percent","2017","","","","4.83"
"MFN applied tariffs","TP_A_0010","Simple average MFN applied tariff - all products","048","BHR","Bahrain, Kingdom of","-","","-","-","-","-","-","A","Annual","A","Annual","PCT","Percent","2018","","","","5.3"
"MFN applied tariffs","TP_A_0010","Simple average MFN applied tariff - all products","048","BHR","Bahrain, Kingdom of","-","","-","-","-","-","-","A","Annual","A","Annual","PCT","Percent","2019","","","","4.78"
"MFN applied tariffs","TP_A_0010","Simple average MFN applied tariff - all products","048","BHR","Bahrain, Kingdom of","-","","-","-","-","-","-","A","Annual","A","Annual","PCT","Percent","2020","","","","4.78"
"MFN applied tariffs","TP_A_0010","Simple average MFN applied tariff - all products","048","BHR","Bahrain, Kingdom of","-","","-","-","-","-","-","A","Annual","A","Annual","PCT","Percent","2021","","","","4.79"
"MFN applied tariffs","TP_A_0010","Simple average MFN applied tariff - all products","048","BHR","Bahrain, Kingdom of","-","","-","-","-","-","-","A","Annual","A","Annual","PCT","Percent","2022","","","","4.49624728119352"
"MFN applied tariffs","TP_A_0010","Simple average MFN applied tariff - all products","048","BHR","Bahrain, Kingdom of","-","","-","-","-","-","-","A","Annual","A","Annual","PCT","Percent","2023","","","","4.51335958234363"
"MFN applied tariffs","TP_A_0010","Simple average MFN applied tariff - all products","048","BHR","Bahrain, Kingdom of","-","","-","-","-","-","-","A","Annual","A","Annual","PCT","Percent","2024","","","","4.72185533221126"
"MFN applied tariffs","TP_A_0010","Simple average MFN applied tariff - all products","050","BGD","Bangladesh","-","","-","-","-","-","-","A","Annual","A","Annual","PCT","Percent","2015","","","","13.87"
"MFN applied tariffs","TP_A_0010","Simple average MFN applied tariff - all products","050","BGD","Bangladesh","-","","-","-","-","-","-","A","Annual","A","Annual","PCT","Percent","2016","","","","13.87"
"MFN applied tariffs","TP_A_0010","Simple average MFN applied tariff - all products","050","BGD","Bangladesh","-","","-","-","-","-","-","A","Annual","A","Annual","PCT","Percent","2018","","","","13.99"
"MFN applied tariffs","TP_A_0010","Simple average MFN applied tariff - all products","050","BGD","Bangladesh","-","","-","-","-","-","-","A","Annual","A","Annual","PCT","Percent","2019","","","","13.96"
"MFN applied tariffs","TP_A_0010","Simple average MFN applied tariff - all products","050","BGD","Bangladesh","-","","-","-","-","-","-","A","Annual","A","Annual","PCT","Percent","2021","","","","13.97"
"MFN applied tariffs","TP_A_0010","Simple average MFN applied tariff - all products","050","BGD","Bangladesh","-","","-","-","-","-","-","A","Annual","A","Annual","PCT","Percent","2022","","","","14.1439435814215"
"MFN applied tariffs","TP_A_0010","Simple average MFN applied tariff - all products","050","BGD","Bangladesh","-","","-","-","-","-","-","A","Annual","A","Annual","PCT","Percent","2023","","","","14.0669914408849"
"MFN applied tariffs","TP_A_0010","Simple average MFN applied tariff - all products","050","BGD","Bangladesh","-","","-","-","-","-","-","A","Annual","A","Annual","PCT","Percent","2024","","","","14.0779595238301"
"MFN applied tariffs","TP_A_0010","Simple average MFN applied tariff - all products","051","ARM","Armenia","-","","-","-","-","-","-","A","Annual","A","Annual","PCT","Percent","2015","","","","6.09"
"MFN applied tariffs","TP_A_0010","Simple average MFN applied tariff - all products","051","ARM","Armenia","-","","-","-","-","-","-","A","Annual","A","Annual","PCT","Percent","2016","","","","6.23"
"MFN applied tariffs","TP_A_0010","Simple average MFN applied tariff - all products","051","ARM","Armenia","-","","-","-","-","-","-","A","Annual","A","Annual","PCT","Percent","2017","","","","5.95"
"MFN applied tariffs","TP_A_0010","Simple average MFN applied tariff - all products","051","ARM","Armenia","-","","-","-","-","-","-","A","Annual","A","Annual","PCT","Percent","2018","","","","6.5"
"MFN applied tariffs","TP_A_0010","Simple average MFN applied tariff - all products","051","ARM","Armenia","-","","-","-","-","-","-","A","Annual","A","Annual","PCT","Percent","2019","","","","6.25"
"MFN applied tariffs","TP_A_0010","Simple average MFN applied tariff - all products","051","ARM","Armenia","-","","-","-","-","-","-","A","Annual","A","Annual","PCT","Percent","2021","","","","6.35"
"MFN applied tariffs","TP_A_0010","Simple average MFN applied tariff - all products","051","ARM","Armenia","-","","-","-","-","-","-","A","Annual","A","Annual","PCT","Percent","2022","","","","6.32298758978416"
"MFN applied tariffs","TP_A_0010","Simple average MFN applied tariff - all products","051","ARM","Armenia","-","","-","-","-","-","-","A","Annual","A","Annual","PCT","Percent","2023","","","","6.33727125116312"
"MFN applied tariffs","TP_A_0010","Simple average MFN applied tariff - all products","051","ARM","Armenia","-","","-","-","-","-","-","A","Annual","A","Annual","PCT","Percent","2024","","","","6.37018955897887"
"MFN applied tariffs","TP_A_0010","Simple average MFN applied tariff - all products","052","BRB","Barbados","-","","-","-","-","-","-","A","Annual","A","Annual","PCT","Percent","2021","","","","11.72"
"MFN applied tariffs","TP_A_0010","Simple average MFN applied tariff - all products","052","BRB","Barbados","-","","-","-","-","-","-","A","Annual","A","Annual","PCT","Percent","2022","","","","13.9197872440589"
"MFN applied tariffs","TP_A_0010","Simple average MFN applied tariff - all products","064","BTN","Bhutan","-","","-","-","-","-","-","A","Annual","A","Annual","PCT","Percent","2015","","","","22.29"
"MFN applied tariffs","TP_A_0010","Simple average MFN applied tariff - all products","064","BTN","Bhutan","-","","-","-","-","-","-","A","Annual","A","Annual","PCT","Percent","2019","","","","22.11"
"MFN applied tariffs","TP_A_0010","Simple average MFN applied tariff - all products","064","BTN","Bhutan","-","","-","-","-","-","-","A","Annual","A","Annual","PCT","Percent","2021","","","","9.73"
"MFN applied tariffs","TP_A_0010","Simple average MFN applied tariff - all products","064","BTN","Bhutan","-","","-","-","-","-","-","A","Annual","A","Annual","PCT","Percent","2022","","","","9.7900348701901"
"MFN applied tariffs","TP_A_0010","Simple average MFN applied tariff - all products","064","BTN","Bhutan","-","","-","-","-","-","-","A","Annual","A","Annual","PCT","Percent","2023","","","","9.33784827422325"
"MFN applied tariffs","TP_A_0010","Simple average MFN applied tariff - all products","064","BTN","Bhutan","-","","-","-","-","-","-","A","Annual","A","Annual","PCT","Percent","2024","","","","9.33250163369572"
"MFN applied tariffs","TP_A_0010","Simple average MFN applied tariff - all products","068","BOL","Bolivia, Plurinational State of","-","","-","-","-","-","-","A","Annual","A","Annual","PCT","Percent","2015","","","","11.63"
"MFN applied tariffs","TP_A_0010","Simple average MFN applied tariff - all products","068","BOL","Bolivia, Plurinational State of","-","","-","-","-","-","-","A","Annual","A","Annual","PCT","Percent","2016","","","","11.69"
"MFN applied tariffs","TP_A_0010","Simple average MFN applied tariff - all products","068","BOL","Bolivia, Plurinational State of","-","","-","-","-","-","-","A","Annual","A","Annual","PCT","Percent","2017","","","","11.77"
"MFN applied tariffs","TP_A_0010","Simple average MFN applied tariff - all products","068","BOL","Bolivia, Plurinational State of","-","","-","-","-","-","-","A","Annual","A","Annual","PCT","Percent","2018","","","","11.79"
"MFN applied tariffs","TP_A_0010","Simple average MFN applied tariff - all products","068","BOL","Bolivia, Plurinational State of","-","","-","-","-","-","-","A","Annual","A","Annual","PCT","Percent","2019","","","","11.8"
"MFN applied tariffs","TP_A_0010","Simple average MFN applied tariff - all products","068","BOL","Bolivia, Plurinational State of","-","","-","-","-","-","-","A","Annual","A","Annual","PCT","Percent","2020","","","","11.8"
"MFN applied tariffs","TP_A_0010","Simple average MFN applied tariff - all products","068","BOL","Bolivia, Plurinational State of","-","","-","-","-","-","-","A","Annual","A","Annual","PCT","Percent","2021","","","","11.83"
"MFN applied tariffs","TP_A_0010","Simple average MFN applied tariff - all products","068","BOL","Bolivia, Plurinational State of","-","","-","-","-","-","-","A","Annual","A","Annual","PCT","Percent","2022","","","","11.6712670409004"
"MFN applied tariffs","TP_A_0010","Simple average MFN applied tariff - all products","068","BOL","Bolivia, Plurinational State of","-","","-","-","-","-","-","A","Annual","A","Annual","PCT","Percent","2023","","","","11.7630683326447"
"MFN applied tariffs","TP_A_0010","Simple average MFN applied tariff - all products","070","BIH","Bosnia and Herzegovina","-","","-","-","-","-","-","A","Annual","A","Annual","PCT","Percent","2015","","","","6.31"
"MFN applied tariffs","TP_A_0010","Simple average MFN applied tariff - all products","070","BIH","Bosnia and Herzegovina","-","","-","-","-","-","-","A","Annual","A","Annual","PCT","Percent","2016","","","","6.32"
"MFN applied tariffs","TP_A_0010","Simple average MFN applied tariff - all products","070","BIH","Bosnia and Herzegovina","-","","-","-","-","-","-","A","Annual","A","Annual","PCT","Percent","2017","","","","6.26"
"MFN applied tariffs","TP_A_0010","Simple average MFN applied tariff - all products","070","BIH","Bosnia and Herzegovina","-","","-","-","-","-","-","A","Annual","A","Annual","PCT","Percent","2018","","","","6.32"
"MFN applied tariffs","TP_A_0010","Simple average MFN applied tariff - all products","070","BIH","Bosnia and Herzegovina","-","","-","-","-","-","-","A","Annual","A","Annual","PCT","Percent","2019","","","","6.28"
"MFN applied tariffs","TP_A_0010","Simple average MFN applied tariff - all products","070","BIH","Bosnia and Herzegovina","-","","-","-","-","-","-","A","Annual","A","Annual","PCT","Percent","2021","","","","6.36"
"MFN applied tariffs","TP_A_0010","Simple average MFN applied tariff - all products","070","BIH","Bosnia and Herzegovina","-","","-","-","-","-","-","A","Annual","A","Annual","PCT","Percent","2022","","","","6.21893741202627"
"MFN applied tariffs","TP_A_0010","Simple average MFN applied tariff - all products","070","BIH","Bosnia and Herzegovina","-","","-","-","-","-","-","A","Annual","A","Annual","PCT","Percent","2023","","","","6.16935999752307"
"MFN applied tariffs","TP_A_0010","Simple average MFN applied tariff - all products","070","BIH","Bosnia and Herzegovina","-","","-","-","-","-","-","A","Annual","A","Annual","PCT","Percent","2024","","","","6.09763399371213"
"MFN applied tariffs","TP_A_0010","Simple average MFN applied tariff - all products","072","BWA","Botswana","-","","-","-","-","-","-","A","Annual","A","Annual","PCT","Percent","2015","","","","7.6"
"MFN applied tariffs","TP_A_0010","Simple average MFN applied tariff - all products","072","BWA","Botswana","-","","-","-","-","-","-","A","Annual","A","Annual","PCT","Percent","2016","","","","7.63"
"MFN applied tariffs","TP_A_0010","Simple average MFN applied tariff - all products","072","BWA","Botswana","-","","-","-","-","-","-","A","Annual","A","Annual","PCT","Percent","2017","","","","7.64"
"MFN applied tariffs","TP_A_0010","Simple average MFN applied tariff - all products","072","BWA","Botswana","-","","-","-","-","-","-","A","Annual","A","Annual","PCT","Percent","2018","","","","7.69"
"MFN applied tariffs","TP_A_0010","Simple average MFN applied tariff - all products","072","BWA","Botswana","-","","-","-","-","-","-","A","Annual","A","Annual","PCT","Percent","2019","","","","7.68"
"MFN applied tariffs","TP_A_0010","Simple average MFN applied tariff - all products","072","BWA","Botswana","-","","-","-","-","-","-","A","Annual","A","Annual","PCT","Percent","2020","","","","7.68"
"MFN applied tariffs","TP_A_0010","Simple average MFN applied tariff - all products","072","BWA","Botswana","-","","-","-","-","-","-","A","Annual","A","Annual","PCT","Percent","2021","","","","7.73"
"MFN applied tariffs","TP_A_0010","Simple average MFN applied tariff - all products","072","BWA","Botswana","-","","-","-","-","-","-","A","Annual","A","Annual","PCT","Percent","2022","","","","7.55407665429797"
"MFN applied tariffs","TP_A_0010","Simple average MFN applied tariff - all products","072","BWA","Botswana","-","","-","-","-","-","-","A","Annual","A","Annual","PCT","Percent","2023","","","","7.52929692852102"
"MFN applied tariffs","TP_A_0010","Simple average MFN applied tariff - all products","072","BWA","Botswana","-","","-","-","-","-","-","A","Annual","A","Annual","PCT","Percent","2024","","","","7.52603191343963"
"MFN applied tariffs","TP_A_0010","Simple average MFN applied tariff - all products","076","BRA","Brazil","-","","-","-","-","-","-","A","Annual","A","Annual","PCT","Percent","2015","","","","13.53"
"MFN applied tariffs","TP_A_0010","Simple average MFN applied tariff - all products","076","BRA","Brazil","-","","-","-","-","-","-","A","Annual","A","Annual","PCT","Percent","2022","","","","11.1337017189201"
"MFN applied tariffs","TP_A_0010","Simple average MFN applied tariff - all products","076","BRA","Brazil","-","","-","-","-","-","-","A","Annual","A","Annual","PCT","Percent","2023","","","","11.1767883954353"
"MFN applied tariffs","TP_A_0010","Simple average MFN applied tariff - all products","076","BRA","Brazil","-","","-","-","-","-","-","A","Annual","A","Annual","PCT","Percent","2024","","","","12.032238599528"
"MFN applied tariffs","TP_A_0010","Simple average MFN applied tariff - all products","076","BRA","Brazil","-","","-","-","-","-","-","A","Annual","A","Annual","PCT","Percent","2016","","","","13.53"
"MFN applied tariffs","TP_A_0010","Simple average MFN applied tariff - all products","076","BRA","Brazil","-","","-","-","-","-","-","A","Annual","A","Annual","PCT","Percent","2017","","","","13.41"
"MFN applied tariffs","TP_A_0010","Simple average MFN applied tariff - all products","076","BRA","Brazil","-","","-","-","-","-","-","A","Annual","A","Annual","PCT","Percent","2018","","","","13.38"
"MFN applied tariffs","TP_A_0010","Simple average MFN applied tariff - all products","076","BRA","Brazil","-","","-","-","-","-","-","A","Annual","A","Annual","PCT","Percent","2019","","","","13.38"
"MFN applied tariffs","TP_A_0010","Simple average MFN applied tariff - all products","076","BRA","Brazil","-","","-","-","-","-","-","A","Annual","A","Annual","PCT","Percent","2020","","","","13.31"
"MFN applied tariffs","TP_A_0010","Simple average MFN applied tariff - all products","076","BRA","Brazil","-","","-","-","-","-","-","A","Annual","A","Annual","PCT","Percent","2021","","","","13.29"
"MFN applied tariffs","TP_A_0010","Simple average MFN applied tariff - all products","084","BLZ","Belize","-","","-","-","-","-","-","A","Annual","A","Annual","PCT","Percent","2015","","","","10.92"
"MFN applied tariffs","TP_A_0010","Simple average MFN applied tariff - all products","084","BLZ","Belize","-","","-","-","-","-","-","A","Annual","A","Annual","PCT","Percent","2016","","","","10.95"
"MFN applied tariffs","TP_A_0010","Simple average MFN applied tariff - all products","084","BLZ","Belize","-","","-","-","-","-","-","A","Annual","A","Annual","PCT","Percent","2017","","","","11.65"
"MFN applied tariffs","TP_A_0010","Simple average MFN applied tariff - all products","084","BLZ","Belize","-","","-","-","-","-","-","A","Annual","A","Annual","PCT","Percent","2018","","","","11.93"
"MFN applied tariffs","TP_A_0010","Simple average MFN applied tariff - all products","084","BLZ","Belize","-","","-","-","-","-","-","A","Annual","A","Annual","PCT","Percent","2019","","","","11.9"
"MFN applied tariffs","TP_A_0010","Simple average MFN applied tariff - all products","084","BLZ","Belize","-","","-","-","-","-","-","A","Annual","A","Annual","PCT","Percent","2021","","","","11.901274152882"
"MFN applied tariffs","TP_A_0010","Simple average MFN applied tariff - all products","084","BLZ","Belize","-","","-","-","-","-","-","A","Annual","A","Annual","PCT","Percent","2023","","","","11.9327129156831"
"MFN applied tariffs","TP_A_0010","Simple average MFN applied tariff - all products","084","BLZ","Belize","-","","-","-","-","-","-","A","Annual","A","Annual","PCT","Percent","2024","","","","11.9371597833773"
"MFN applied tariffs","TP_A_0010","Simple average MFN applied tariff - all products","090","SLB","Solomon Islands","-","","-","-","-","-","-","A","Annual","A","Annual","PCT","Percent","2015","","","","9.58"
"MFN applied tariffs","TP_A_0010","Simple average MFN applied tariff - all products","090","SLB","Solomon Islands","-","","-","-","-","-","-","A","Annual","A","Annual","PCT","Percent","2016","","","","9.63"
"MFN applied tariffs","TP_A_0010","Simple average MFN applied tariff - all products","090","SLB","Solomon Islands","-","","-","-","-","-","-","A","Annual","A","Annual","PCT","Percent","2017","","","","9.6"
"MFN applied tariffs","TP_A_0010","Simple average MFN applied tariff - all products","090","SLB","Solomon Islands","-","","-","-","-","-","-","A","Annual","A","Annual","PCT","Percent","2018","","","","9.75"
"MFN applied tariffs","TP_A_0010","Simple average MFN applied tariff - all products","090","SLB","Solomon Islands","-","","-","-","-","-","-","A","Annual","A","Annual","PCT","Percent","2019","","","","9.64"
"MFN applied tariffs","TP_A_0010","Simple average MFN applied tariff - all products","090","SLB","Solomon Islands","-","","-","-","-","-","-","A","Annual","A","Annual","PCT","Percent","2021","","","","9.91"
"MFN applied tariffs","TP_A_0010","Simple average MFN applied tariff - all products","090","SLB","Solomon Islands","-","","-","-","-","-","-","A","Annual","A","Annual","PCT","Percent","2022","","","","9.62927005164591"
"MFN applied tariffs","TP_A_0010","Simple average MFN applied tariff - all products","096","BRN","Brunei Darussalam","-","","-","-","-","-","-","A","Annual","A","Annual","PCT","Percent","2023","","","","0.50089697262732"
"MFN applied tariffs","TP_A_0010","Simple average MFN applied tariff - all products","096","BRN","Brunei Darussalam","-","","-","-","-","-","-","A","Annual","A","Annual","PCT","Percent","2024","","","","0.500723570101977"
"MFN applied tariffs","TP_A_0010","Simple average MFN applied tariff - all products","096","BRN","Brunei Darussalam","-","","-","-","-","-","-","A","Annual","A","Annual","PCT","Percent","2016","","","","1.16"
"MFN applied tariffs","TP_A_0010","Simple average MFN applied tariff - all products","096","BRN","Brunei Darussalam","-","","-","-","-","-","-","A","Annual","A","Annual","PCT","Percent","2017","","","","0.25"
"MFN applied tariffs","TP_A_0010","Simple average MFN applied tariff - all products","096","BRN","Brunei Darussalam","-","","-","-","-","-","-","A","Annual","A","Annual","PCT","Percent","2018","","","","0.25"
"MFN applied tariffs","TP_A_0010","Simple average MFN applied tariff - all products","096","BRN","Brunei Darussalam","-","","-","-","-","-","-","A","Annual","A","Annual","PCT","Percent","2019","","","","0.25"
"MFN applied tariffs","TP_A_0010","Simple average MFN applied tariff - all products","096","BRN","Brunei Darussalam","-","","-","-","-","-","-","A","Annual","A","Annual","PCT","Percent","2021","","","","0.25"
"MFN applied tariffs","TP_A_0010","Simple average MFN applied tariff - all products","096","BRN","Brunei Darussalam","-","","-","-","-","-","-","A","Annual","A","Annual","PCT","Percent","2022","","","","0.246234366504242"
"MFN applied tariffs","TP_A_0010","Simple average MFN applied tariff - all products","104","MMR","Myanmar","-","","-","-","-","-","-","A","Annual","A","Annual","PCT","Percent","2015","","","","5.6"
"MFN applied tariffs","TP_A_0010","Simple average MFN applied tariff - all products","104","MMR","Myanmar","-","","-","-","-","-","-","A","Annual","A","Annual","PCT","Percent","2017","","","","6.5"
"MFN applied tariffs","TP_A_0010","Simple average MFN applied tariff - all products","104","MMR","Myanmar","-","","-","-","-","-","-","A","Annual","A","Annual","PCT","Percent","2018","","","","6.5"
"MFN applied tariffs","TP_A_0010","Simple average MFN applied tariff - all products","104","MMR","Myanmar","-","","-","-","-","-","-","A","Annual","A","Annual","PCT","Percent","2019","","","","6.51"
"MFN applied tariffs","TP_A_0010","Simple average MFN applied tariff - all products","104","MMR","Myanmar","-","","-","-","-","-","-","A","Annual","A","Annual","PCT","Percent","2020","","","","6.52"
"MFN applied tariffs","TP_A_0010","Simple average MFN applied tariff - all products","104","MMR","Myanmar","-","","-","-","-","-","-","A","Annual","A","Annual","PCT","Percent","2021","","","","6.5"
"MFN applied tariffs","TP_A_0010","Simple average MFN applied tariff - all products","104","MMR","Myanmar","-","","-","-","-","-","-","A","Annual","A","Annual","PCT","Percent","2022","","","","7.62513222655288"
"MFN applied tariffs","TP_A_0010","Simple average MFN applied tariff - all products","104","MMR","Myanmar","-","","-","-","-","-","-","A","Annual","A","Annual","PCT","Percent","2023","","","","7.62513222655288"
"MFN applied tariffs","TP_A_0010","Simple average MFN applied tariff - all products","104","MMR","Myanmar","-","","-","-","-","-","-","A","Annual","A","Annual","PCT","Percent","2024","","","","7.62513222655288"
"MFN applied tariffs","TP_A_0010","Simple average MFN applied tariff - all products","108","BDI","Burundi","-","","-","-","-","-","-","A","Annual","A","Annual","PCT","Percent","2015","","","","12.82"
"MFN applied tariffs","TP_A_0010","Simple average MFN applied tariff - all products","108","BDI","Burundi","-","","-","-","-","-","-","A","Annual","A","Annual","PCT","Percent","2016","","","","12.77"
"MFN applied tariffs","TP_A_0010","Simple average MFN applied tariff - all products","108","BDI","Burundi","-","","-","-","-","-","-","A","Annual","A","Annual","PCT","Percent","2017","","","","12.81"
"MFN applied tariffs","TP_A_0010","Simple average MFN applied tariff - all products","108","BDI","Burundi","-","","-","-","-","-","-","A","Annual","A","Annual","PCT","Percent","2018","","","","12.81"
"MFN applied tariffs","TP_A_0010","Simple average MFN applied tariff - all products","108","BDI","Burundi","-","","-","-","-","-","-","A","Annual","A","Annual","PCT","Percent","2019","","","","12.82"
"MFN applied tariffs","TP_A_0010","Simple average MFN applied tariff - all products","108","BDI","Burundi","-","","-","-","-","-","-","A","Annual","A","Annual","PCT","Percent","2020","","","","12.8"
"MFN applied tariffs","TP_A_0010","Simple average MFN applied tariff - all products","108","BDI","Burundi","-","","-","-","-","-","-","A","Annual","A","Annual","PCT","Percent","2021","","","","12.77"
"MFN applied tariffs","TP_A_0010","Simple average MFN applied tariff - all products","108","BDI","Burundi","-","","-","-","-","-","-","A","Annual","A","Annual","PCT","Percent","2022","","","","13.5598018392212"
"MFN applied tariffs","TP_A_0010","Simple average MFN applied tariff - all products","108","BDI","Burundi","-","","-","-","-","-","-","A","Annual","A","Annual","PCT","Percent","2023","","","","13.9589881573863"
"MFN applied tariffs","TP_A_0010","Simple average MFN applied tariff - all products","108","BDI","Burundi","-","","-","-","-","-","-","A","Annual","A","Annual","PCT","Percent","2024","","","","13.9575729384842"
"MFN applied tariffs","TP_A_0010","Simple average MFN applied tariff - all products","112","BLR","Belarus","-","","-","-","-","-","-","A","Annual","A","Annual","PCT","Percent","2015","","","","7.77"
"MFN applied tariffs","TP_A_0010","Simple average MFN applied tariff - all products","112","BLR","Belarus","-","","-","-","-","-","-","A","Annual","A","Annual","PCT","Percent","2016","","","","7.19"
"MFN applied tariffs","TP_A_0010","Simple average MFN applied tariff - all products","112","BLR","Belarus","-","","-","-","-","-","-","A","Annual","A","Annual","PCT","Percent","2017","","","","6.76"
"MFN applied tariffs","TP_A_0010","Simple average MFN applied tariff - all products","112","BLR","Belarus","-","","-","-","-","-","-","A","Annual","A","Annual","PCT","Percent","2018","","","","6.82"
"MFN applied tariffs","TP_A_0010","Simple average MFN applied tariff - all products","112","BLR","Belarus","-","","-","-","-","-","-","A","Annual","A","Annual","PCT","Percent","2019","","","","6.81"
"MFN applied tariffs","TP_A_0010","Simple average MFN applied tariff - all products","112","BLR","Belarus","-","","-","-","-","-","-","A","Annual","A","Annual","PCT","Percent","2021","","","","6.65"
"MFN applied tariffs","TP_A_0010","Simple average MFN applied tariff - all products","112","BLR","Belarus","-","","-","-","-","-","-","A","Annual","A","Annual","PCT","Percent","2022","","","","6.59295694012997"
"MFN applied tariffs","TP_A_0010","Simple average MFN applied tariff - all products","112","BLR","Belarus","-","","-","-","-","-","-","A","Annual","A","Annual","PCT","Percent","2023","","","","6.55555334822185"
"MFN applied tariffs","TP_A_0010","Simple average MFN applied tariff - all products","112","BLR","Belarus","-","","-","-","-","-","-","A","Annual","A","Annual","PCT","Percent","2024","","","","6.58118850738647"
"MFN applied tariffs","TP_A_0010","Simple average MFN applied tariff - all products","116","KHM","Cambodia","-","","-","-","-","-","-","A","Annual","A","Annual","PCT","Percent","2024","","","","9.37805363751204"
"MFN applied tariffs","TP_A_0010","Simple average MFN applied tariff - all products","116","KHM","Cambodia","-","","-","-","-","-","-","A","Annual","A","Annual","PCT","Percent","2016","","","","11.2"
"MFN applied tariffs","TP_A_0010","Simple average MFN applied tariff - all products","116","KHM","Cambodia","-","","-","-","-","-","-","A","Annual","A","Annual","PCT","Percent","2017","","","","11.13"
"MFN applied tariffs","TP_A_0010","Simple average MFN applied tariff - all products","116","KHM","Cambodia","-","","-","-","-","-","-","A","Annual","A","Annual","PCT","Percent","2020","","","","10.35"
"MFN applied tariffs","TP_A_0010","Simple average MFN applied tariff - all products","116","KHM","Cambodia","-","","-","-","-","-","-","A","Annual","A","Annual","PCT","Percent","2021","","","","10.19"
"MFN applied tariffs","TP_A_0010","Simple average MFN applied tariff - all products","116","KHM","Cambodia","-","","-","-","-","-","-","A","Annual","A","Annual","PCT","Percent","2022","","","","10.1663666938714"
"MFN applied tariffs","TP_A_0010","Simple average MFN applied tariff - all products","116","KHM","Cambodia","-","","-","-","-","-","-","A","Annual","A","Annual","PCT","Percent","2023","","","","9.3790944200615"
"MFN applied tariffs","TP_A_0010","Simple average MFN applied tariff - all products","120","CMR","Cameroon","-","","-","-","-","-","-","A","Annual","A","Annual","PCT","Percent","2019","","","","18.23"
"MFN applied tariffs","TP_A_0010","Simple average MFN applied tariff - all products","120","CMR","Cameroon","-","","-","-","-","-","-","A","Annual","A","Annual","PCT","Percent","2022","","","","18.0552519191799"
"MFN applied tariffs","TP_A_0010","Simple average MFN applied tariff - all products","120","CMR","Cameroon","-","","-","-","-","-","-","A","Annual","A","Annual","PCT","Percent","2023","","","","18.0552519191799"
"MFN applied tariffs","TP_A_0010","Simple average MFN applied tariff - all products","124","CAN","Canada","-","","-","-","-","-","-","A","Annual","A","Annual","PCT","Percent","2015","","","","4.24"
"MFN applied tariffs","TP_A_0010","Simple average MFN applied tariff - all products","124","CAN","Canada","-","","-","-","-","-","-","A","Annual","A","Annual","PCT","Percent","2016","","","","4.08"
"MFN applied tariffs","TP_A_0010","Simple average MFN applied tariff - all products","124","CAN","Canada","-","","-","-","-","-","-","A","Annual","A","Annual","PCT","Percent","2023","","","","3.78631230816116"
"MFN applied tariffs","TP_A_0010","Simple average MFN applied tariff - all products","124","CAN","Canada","-","","-","-","-","-","-","A","Annual","A","Annual","PCT","Percent","2024","","","","3.81798641852002"
"MFN applied tariffs","TP_A_0010","Simple average MFN applied tariff - all products","124","CAN","Canada","-","","-","-","-","-","-","A","Annual","A","Annual","PCT","Percent","2017","","","","3.99"
"MFN applied tariffs","TP_A_0010","Simple average MFN applied tariff - all products","124","CAN","Canada","-","","-","-","-","-","-","A","Annual","A","Annual","PCT","Percent","2018","","","","4.01"
"MFN applied tariffs","TP_A_0010","Simple average MFN applied tariff - all products","124","CAN","Canada","-","","-","-","-","-","-","A","Annual","A","Annual","PCT","Percent","2019","","","","3.89"
"MFN applied tariffs","TP_A_0010","Simple average MFN applied tariff - all products","124","CAN","Canada","-","","-","-","-","-","-","A","Annual","A","Annual","PCT","Percent","2020","","","","3.9"
"MFN applied tariffs","TP_A_0010","Simple average MFN applied tariff - all products","124","CAN","Canada","-","","-","-","-","-","-","A","Annual","A","Annual","PCT","Percent","2021","","","","4"
"MFN applied tariffs","TP_A_0010","Simple average MFN applied tariff - all products","124","CAN","Canada","-","","-","-","-","-","-","A","Annual","A","Annual","PCT","Percent","2022","","","","3.76067547609244"
"MFN applied tariffs","TP_A_0010","Simple average MFN applied tariff - all products","132","CPV","Cabo Verde","-","","-","-","-","-","-","A","Annual","A","Annual","PCT","Percent","2015","","","","10.04"
"MFN applied tariffs","TP_A_0010","Simple average MFN applied tariff - all products","132","CPV","Cabo Verde","-","","-","-","-","-","-","A","Annual","A","Annual","PCT","Percent","2017","","","","10.01"
"MFN applied tariffs","TP_A_0010","Simple average MFN applied tariff - all products","132","CPV","Cabo Verde","-","","-","-","-","-","-","A","Annual","A","Annual","PCT","Percent","2019","","","","10.2"
"MFN applied tariffs","TP_A_0010","Simple average MFN applied tariff - all products","132","CPV","Cabo Verde","-","","-","-","-","-","-","A","Annual","A","Annual","PCT","Percent","2020","","","","10.2"
"MFN applied tariffs","TP_A_0010","Simple average MFN applied tariff - all products","132","CPV","Cabo Verde","-","","-","-","-","-","-","A","Annual","A","Annual","PCT","Percent","2021","","","","10.2"
"MFN applied tariffs","TP_A_0010","Simple average MFN applied tariff - all products","132","CPV","Cabo Verde","-","","-","-","-","-","-","A","Annual","A","Annual","PCT","Percent","2022","","","","11.9274386648133"
"MFN applied tariffs","TP_A_0010","Simple average MFN applied tariff - all products","132","CPV","Cabo Verde","-","","-","-","-","-","-","A","Annual","A","Annual","PCT","Percent","2023","","","","11.9429605221574"
"MFN applied tariffs","TP_A_0010","Simple average MFN applied tariff - all products","132","CPV","Cabo Verde","-","","-","-","-","-","-","A","Annual","A","Annual","PCT","Percent","2024","","","","11.9363033535274"
"MFN applied tariffs","TP_A_0010","Simple average MFN applied tariff - all products","140","CAF","Central African Republic","-","","-","-","-","-","-","A","Annual","A","Annual","PCT","Percent","2015","","","","18"
"MFN applied tariffs","TP_A_0010","Simple average MFN applied tariff - all products","140","CAF","Central African Republic","-","","-","-","-","-","-","A","Annual","A","Annual","PCT","Percent","2016","","","","18"
"MFN applied tariffs","TP_A_0010","Simple average MFN applied tariff - all products","140","CAF","Central African Republic","-","","-","-","-","-","-","A","Annual","A","Annual","PCT","Percent","2017","","","","18"
"MFN applied tariffs","TP_A_0010","Simple average MFN applied tariff - all products","140","CAF","Central African Republic","-","","-","-","-","-","-","A","Annual","A","Annual","PCT","Percent","2022","","","","18.0552519191799"
"MFN applied tariffs","TP_A_0010","Simple average MFN applied tariff - all products","140","CAF","Central African Republic","-","","-","-","-","-","-","A","Annual","A","Annual","PCT","Percent","2023","","","","18.0552519191799"
"MFN applied tariffs","TP_A_0010","Simple average MFN applied tariff - all products","140","CAF","Central African Republic","-","","-","-","-","-","-","A","Annual","A","Annual","PCT","Percent","2024","","","","18.0552519191799"
"MFN applied tariffs","TP_A_0010","Simple average MFN applied tariff - all products","144","LKA","Sri Lanka","-","","-","-","-","-","-","A","Annual","A","Annual","PCT","Percent","2015","","","","9.3"
"MFN applied tariffs","TP_A_0010","Simple average MFN applied tariff - all products","144","LKA","Sri Lanka","-","","-","-","-","-","-","A","Annual","A","Annual","PCT","Percent","2017","","","","9.25"
"MFN applied tariffs","TP_A_0010","Simple average MFN applied tariff - all products","144","LKA","Sri Lanka","-","","-","-","-","-","-","A","Annual","A","Annual","PCT","Percent","2018","","","","9.3"
"MFN applied tariffs","TP_A_0010","Simple average MFN applied tariff - all products","144","LKA","Sri Lanka","-","","-","-","-","-","-","A","Annual","A","Annual","PCT","Percent","2019","","","","9.32"
"MFN applied tariffs","TP_A_0010","Simple average MFN applied tariff - all products","144","LKA","Sri Lanka","-","","-","-","-","-","-","A","Annual","A","Annual","PCT","Percent","2021","","","","5.95"
"MFN applied tariffs","TP_A_0010","Simple average MFN applied tariff - all products","144","LKA","Sri Lanka","-","","-","-","-","-","-","A","Annual","A","Annual","PCT","Percent","2022","","","","5.90966490942794"
"MFN applied tariffs","TP_A_0010","Simple average MFN applied tariff - all products","144","LKA","Sri Lanka","-","","-","-","-","-","-","A","Annual","A","Annual","PCT","Percent","2023","","","","8.4281774479833"
"MFN applied tariffs","TP_A_0010","Simple average MFN applied tariff - all products","144","LKA","Sri Lanka","-","","-","-","-","-","-","A","Annual","A","Annual","PCT","Percent","2024","","","","8.36528775693292"
"MFN applied tariffs","TP_A_0010","Simple average MFN applied tariff - all products","148","TCD","Chad","-","","-","-","-","-","-","A","Annual","A","Annual","PCT","Percent","2015","","","","17.87"
"MFN applied tariffs","TP_A_0010","Simple average MFN applied tariff - all products","148","TCD","Chad","-","","-","-","-","-","-","A","Annual","A","Annual","PCT","Percent","2016","","","","17.86"
"MFN applied tariffs","TP_A_0010","Simple average MFN applied tariff - all products","148","TCD","Chad","-","","-","-","-","-","-","A","Annual","A","Annual","PCT","Percent","2022","","","","18.0552519191799"
"MFN applied tariffs","TP_A_0010","Simple average MFN applied tariff - all products","148","TCD","Chad","-","","-","-","-","-","-","A","Annual","A","Annual","PCT","Percent","2023","","","","18.0552519191799"
"MFN applied tariffs","TP_A_0010","Simple average MFN applied tariff - all products","148","TCD","Chad","-","","-","-","-","-","-","A","Annual","A","Annual","PCT","Percent","2024","","","","17.9095559648046"
"MFN applied tariffs","TP_A_0010","Simple average MFN applied tariff - all products","152","CHL","Chile","-","","-","-","-","-","-","A","Annual","A","Annual","PCT","Percent","2015","","","","5.98"
"MFN applied tariffs","TP_A_0010","Simple average MFN applied tariff - all products","152","CHL","Chile","-","","-","-","-","-","-","A","Annual","A","Annual","PCT","Percent","2022","","","","5.98405318579333"
"MFN applied tariffs","TP_A_0010","Simple average MFN applied tariff - all products","152","CHL","Chile","-","","-","-","-","-","-","A","Annual","A","Annual","PCT","Percent","2023","","","","5.97709262894878"
"MFN applied tariffs","TP_A_0010","Simple average MFN applied tariff - all products","152","CHL","Chile","-","","-","-","-","-","-","A","Annual","A","Annual","PCT","Percent","2024","","","","5.97709262894878"
"MFN applied tariffs","TP_A_0010","Simple average MFN applied tariff - all products","152","CHL","Chile","-","","-","-","-","-","-","A","Annual","A","Annual","PCT","Percent","2016","","","","5.98"
"MFN applied tariffs","TP_A_0010","Simple average MFN applied tariff - all products","152","CHL","Chile","-","","-","-","-","-","-","A","Annual","A","Annual","PCT","Percent","2017","","","","5.96"
"MFN applied tariffs","TP_A_0010","Simple average MFN applied tariff - all products","152","CHL","Chile","-","","-","-","-","-","-","A","Annual","A","Annual","PCT","Percent","2018","","","","5.96"
"MFN applied tariffs","TP_A_0010","Simple average MFN applied tariff - all products","152","CHL","Chile","-","","-","-","-","-","-","A","Annual","A","Annual","PCT","Percent","2019","","","","5.98"
"MFN applied tariffs","TP_A_0010","Simple average MFN applied tariff - all products","152","CHL","Chile","-","","-","-","-","-","-","A","Annual","A","Annual","PCT","Percent","2020","","","","5.98"
"MFN applied tariffs","TP_A_0010","Simple average MFN applied tariff - all products","152","CHL","Chile","-","","-","-","-","-","-","A","Annual","A","Annual","PCT","Percent","2021","","","","5.98"
"MFN applied tariffs","TP_A_0010","Simple average MFN applied tariff - all products","156","CHN","China","-","","-","-","-","-","-","A","Annual","A","Annual","PCT","Percent","2015","","","","9.93"
"MFN applied tariffs","TP_A_0010","Simple average MFN applied tariff - all products","156","CHN","China","-","","-","-","-","-","-","A","Annual","A","Annual","PCT","Percent","2016","","","","9.92"
"MFN applied tariffs","TP_A_0010","Simple average MFN applied tariff - all products","156","CHN","China","-","","-","-","-","-","-","A","Annual","A","Annual","PCT","Percent","2017","","","","9.78"
"MFN applied tariffs","TP_A_0010","Simple average MFN applied tariff - all products","156","CHN","China","-","","-","-","-","-","-","A","Annual","A","Annual","PCT","Percent","2024","","","","7.48421766129199"
"MFN applied tariffs","TP_A_0010","Simple average MFN applied tariff - all products","156","CHN","China","-","","-","-","-","-","-","A","Annual","A","Annual","PCT","Percent","2018","","","","9.77"
"MFN applied tariffs","TP_A_0010","Simple average MFN applied tariff - all products","156","CHN","China","-","","-","-","-","-","-","A","Annual","A","Annual","PCT","Percent","2019","","","","7.56"
"MFN applied tariffs","TP_A_0010","Simple average MFN applied tariff - all products","156","CHN","China","-","","-","-","-","-","-","A","Annual","A","Annual","PCT","Percent","2020","","","","7.54"
"MFN applied tariffs","TP_A_0010","Simple average MFN applied tariff - all products","156","CHN","China","-","","-","-","-","-","-","A","Annual","A","Annual","PCT","Percent","2021","","","","7.52"
"MFN applied tariffs","TP_A_0010","Simple average MFN applied tariff - all products","156","CHN","China","-","","-","-","-","-","-","A","Annual","A","Annual","PCT","Percent","2022","","","","7.46504112400315"
"MFN applied tariffs","TP_A_0010","Simple average MFN applied tariff - all products","156","CHN","China","-","","-","-","-","-","-","A","Annual","A","Annual","PCT","Percent","2023","","","","7.46780657212419"
"MFN applied tariffs","TP_A_0010","Simple average MFN applied tariff - all products","158","CHT","Chinese Taipei","-","","-","-","-","-","-","A","Annual","A","Annual","PCT","Percent","2015","","","","6.42"
"MFN applied tariffs","TP_A_0010","Simple average MFN applied tariff - all products","158","CHT","Chinese Taipei","-","","-","-","-","-","-","A","Annual","A","Annual","PCT","Percent","2016","","","","6.39"
"MFN applied tariffs","TP_A_0010","Simple average MFN applied tariff - all products","158","CHT","Chinese Taipei","-","","-","-","-","-","-","A","Annual","A","Annual","PCT","Percent","2017","","","","6.42"
"MFN applied tariffs","TP_A_0010","Simple average MFN applied tariff - all products","158","CHT","Chinese Taipei","-","","-","-","-","-","-","A","Annual","A","Annual","PCT","Percent","2018","","","","6.54"
"MFN applied tariffs","TP_A_0010","Simple average MFN applied tariff - all products","158","CHT","Chinese Taipei","-","","-","-","-","-","-","A","Annual","A","Annual","PCT","Percent","2019","","","","6.59"
"MFN applied tariffs","TP_A_0010","Simple average MFN applied tariff - all products","158","CHT","Chinese Taipei","-","","-","-","-","-","-","A","Annual","A","Annual","PCT","Percent","2020","","","","6.46"
"MFN applied tariffs","TP_A_0010","Simple average MFN applied tariff - all products","158","CHT","Chinese Taipei","-","","-","-","-","-","-","A","Annual","A","Annual","PCT","Percent","2021","","","","6.61"
"MFN applied tariffs","TP_A_0010","Simple average MFN applied tariff - all products","158","CHT","Chinese Taipei","-","","-","-","-","-","-","A","Annual","A","Annual","PCT","Percent","2022","","","","6.51174617781147"
"MFN applied tariffs","TP_A_0010","Simple average MFN applied tariff - all products","158","CHT","Chinese Taipei","-","","-","-","-","-","-","A","Annual","A","Annual","PCT","Percent","2023","","","","6.46749239750488"
"MFN applied tariffs","TP_A_0010","Simple average MFN applied tariff - all products","158","CHT","Chinese Taipei","-","","-","-","-","-","-","A","Annual","A","Annual","PCT","Percent","2024","","","","6.31403410555999"
"MFN applied tariffs","TP_A_0010","Simple average MFN applied tariff - all products","170","COL","Colombia","-","","-","-","-","-","-","A","Annual","A","Annual","PCT","Percent","2015","","","","5.69"
"MFN applied tariffs","TP_A_0010","Simple average MFN applied tariff - all products","170","COL","Colombia","-","","-","-","-","-","-","A","Annual","A","Annual","PCT","Percent","2016","","","","6.64"
"MFN applied tariffs","TP_A_0010","Simple average MFN applied tariff - all products","170","COL","Colombia","-","","-","-","-","-","-","A","Annual","A","Annual","PCT","Percent","2017","","","","5.71"
"MFN applied tariffs","TP_A_0010","Simple average MFN applied tariff - all products","170","COL","Colombia","-","","-","-","-","-","-","A","Annual","A","Annual","PCT","Percent","2018","","","","5.45"
"MFN applied tariffs","TP_A_0010","Simple average MFN applied tariff - all products","170","COL","Colombia","-","","-","-","-","-","-","A","Annual","A","Annual","PCT","Percent","2019","","","","5.44"
"MFN applied tariffs","TP_A_0010","Simple average MFN applied tariff - all products","170","COL","Colombia","-","","-","-","-","-","-","A","Annual","A","Annual","PCT","Percent","2020","","","","5.84"
"MFN applied tariffs","TP_A_0010","Simple average MFN applied tariff - all products","170","COL","Colombia","-","","-","-","-","-","-","A","Annual","A","Annual","PCT","Percent","2021","","","","5.8"
"MFN applied tariffs","TP_A_0010","Simple average MFN applied tariff - all products","170","COL","Colombia","-","","-","-","-","-","-","A","Annual","A","Annual","PCT","Percent","2022","","","","5.75231444485701"
"MFN applied tariffs","TP_A_0010","Simple average MFN applied tariff - all products","170","COL","Colombia","-","","-","-","-","-","-","A","Annual","A","Annual","PCT","Percent","2023","","","","6.71805273542289"
"MFN applied tariffs","TP_A_0010","Simple average MFN applied tariff - all products","170","COL","Colombia","-","","-","-","-","-","-","A","Annual","A","Annual","PCT","Percent","2024","","","","6.74337819712437"
"MFN applied tariffs","TP_A_0010","Simple average MFN applied tariff - all products","174","COM","Comoros","-","","-","-","-","-","-","A","Annual","A","Annual","PCT","Percent","2015","","","","15.32"
"MFN applied tariffs","TP_A_0010","Simple average MFN applied tariff - all products","174","COM","Comoros","-","","-","-","-","-","-","A","Annual","A","Annual","PCT","Percent","2017","","","","15.38"
"MFN applied tariffs","TP_A_0010","Simple average MFN applied tariff - all products","174","COM","Comoros","-","","-","-","-","-","-","A","Annual","A","Annual","PCT","Percent","2018","","","","15.38"
"MFN applied tariffs","TP_A_0010","Simple average MFN applied tariff - all products","174","COM","Comoros","-","","-","-","-","-","-","A","Annual","A","Annual","PCT","Percent","2019","","","","15.84"
"MFN applied tariffs","TP_A_0010","Simple average MFN applied tariff - all products","174","COM","Comoros","-","","-","-","-","-","-","A","Annual","A","Annual","PCT","Percent","2021","","","","15.14"
"MFN applied tariffs","TP_A_0010","Simple average MFN applied tariff - all products","174","COM","Comoros","-","","-","-","-","-","-","A","Annual","A","Annual","PCT","Percent","2022","","","","15.0705707056361"
"MFN applied tariffs","TP_A_0010","Simple average MFN applied tariff - all products","178","COG","Congo","-","","-","-","-","-","-","A","Annual","A","Annual","PCT","Percent","2015","","","","11.91"
"MFN applied tariffs","TP_A_0010","Simple average MFN applied tariff - all products","178","COG","Congo","-","","-","-","-","-","-","A","Annual","A","Annual","PCT","Percent","2022","","","","18.0552519191799"
"MFN applied tariffs","TP_A_0010","Simple average MFN applied tariff - all products","178","COG","Congo","-","","-","-","-","-","-","A","Annual","A","Annual","PCT","Percent","2023","","","","18.0552519191799"
"MFN applied tariffs","TP_A_0010","Simple average MFN applied tariff - all products","180","COD","Democratic Republic of the Congo","-","","-","-","-","-","-","A","Annual","A","Annual","PCT","Percent","2015","","","","10.92"
"MFN applied tariffs","TP_A_0010","Simple average MFN applied tariff - all products","180","COD","Democratic Republic of the Congo","-","","-","-","-","-","-","A","Annual","A","Annual","PCT","Percent","2019","","","","10.95"
"MFN applied tariffs","TP_A_0010","Simple average MFN applied tariff - all products","180","COD","Democratic Republic of the Congo","-","","-","-","-","-","-","A","Annual","A","Annual","PCT","Percent","2020","","","","10.92"
"MFN applied tariffs","TP_A_0010","Simple average MFN applied tariff - all products","184","COK","Cook Islands","-","","-","-","-","-","-","A","Annual","A","Annual","PCT","Percent","2015","","","","3.35"
"MFN applied tariffs","TP_A_0010","Simple average MFN applied tariff - all products","184","COK","Cook Islands","-","","-","-","-","-","-","A","Annual","A","Annual","PCT","Percent","2016","","","","3.42"
"MFN applied tariffs","TP_A_0010","Simple average MFN applied tariff - all products","184","COK","Cook Islands","-","","-","-","-","-","-","A","Annual","A","Annual","PCT","Percent","2017","","","","3.34"
"MFN applied tariffs","TP_A_0010","Simple average MFN applied tariff - all products","184","COK","Cook Islands","-","","-","-","-","-","-","A","Annual","A","Annual","PCT","Percent","2018","","","","3.27"
"MFN applied tariffs","TP_A_0010","Simple average MFN applied tariff - all products","184","COK","Cook Islands","-","","-","-","-","-","-","A","Annual","A","Annual","PCT","Percent","2019","","","","3.42"
"MFN applied tariffs","TP_A_0010","Simple average MFN applied tariff - all products","184","COK","Cook Islands","-","","-","-","-","-","-","A","Annual","A","Annual","PCT","Percent","2021","","","","3.48"
"MFN applied tariffs","TP_A_0010","Simple average MFN applied tariff - all products","184","COK","Cook Islands","-","","-","-","-","-","-","A","Annual","A","Annual","PCT","Percent","2022","","","","3.32585153071929"
"MFN applied tariffs","TP_A_0010","Simple average MFN applied tariff - all products","184","COK","Cook Islands","-","","-","-","-","-","-","A","Annual","A","Annual","PCT","Percent","2023","","","","3.35914495507232"
"MFN applied tariffs","TP_A_0010","Simple average MFN applied tariff - all products","184","COK","Cook Islands","-","","-","-","-","-","-","A","Annual","A","Annual","PCT","Percent","2024","","","","3.25876672998332"
"MFN applied tariffs","TP_A_0010","Simple average MFN applied tariff - all products","188","CRI","Costa Rica","-","","-","-","-","-","-","A","Annual","A","Annual","PCT","Percent","2022","","","","5.51009556051156"
"MFN applied tariffs","TP_A_0010","Simple average MFN applied tariff - all products","188","CRI","Costa Rica","-","","-","-","-","-","-","A","Annual","A","Annual","PCT","Percent","2023","","","","5.50282797108112"
"MFN applied tariffs","TP_A_0010","Simple average MFN applied tariff - all products","188","CRI","Costa Rica","-","","-","-","-","-","-","A","Annual","A","Annual","PCT","Percent","2024","","","","6.43808027674111"
"MFN applied tariffs","TP_A_0010","Simple average MFN applied tariff - all products","188","CRI","Costa Rica","-","","-","-","-","-","-","A","Annual","A","Annual","PCT","Percent","2016","","","","5.62"
"MFN applied tariffs","TP_A_0010","Simple average MFN applied tariff - all products","188","CRI","Costa Rica","-","","-","-","-","-","-","A","Annual","A","Annual","PCT","Percent","2017","","","","5.58"
"MFN applied tariffs","TP_A_0010","Simple average MFN applied tariff - all products","188","CRI","Costa Rica","-","","-","-","-","-","-","A","Annual","A","Annual","PCT","Percent","2018","","","","5.58"
"MFN applied tariffs","TP_A_0010","Simple average MFN applied tariff - all products","188","CRI","Costa Rica","-","","-","-","-","-","-","A","Annual","A","Annual","PCT","Percent","2019","","","","5.58"
"MFN applied tariffs","TP_A_0010","Simple average MFN applied tariff - all products","188","CRI","Costa Rica","-","","-","-","-","-","-","A","Annual","A","Annual","PCT","Percent","2020","","","","5.59"
"MFN applied tariffs","TP_A_0010","Simple average MFN applied tariff - all products","188","CRI","Costa Rica","-","","-","-","-","-","-","A","Annual","A","Annual","PCT","Percent","2021","","","","5.59"
"MFN applied tariffs","TP_A_0010","Simple average MFN applied tariff - all products","192","CUB","Cuba","-","","-","-","-","-","-","A","Annual","A","Annual","PCT","Percent","2015","","","","10.59"
"MFN applied tariffs","TP_A_0010","Simple average MFN applied tariff - all products","192","CUB","Cuba","-","","-","-","-","-","-","A","Annual","A","Annual","PCT","Percent","2016","","","","10.18"
"MFN applied tariffs","TP_A_0010","Simple average MFN applied tariff - all products","192","CUB","Cuba","-","","-","-","-","-","-","A","Annual","A","Annual","PCT","Percent","2017","","","","10.18"
"MFN applied tariffs","TP_A_0010","Simple average MFN applied tariff - all products","192","CUB","Cuba","-","","-","-","-","-","-","A","Annual","A","Annual","PCT","Percent","2019","","","","10.1"
"MFN applied tariffs","TP_A_0010","Simple average MFN applied tariff - all products","192","CUB","Cuba","-","","-","-","-","-","-","A","Annual","A","Annual","PCT","Percent","2020","","","","10.09"
"MFN applied tariffs","TP_A_0010","Simple average MFN applied tariff - all products","192","CUB","Cuba","-","","-","-","-","-","-","A","Annual","A","Annual","PCT","Percent","2021","","","","4.43"
"MFN applied tariffs","TP_A_0010","Simple average MFN applied tariff - all products","192","CUB","Cuba","-","","-","-","-","-","-","A","Annual","A","Annual","PCT","Percent","2022","","","","4.42108621068465"
"MFN applied tariffs","TP_A_0010","Simple average MFN applied tariff - all products","192","CUB","Cuba","-","","-","-","-","-","-","A","Annual","A","Annual","PCT","Percent","2023","","","","4.4157350550596"
"MFN applied tariffs","TP_A_0010","Simple average MFN applied tariff - all products","204","BEN","Benin","-","","-","-","-","-","-","A","Annual","A","Annual","PCT","Percent","2015","","","","12.16"
"MFN applied tariffs","TP_A_0010","Simple average MFN applied tariff - all products","204","BEN","Benin","-","","-","-","-","-","-","A","Annual","A","Annual","PCT","Percent","2016","","","","12.16"
"MFN applied tariffs","TP_A_0010","Simple average MFN applied tariff - all products","204","BEN","Benin","-","","-","-","-","-","-","A","Annual","A","Annual","PCT","Percent","2017","","","","12.16"
"MFN applied tariffs","TP_A_0010","Simple average MFN applied tariff - all products","204","BEN","Benin","-","","-","-","-","-","-","A","Annual","A","Annual","PCT","Percent","2018","","","","12.16"
"MFN applied tariffs","TP_A_0010","Simple average MFN applied tariff - all products","204","BEN","Benin","-","","-","-","-","-","-","A","Annual","A","Annual","PCT","Percent","2019","","","","12.06"
"MFN applied tariffs","TP_A_0010","Simple average MFN applied tariff - all products","204","BEN","Benin","-","","-","-","-","-","-","A","Annual","A","Annual","PCT","Percent","2020","","","","12.06"
"MFN applied tariffs","TP_A_0010","Simple average MFN applied tariff - all products","204","BEN","Benin","-","","-","-","-","-","-","A","Annual","A","Annual","PCT","Percent","2021","","","","12.06"
"MFN applied tariffs","TP_A_0010","Simple average MFN applied tariff - all products","204","BEN","Benin","-","","-","-","-","-","-","A","Annual","A","Annual","PCT","Percent","2022","","","","12.0397538880652"
"MFN applied tariffs","TP_A_0010","Simple average MFN applied tariff - all products","204","BEN","Benin","-","","-","-","-","-","-","A","Annual","A","Annual","PCT","Percent","2023","","","","12.0397538880652"
"MFN applied tariffs","TP_A_0010","Simple average MFN applied tariff - all products","204","BEN","Benin","-","","-","-","-","-","-","A","Annual","A","Annual","PCT","Percent","2024","","","","12.0397538880652"
"MFN applied tariffs","TP_A_0010","Simple average MFN applied tariff - all products","212","DMA","Dominica","-","","-","-","-","-","-","A","Annual","A","Annual","PCT","Percent","2015","","","","9.96"
"MFN applied tariffs","TP_A_0010","Simple average MFN applied tariff - all products","212","DMA","Dominica","-","","-","-","-","-","-","A","Annual","A","Annual","PCT","Percent","2016","","","","9.96"
"MFN applied tariffs","TP_A_0010","Simple average MFN applied tariff - all products","212","DMA","Dominica","-","","-","-","-","-","-","A","Annual","A","Annual","PCT","Percent","2017","","","","9.92"
"MFN applied tariffs","TP_A_0010","Simple average MFN applied tariff - all products","212","DMA","Dominica","-","","-","-","-","-","-","A","Annual","A","Annual","PCT","Percent","2020","","","","10.73"
"MFN applied tariffs","TP_A_0010","Simple average MFN applied tariff - all products","212","DMA","Dominica","-","","-","-","-","-","-","A","Annual","A","Annual","PCT","Percent","2023","","","","10.7340831461932"
"MFN applied tariffs","TP_A_0010","Simple average MFN applied tariff - all products","212","DMA","Dominica","-","","-","-","-","-","-","A","Annual","A","Annual","PCT","Percent","2024","","","","10.7340831461932"
"MFN applied tariffs","TP_A_0010","Simple average MFN applied tariff - all products","214","DOM","Dominican Republic","-","","-","-","-","-","-","A","Annual","A","Annual","PCT","Percent","2015","","","","7.32"
"MFN applied tariffs","TP_A_0010","Simple average MFN applied tariff - all products","214","DOM","Dominican Republic","-","","-","-","-","-","-","A","Annual","A","Annual","PCT","Percent","2016","","","","7.32"
"MFN applied tariffs","TP_A_0010","Simple average MFN applied tariff - all products","214","DOM","Dominican Republic","-","","-","-","-","-","-","A","Annual","A","Annual","PCT","Percent","2017","","","","7.3"
"MFN applied tariffs","TP_A_0010","Simple average MFN applied tariff - all products","214","DOM","Dominican Republic","-","","-","-","-","-","-","A","Annual","A","Annual","PCT","Percent","2018","","","","7.58"
"MFN applied tariffs","TP_A_0010","Simple average MFN applied tariff - all products","214","DOM","Dominican Republic","-","","-","-","-","-","-","A","Annual","A","Annual","PCT","Percent","2019","","","","7.58"
"MFN applied tariffs","TP_A_0010","Simple average MFN applied tariff - all products","214","DOM","Dominican Republic","-","","-","-","-","-","-","A","Annual","A","Annual","PCT","Percent","2021","","","","7.55"
"MFN applied tariffs","TP_A_0010","Simple average MFN applied tariff - all products","214","DOM","Dominican Republic","-","","-","-","-","-","-","A","Annual","A","Annual","PCT","Percent","2022","","","","7.56145275954866"
"MFN applied tariffs","TP_A_0010","Simple average MFN applied tariff - all products","214","DOM","Dominican Republic","-","","-","-","-","-","-","A","Annual","A","Annual","PCT","Percent","2023","","","","7.56145275954866"
"MFN applied tariffs","TP_A_0010","Simple average MFN applied tariff - all products","214","DOM","Dominican Republic","-","","-","-","-","-","-","A","Annual","A","Annual","PCT","Percent","2024","","","","7.56145275954866"
"MFN applied tariffs","TP_A_0010","Simple average MFN applied tariff - all products","218","ECU","Ecuador","-","","-","-","-","-","-","A","Annual","A","Annual","PCT","Percent","2015","","","","11.92"
"MFN applied tariffs","TP_A_0010","Simple average MFN applied tariff - all products","218","ECU","Ecuador","-","","-","-","-","-","-","A","Annual","A","Annual","PCT","Percent","2016","","","","12.35"
"MFN applied tariffs","TP_A_0010","Simple average MFN applied tariff - all products","218","ECU","Ecuador","-","","-","-","-","-","-","A","Annual","A","Annual","PCT","Percent","2017","","","","12.23"
"MFN applied tariffs","TP_A_0010","Simple average MFN applied tariff - all products","218","ECU","Ecuador","-","","-","-","-","-","-","A","Annual","A","Annual","PCT","Percent","2018","","","","12.26"
"MFN applied tariffs","TP_A_0010","Simple average MFN applied tariff - all products","218","ECU","Ecuador","-","","-","-","-","-","-","A","Annual","A","Annual","PCT","Percent","2019","","","","12.32"
"MFN applied tariffs","TP_A_0010","Simple average MFN applied tariff - all products","218","ECU","Ecuador","-","","-","-","-","-","-","A","Annual","A","Annual","PCT","Percent","2021","","","","11.21"
"MFN applied tariffs","TP_A_0010","Simple average MFN applied tariff - all products","218","ECU","Ecuador","-","","-","-","-","-","-","A","Annual","A","Annual","PCT","Percent","2022","","","","11.1725069399183"
"MFN applied tariffs","TP_A_0010","Simple average MFN applied tariff - all products","218","ECU","Ecuador","-","","-","-","-","-","-","A","Annual","A","Annual","PCT","Percent","2023","","","","11.0877248837814"
"MFN applied tariffs","TP_A_0010","Simple average MFN applied tariff - all products","218","ECU","Ecuador","-","","-","-","-","-","-","A","Annual","A","Annual","PCT","Percent","2024","","","","10.9467505157394"
"MFN applied tariffs","TP_A_0010","Simple average MFN applied tariff - all products","222","SLV","El Salvador","-","","-","-","-","-","-","A","Annual","A","Annual","PCT","Percent","2015","","","","5.99"
"MFN applied tariffs","TP_A_0010","Simple average MFN applied tariff - all products","222","SLV","El Salvador","-","","-","-","-","-","-","A","Annual","A","Annual","PCT","Percent","2017","","","","5.98"
"MFN applied tariffs","TP_A_0010","Simple average MFN applied tariff - all products","222","SLV","El Salvador","-","","-","-","-","-","-","A","Annual","A","Annual","PCT","Percent","2018","","","","5.98"
"MFN applied tariffs","TP_A_0010","Simple average MFN applied tariff - all products","222","SLV","El Salvador","-","","-","-","-","-","-","A","Annual","A","Annual","PCT","Percent","2019","","","","6"
"MFN applied tariffs","TP_A_0010","Simple average MFN applied tariff - all products","222","SLV","El Salvador","-","","-","-","-","-","-","A","Annual","A","Annual","PCT","Percent","2020","","","","6"
"MFN applied tariffs","TP_A_0010","Simple average MFN applied tariff - all products","222","SLV","El Salvador","-","","-","-","-","-","-","A","Annual","A","Annual","PCT","Percent","2021","","","","6.01"
"MFN applied tariffs","TP_A_0010","Simple average MFN applied tariff - all products","222","SLV","El Salvador","-","","-","-","-","-","-","A","Annual","A","Annual","PCT","Percent","2022","","","","5.92254355533042"
"MFN applied tariffs","TP_A_0010","Simple average MFN applied tariff - all products","222","SLV","El Salvador","-","","-","-","-","-","-","A","Annual","A","Annual","PCT","Percent","2023","","","","5.65379109067353"
"MFN applied tariffs","TP_A_0010","Simple average MFN applied tariff - all products","222","SLV","El Salvador","-","","-","-","-","-","-","A","Annual","A","Annual","PCT","Percent","2024","","","","5.65178495803115"
"MFN applied tariffs","TP_A_0010","Simple average MFN applied tariff - all products","231","ETH","Ethiopia","-","","-","-","-","-","-","A","Annual","A","Annual","PCT","Percent","2015","","","","17.41"
"MFN applied tariffs","TP_A_0010","Simple average MFN applied tariff - all products","231","ETH","Ethiopia","-","","-","-","-","-","-","A","Annual","A","Annual","PCT","Percent","2018","","","","17.41"
"MFN applied tariffs","TP_A_0010","Simple average MFN applied tariff - all products","231","ETH","Ethiopia","-","","-","-","-","-","-","A","Annual","A","Annual","PCT","Percent","2021","","","","17.0220523226"
"MFN applied tariffs","TP_A_0010","Simple average MFN applied tariff - all products","242","FJI","Fiji","-","","-","-","-","-","-","A","Annual","A","Annual","PCT","Percent","2015","","","","11.73"
"MFN applied tariffs","TP_A_0010","Simple average MFN applied tariff - all products","242","FJI","Fiji","-","","-","-","-","-","-","A","Annual","A","Annual","PCT","Percent","2017","","","","11.09"
"MFN applied tariffs","TP_A_0010","Simple average MFN applied tariff - all products","242","FJI","Fiji","-","","-","-","-","-","-","A","Annual","A","Annual","PCT","Percent","2018","","","","11.08"
"MFN applied tariffs","TP_A_0010","Simple average MFN applied tariff - all products","242","FJI","Fiji","-","","-","-","-","-","-","A","Annual","A","Annual","PCT","Percent","2019","","","","11.4"
"MFN applied tariffs","TP_A_0010","Simple average MFN applied tariff - all products","242","FJI","Fiji","-","","-","-","-","-","-","A","Annual","A","Annual","PCT","Percent","2021","","","","7.94"
"MFN applied tariffs","TP_A_0010","Simple average MFN applied tariff - all products","242","FJI","Fiji","-","","-","-","-","-","-","A","Annual","A","Annual","PCT","Percent","2022","","","","7.40429384132669"
"MFN applied tariffs","TP_A_0010","Simple average MFN applied tariff - all products","242","FJI","Fiji","-","","-","-","-","-","-","A","Annual","A","Annual","PCT","Percent","2023","","","","8.2043091870941"
"MFN applied tariffs","TP_A_0010","Simple average MFN applied tariff - all products","242","FJI","Fiji","-","","-","-","-","-","-","A","Annual","A","Annual","PCT","Percent","2024","","","","8.43067745098997"
"MFN applied tariffs","TP_A_0010","Simple average MFN applied tariff - all products","266","GAB","Gabon","-","","-","-","-","-","-","A","Annual","A","Annual","PCT","Percent","2015","","","","17.69"
"MFN applied tariffs","TP_A_0010","Simple average MFN applied tariff - all products","266","GAB","Gabon","-","","-","-","-","-","-","A","Annual","A","Annual","PCT","Percent","2016","","","","17.69"
"MFN applied tariffs","TP_A_0010","Simple average MFN applied tariff - all products","266","GAB","Gabon","-","","-","-","-","-","-","A","Annual","A","Annual","PCT","Percent","2019","","","","17.7"
"MFN applied tariffs","TP_A_0010","Simple average MFN applied tariff - all products","266","GAB","Gabon","-","","-","-","-","-","-","A","Annual","A","Annual","PCT","Percent","2022","","","","18.0552519191799"
"MFN applied tariffs","TP_A_0010","Simple average MFN applied tariff - all products","266","GAB","Gabon","-","","-","-","-","-","-","A","Annual","A","Annual","PCT","Percent","2023","","","","18.0552519191799"
"MFN applied tariffs","TP_A_0010","Simple average MFN applied tariff - all products","266","GAB","Gabon","-","","-","-","-","-","-","A","Annual","A","Annual","PCT","Percent","2024","","","","18.0552519191799"
"MFN applied tariffs","TP_A_0010","Simple average MFN applied tariff - all products","268","GEO","Georgia","-","","-","-","-","-","-","A","Annual","A","Annual","PCT","Percent","2015","","","","1.51"
"MFN applied tariffs","TP_A_0010","Simple average MFN applied tariff - all products","268","GEO","Georgia","-","","-","-","-","-","-","A","Annual","A","Annual","PCT","Percent","2016","","","","1.51"
"MFN applied tariffs","TP_A_0010","Simple average MFN applied tariff - all products","268","GEO","Georgia","-","","-","-","-","-","-","A","Annual","A","Annual","PCT","Percent","2017","","","","1.46"
"MFN applied tariffs","TP_A_0010","Simple average MFN applied tariff - all products","268","GEO","Georgia","-","","-","-","-","-","-","A","Annual","A","Annual","PCT","Percent","2018","","","","1.45"
"MFN applied tariffs","TP_A_0010","Simple average MFN applied tariff - all products","268","GEO","Georgia","-","","-","-","-","-","-","A","Annual","A","Annual","PCT","Percent","2019","","","","1.36"
"MFN applied tariffs","TP_A_0010","Simple average MFN applied tariff - all products","268","GEO","Georgia","-","","-","-","-","-","-","A","Annual","A","Annual","PCT","Percent","2020","","","","1.37"
"MFN applied tariffs","TP_A_0010","Simple average MFN applied tariff - all products","268","GEO","Georgia","-","","-","-","-","-","-","A","Annual","A","Annual","PCT","Percent","2021","","","","1.43"
"MFN applied tariffs","TP_A_0010","Simple average MFN applied tariff - all products","268","GEO","Georgia","-","","-","-","-","-","-","A","Annual","A","Annual","PCT","Percent","2022","","","","1.42616569655805"
"MFN applied tariffs","TP_A_0010","Simple average MFN applied tariff - all products","268","GEO","Georgia","-","","-","-","-","-","-","A","Annual","A","Annual","PCT","Percent","2023","","","","1.4707358846637"
"MFN applied tariffs","TP_A_0010","Simple average MFN applied tariff - all products","268","GEO","Georgia","-","","-","-","-","-","-","A","Annual","A","Annual","PCT","Percent","2024","","","","1.42642365049924"
"MFN applied tariffs","TP_A_0010","Simple average MFN applied tariff - all products","270","GMB","The Gambia","-","","-","-","-","-","-","A","Annual","A","Annual","PCT","Percent","2017","","","","12.16"
"MFN applied tariffs","TP_A_0010","Simple average MFN applied tariff - all products","270","GMB","The Gambia","-","","-","-","-","-","-","A","Annual","A","Annual","PCT","Percent","2018","","","","12.16"
"MFN applied tariffs","TP_A_0010","Simple average MFN applied tariff - all products","270","GMB","The Gambia","-","","-","-","-","-","-","A","Annual","A","Annual","PCT","Percent","2019","","","","12.06"
"MFN applied tariffs","TP_A_0010","Simple average MFN applied tariff - all products","270","GMB","The Gambia","-","","-","-","-","-","-","A","Annual","A","Annual","PCT","Percent","2020","","","","12.06"
"MFN applied tariffs","TP_A_0010","Simple average MFN applied tariff - all products","270","GMB","The Gambia","-","","-","-","-","-","-","A","Annual","A","Annual","PCT","Percent","2021","","","","12.06"
"MFN applied tariffs","TP_A_0010","Simple average MFN applied tariff - all products","270","GMB","The Gambia","-","","-","-","-","-","-","A","Annual","A","Annual","PCT","Percent","2022","","","","12.0397538880652"
"MFN applied tariffs","TP_A_0010","Simple average MFN applied tariff - all products","270","GMB","The Gambia","-","","-","-","-","-","-","A","Annual","A","Annual","PCT","Percent","2023","","","","12.0397538880652"
"MFN applied tariffs","TP_A_0010","Simple average MFN applied tariff - all products","270","GMB","The Gambia","-","","-","-","-","-","-","A","Annual","A","Annual","PCT","Percent","2024","","","","12.0397538880652"
"MFN applied tariffs","TP_A_0010","Simple average MFN applied tariff - all products","288","GHA","Ghana","-","","-","-","-","-","-","A","Annual","A","Annual","PCT","Percent","2016","","","","12.15"
"MFN applied tariffs","TP_A_0010","Simple average MFN applied tariff - all products","288","GHA","Ghana","-","","-","-","-","-","-","A","Annual","A","Annual","PCT","Percent","2023","","","","12.0397538880652"
"MFN applied tariffs","TP_A_0010","Simple average MFN applied tariff - all products","288","GHA","Ghana","-","","-","-","-","-","-","A","Annual","A","Annual","PCT","Percent","2024","","","","12.0397538880652"
"MFN applied tariffs","TP_A_0010","Simple average MFN applied tariff - all products","288","GHA","Ghana","-","","-","-","-","-","-","A","Annual","A","Annual","PCT","Percent","2017","","","","12.05"
"MFN applied tariffs","TP_A_0010","Simple average MFN applied tariff - all products","288","GHA","Ghana","-","","-","-","-","-","-","A","Annual","A","Annual","PCT","Percent","2018","","","","11.95"
"MFN applied tariffs","TP_A_0010","Simple average MFN applied tariff - all products","288","GHA","Ghana","-","","-","-","-","-","-","A","Annual","A","Annual","PCT","Percent","2019","","","","12.06"
"MFN applied tariffs","TP_A_0010","Simple average MFN applied tariff - all products","288","GHA","Ghana","-","","-","-","-","-","-","A","Annual","A","Annual","PCT","Percent","2020","","","","12.06"
"MFN applied tariffs","TP_A_0010","Simple average MFN applied tariff - all products","288","GHA","Ghana","-","","-","-","-","-","-","A","Annual","A","Annual","PCT","Percent","2021","","","","12.06"
"MFN applied tariffs","TP_A_0010","Simple average MFN applied tariff - all products","288","GHA","Ghana","-","","-","-","-","-","-","A","Annual","A","Annual","PCT","Percent","2022","","","","12.0397538880652"
"MFN applied tariffs","TP_A_0010","Simple average MFN applied tariff - all products","296","KIR","Kiribati","-","","-","-","-","-","-","A","Annual","A","Annual","PCT","Percent","2019","","","","0"
"MFN applied tariffs","TP_A_0010","Simple average MFN applied tariff - all products","296","KIR","Kiribati","-","","-","-","-","-","-","A","Annual","A","Annual","PCT","Percent","2021","","","","0"
"MFN applied tariffs","TP_A_0010","Simple average MFN applied tariff - all products","296","KIR","Kiribati","-","","-","-","-","-","-","A","Annual","A","Annual","PCT","Percent","2022","","","","0"
"MFN applied tariffs","TP_A_0010","Simple average MFN applied tariff - all products","296","KIR","Kiribati","-","","-","-","-","-","-","A","Annual","A","Annual","PCT","Percent","2023","","","","7.97360724099517E-05"
"MFN applied tariffs","TP_A_0010","Simple average MFN applied tariff - all products","296","KIR","Kiribati","-","","-","-","-","-","-","A","Annual","A","Annual","PCT","Percent","2024","","","","7.31813514048769E-05"
"MFN applied tariffs","TP_A_0010","Simple average MFN applied tariff - all products","308","GRD","Grenada","-","","-","-","-","-","-","A","Annual","A","Annual","PCT","Percent","2015","","","","10.99"
"MFN applied tariffs","TP_A_0010","Simple average MFN applied tariff - all products","308","GRD","Grenada","-","","-","-","-","-","-","A","Annual","A","Annual","PCT","Percent","2016","","","","11"
"MFN applied tariffs","TP_A_0010","Simple average MFN applied tariff - all products","308","GRD","Grenada","-","","-","-","-","-","-","A","Annual","A","Annual","PCT","Percent","2019","","","","10.99"
"MFN applied tariffs","TP_A_0010","Simple average MFN applied tariff - all products","308","GRD","Grenada","-","","-","-","-","-","-","A","Annual","A","Annual","PCT","Percent","2022","","","","10.9938516335693"
"MFN applied tariffs","TP_A_0010","Simple average MFN applied tariff - all products","308","GRD","Grenada","-","","-","-","-","-","-","A","Annual","A","Annual","PCT","Percent","2023","","","","10.9937737070609"
"MFN applied tariffs","TP_A_0010","Simple average MFN applied tariff - all products","308","GRD","Grenada","-","","-","-","-","-","-","A","Annual","A","Annual","PCT","Percent","2024","","","","10.9937129108012"
"MFN applied tariffs","TP_A_0010","Simple average MFN applied tariff - all products","320","GTM","Guatemala","-","","-","-","-","-","-","A","Annual","A","Annual","PCT","Percent","2015","","","","5.6"
"MFN applied tariffs","TP_A_0010","Simple average MFN applied tariff - all products","320","GTM","Guatemala","-","","-","-","-","-","-","A","Annual","A","Annual","PCT","Percent","2021","","","","5.56"
"MFN applied tariffs","TP_A_0010","Simple average MFN applied tariff - all products","320","GTM","Guatemala","-","","-","-","-","-","-","A","Annual","A","Annual","PCT","Percent","2022","","","","5.5230362827137"
"MFN applied tariffs","TP_A_0010","Simple average MFN applied tariff - all products","320","GTM","Guatemala","-","","-","-","-","-","-","A","Annual","A","Annual","PCT","Percent","2023","","","","5.63114311953913"
"MFN applied tariffs","TP_A_0010","Simple average MFN applied tariff - all products","320","GTM","Guatemala","-","","-","-","-","-","-","A","Annual","A","Annual","PCT","Percent","2024","","","","5.52330399555493"
"MFN applied tariffs","TP_A_0010","Simple average MFN applied tariff - all products","324","GIN","Guinea","-","","-","-","-","-","-","A","Annual","A","Annual","PCT","Percent","2023","","","","12.0397538880652"
"MFN applied tariffs","TP_A_0010","Simple average MFN applied tariff - all products","324","GIN","Guinea","-","","-","-","-","-","-","A","Annual","A","Annual","PCT","Percent","2024","","","","12.0397538880652"
"MFN applied tariffs","TP_A_0010","Simple average MFN applied tariff - all products","324","GIN","Guinea","-","","-","-","-","-","-","A","Annual","A","Annual","PCT","Percent","2017","","","","12.06"
"MFN applied tariffs","TP_A_0010","Simple average MFN applied tariff - all products","324","GIN","Guinea","-","","-","-","-","-","-","A","Annual","A","Annual","PCT","Percent","2018","","","","12.06"
"MFN applied tariffs","TP_A_0010","Simple average MFN applied tariff - all products","324","GIN","Guinea","-","","-","-","-","-","-","A","Annual","A","Annual","PCT","Percent","2019","","","","12.06"
"MFN applied tariffs","TP_A_0010","Simple average MFN applied tariff - all products","324","GIN","Guinea","-","","-","-","-","-","-","A","Annual","A","Annual","PCT","Percent","2020","","","","12.06"
"MFN applied tariffs","TP_A_0010","Simple average MFN applied tariff - all products","324","GIN","Guinea","-","","-","-","-","-","-","A","Annual","A","Annual","PCT","Percent","2021","","","","12.06"
"MFN applied tariffs","TP_A_0010","Simple average MFN applied tariff - all products","324","GIN","Guinea","-","","-","-","-","-","-","A","Annual","A","Annual","PCT","Percent","2022","","","","12.0397538880652"
"MFN applied tariffs","TP_A_0010","Simple average MFN applied tariff - all products","328","GUY","Guyana","-","","-","-","-","-","-","A","Annual","A","Annual","PCT","Percent","2015","","","","10.95"
"MFN applied tariffs","TP_A_0010","Simple average MFN applied tariff - all products","328","GUY","Guyana","-","","-","-","-","-","-","A","Annual","A","Annual","PCT","Percent","2016","","","","10.95"
"MFN applied tariffs","TP_A_0010","Simple average MFN applied tariff - all products","328","GUY","Guyana","-","","-","-","-","-","-","A","Annual","A","Annual","PCT","Percent","2017","","","","10.95"
"MFN applied tariffs","TP_A_0010","Simple average MFN applied tariff - all products","328","GUY","Guyana","-","","-","-","-","-","-","A","Annual","A","Annual","PCT","Percent","2018","","","","10.95"
"MFN applied tariffs","TP_A_0010","Simple average MFN applied tariff - all products","328","GUY","Guyana","-","","-","-","-","-","-","A","Annual","A","Annual","PCT","Percent","2019","","","","11.69"
"MFN applied tariffs","TP_A_0010","Simple average MFN applied tariff - all products","328","GUY","Guyana","-","","-","-","-","-","-","A","Annual","A","Annual","PCT","Percent","2021","","","","11.7"
"MFN applied tariffs","TP_A_0010","Simple average MFN applied tariff - all products","328","GUY","Guyana","-","","-","-","-","-","-","A","Annual","A","Annual","PCT","Percent","2022","","","","11.7039656166529"
"MFN applied tariffs","TP_A_0010","Simple average MFN applied tariff - all products","328","GUY","Guyana","-","","-","-","-","-","-","A","Annual","A","Annual","PCT","Percent","2023","","","","11.6933028209736"
"MFN applied tariffs","TP_A_0010","Simple average MFN applied tariff - all products","332","HTI","Haiti","-","","-","-","-","-","-","A","Annual","A","Annual","PCT","Percent","2015","","","","4.76"
"MFN applied tariffs","TP_A_0010","Simple average MFN applied tariff - all products","332","HTI","Haiti","-","","-","-","-","-","-","A","Annual","A","Annual","PCT","Percent","2016","","","","8.78"
"MFN applied tariffs","TP_A_0010","Simple average MFN applied tariff - all products","332","HTI","Haiti","-","","-","-","-","-","-","A","Annual","A","Annual","PCT","Percent","2020","","","","4.92"
"MFN applied tariffs","TP_A_0010","Simple average MFN applied tariff - all products","332","HTI","Haiti","-","","-","-","-","-","-","A","Annual","A","Annual","PCT","Percent","2023","","","","4.93963941044843"
"MFN applied tariffs","TP_A_0010","Simple average MFN applied tariff - all products","332","HTI","Haiti","-","","-","-","-","-","-","A","Annual","A","Annual","PCT","Percent","2024","","","","4.93963941044843"
"MFN applied tariffs","TP_A_0010","Simple average MFN applied tariff - all products","340","HND","Honduras","-","","-","-","-","-","-","A","Annual","A","Annual","PCT","Percent","2015","","","","5.74"
"MFN applied tariffs","TP_A_0010","Simple average MFN applied tariff - all products","340","HND","Honduras","-","","-","-","-","-","-","A","Annual","A","Annual","PCT","Percent","2018","","","","5.69"
"MFN applied tariffs","TP_A_0010","Simple average MFN applied tariff - all products","340","HND","Honduras","-","","-","-","-","-","-","A","Annual","A","Annual","PCT","Percent","2019","","","","5.69"
"MFN applied tariffs","TP_A_0010","Simple average MFN applied tariff - all products","340","HND","Honduras","-","","-","-","-","-","-","A","Annual","A","Annual","PCT","Percent","2020","","","","5.77"
"MFN applied tariffs","TP_A_0010","Simple average MFN applied tariff - all products","340","HND","Honduras","-","","-","-","-","-","-","A","Annual","A","Annual","PCT","Percent","2021","","","","5.76"
"MFN applied tariffs","TP_A_0010","Simple average MFN applied tariff - all products","340","HND","Honduras","-","","-","-","-","-","-","A","Annual","A","Annual","PCT","Percent","2022","","","","5.70031563513585"
"MFN applied tariffs","TP_A_0010","Simple average MFN applied tariff - all products","340","HND","Honduras","-","","-","-","-","-","-","A","Annual","A","Annual","PCT","Percent","2023","","","","5.71149884195687"
"MFN applied tariffs","TP_A_0010","Simple average MFN applied tariff - all products","340","HND","Honduras","-","","-","-","-","-","-","A","Annual","A","Annual","PCT","Percent","2024","","","","5.62854894219624"
"MFN applied tariffs","TP_A_0010","Simple average MFN applied tariff - all products","344","HKG","Hong Kong, China","-","","-","-","-","-","-","A","Annual","A","Annual","PCT","Percent","2015","","","","0"
"MFN applied tariffs","TP_A_0010","Simple average MFN applied tariff - all products","344","HKG","Hong Kong, China","-","","-","-","-","-","-","A","Annual","A","Annual","PCT","Percent","2016","","","","0"
"MFN applied tariffs","TP_A_0010","Simple average MFN applied tariff - all products","344","HKG","Hong Kong, China","-","","-","-","-","-","-","A","Annual","A","Annual","PCT","Percent","2017","","","","0"
"MFN applied tariffs","TP_A_0010","Simple average MFN applied tariff - all products","344","HKG","Hong Kong, China","-","","-","-","-","-","-","A","Annual","A","Annual","PCT","Percent","2018","","","","0"
"MFN applied tariffs","TP_A_0010","Simple average MFN applied tariff - all products","344","HKG","Hong Kong, China","-","","-","-","-","-","-","A","Annual","A","Annual","PCT","Percent","2019","","","","0"
"MFN applied tariffs","TP_A_0010","Simple average MFN applied tariff - all products","344","HKG","Hong Kong, China","-","","-","-","-","-","-","A","Annual","A","Annual","PCT","Percent","2020","","","","0"
"MFN applied tariffs","TP_A_0010","Simple average MFN applied tariff - all products","344","HKG","Hong Kong, China","-","","-","-","-","-","-","A","Annual","A","Annual","PCT","Percent","2021","","","","0"
"MFN applied tariffs","TP_A_0010","Simple average MFN applied tariff - all products","344","HKG","Hong Kong, China","-","","-","-","-","-","-","A","Annual","A","Annual","PCT","Percent","2022","","","","0"
"MFN applied tariffs","TP_A_0010","Simple average MFN applied tariff - all products","344","HKG","Hong Kong, China","-","","-","-","-","-","-","A","Annual","A","Annual","PCT","Percent","2023","","","","0"
"MFN applied tariffs","TP_A_0010","Simple average MFN applied tariff - all products","344","HKG","Hong Kong, China","-","","-","-","-","-","-","A","Annual","A","Annual","PCT","Percent","2024","","","","0"
"MFN applied tariffs","TP_A_0010","Simple average MFN applied tariff - all products","352","ISL","Iceland","-","","-","-","-","-","-","A","Annual","A","Annual","PCT","Percent","2015","","","","5.18"
"MFN applied tariffs","TP_A_0010","Simple average MFN applied tariff - all products","352","ISL","Iceland","-","","-","-","-","-","-","A","Annual","A","Annual","PCT","Percent","2016","","","","4.66"
"MFN applied tariffs","TP_A_0010","Simple average MFN applied tariff - all products","352","ISL","Iceland","-","","-","-","-","-","-","A","Annual","A","Annual","PCT","Percent","2017","","","","3.99"
"MFN applied tariffs","TP_A_0010","Simple average MFN applied tariff - all products","352","ISL","Iceland","-","","-","-","-","-","-","A","Annual","A","Annual","PCT","Percent","2018","","","","4.29"
"MFN applied tariffs","TP_A_0010","Simple average MFN applied tariff - all products","352","ISL","Iceland","-","","-","-","-","-","-","A","Annual","A","Annual","PCT","Percent","2019","","","","3.12"
"MFN applied tariffs","TP_A_0010","Simple average MFN applied tariff - all products","352","ISL","Iceland","-","","-","-","-","-","-","A","Annual","A","Annual","PCT","Percent","2021","","","","3.14"
"MFN applied tariffs","TP_A_0010","Simple average MFN applied tariff - all products","352","ISL","Iceland","-","","-","-","-","-","-","A","Annual","A","Annual","PCT","Percent","2022","","","","3.33142708473359"
"MFN applied tariffs","TP_A_0010","Simple average MFN applied tariff - all products","352","ISL","Iceland","-","","-","-","-","-","-","A","Annual","A","Annual","PCT","Percent","2023","","","","3.28543157810603"
"MFN applied tariffs","TP_A_0010","Simple average MFN applied tariff - all products","352","ISL","Iceland","-","","-","-","-","-","-","A","Annual","A","Annual","PCT","Percent","2024","","","","2.76829749232462"
"MFN applied tariffs","TP_A_0010","Simple average MFN applied tariff - all products","356","IND","India","-","","-","-","-","-","-","A","Annual","A","Annual","PCT","Percent","2021","","","","18.29"
"MFN applied tariffs","TP_A_0010","Simple average MFN applied tariff - all products","356","IND","India","-","","-","-","-","-","-","A","Annual","A","Annual","PCT","Percent","2022","","","","18.0833209663054"
"MFN applied tariffs","TP_A_0010","Simple average MFN applied tariff - all products","356","IND","India","-","","-","-","-","-","-","A","Annual","A","Annual","PCT","Percent","2023","","","","17.0173703938594"
"MFN applied tariffs","TP_A_0010","Simple average MFN applied tariff - all products","356","IND","India","-","","-","-","-","-","-","A","Annual","A","Annual","PCT","Percent","2024","","","","16.2069625888571"
"MFN applied tariffs","TP_A_0010","Simple average MFN applied tariff - all products","356","IND","India","-","","-","-","-","-","-","A","Annual","A","Annual","PCT","Percent","2015","","","","13.37"
"MFN applied tariffs","TP_A_0010","Simple average MFN applied tariff - all products","356","IND","India","-","","-","-","-","-","-","A","Annual","A","Annual","PCT","Percent","2016","","","","13.39"
"MFN applied tariffs","TP_A_0010","Simple average MFN applied tariff - all products","356","IND","India","-","","-","-","-","-","-","A","Annual","A","Annual","PCT","Percent","2017","","","","13.79"
"MFN applied tariffs","TP_A_0010","Simple average MFN applied tariff - all products","356","IND","India","-","","-","-","-","-","-","A","Annual","A","Annual","PCT","Percent","2018","","","","17.14"
"MFN applied tariffs","TP_A_0010","Simple average MFN applied tariff - all products","356","IND","India","-","","-","-","-","-","-","A","Annual","A","Annual","PCT","Percent","2019","","","","17.57"
"MFN applied tariffs","TP_A_0010","Simple average MFN applied tariff - all products","356","IND","India","-","","-","-","-","-","-","A","Annual","A","Annual","PCT","Percent","2020","","","","15.02"
"MFN applied tariffs","TP_A_0010","Simple average MFN applied tariff - all products","360","IDN","Indonesia","-","","-","-","-","-","-","A","Annual","A","Annual","PCT","Percent","2016","","","","7.88"
"MFN applied tariffs","TP_A_0010","Simple average MFN applied tariff - all products","360","IDN","Indonesia","-","","-","-","-","-","-","A","Annual","A","Annual","PCT","Percent","2017","","","","8.06"
"MFN applied tariffs","TP_A_0010","Simple average MFN applied tariff - all products","360","IDN","Indonesia","-","","-","-","-","-","-","A","Annual","A","Annual","PCT","Percent","2018","","","","8.06"
"MFN applied tariffs","TP_A_0010","Simple average MFN applied tariff - all products","360","IDN","Indonesia","-","","-","-","-","-","-","A","Annual","A","Annual","PCT","Percent","2019","","","","8.06"
"MFN applied tariffs","TP_A_0010","Simple average MFN applied tariff - all products","360","IDN","Indonesia","-","","-","-","-","-","-","A","Annual","A","Annual","PCT","Percent","2021","","","","8.06"
"MFN applied tariffs","TP_A_0010","Simple average MFN applied tariff - all products","360","IDN","Indonesia","-","","-","-","-","-","-","A","Annual","A","Annual","PCT","Percent","2022","","","","7.96490984133591"
"MFN applied tariffs","TP_A_0010","Simple average MFN applied tariff - all products","360","IDN","Indonesia","-","","-","-","-","-","-","A","Annual","A","Annual","PCT","Percent","2023","","","","7.96296508113818"
"MFN applied tariffs","TP_A_0010","Simple average MFN applied tariff - all products","360","IDN","Indonesia","-","","-","-","-","-","-","A","Annual","A","Annual","PCT","Percent","2024","","","","7.95944225920779"
"MFN applied tariffs","TP_A_0010","Simple average MFN applied tariff - all products","364","IRN","Iran","-","","-","-","-","-","-","A","Annual","A","Annual","PCT","Percent","2019","","","","20.09"
"MFN applied tariffs","TP_A_0010","Simple average MFN applied tariff - all products","364","IRN","Iran","-","","-","-","-","-","-","A","Annual","A","Annual","PCT","Percent","2020","","","","20.09"
"MFN applied tariffs","TP_A_0010","Simple average MFN applied tariff - all products","376","ISR","Israel","-","","-","-","-","-","-","A","Annual","A","Annual","PCT","Percent","2015","","","","4.51"
"MFN applied tariffs","TP_A_0010","Simple average MFN applied tariff - all products","376","ISR","Israel","-","","-","-","-","-","-","A","Annual","A","Annual","PCT","Percent","2016","","","","3.87"
"MFN applied tariffs","TP_A_0010","Simple average MFN applied tariff - all products","376","ISR","Israel","-","","-","-","-","-","-","A","Annual","A","Annual","PCT","Percent","2017","","","","3.91"
"MFN applied tariffs","TP_A_0010","Simple average MFN applied tariff - all products","376","ISR","Israel","-","","-","-","-","-","-","A","Annual","A","Annual","PCT","Percent","2019","","","","3.63"
"MFN applied tariffs","TP_A_0010","Simple average MFN applied tariff - all products","376","ISR","Israel","-","","-","-","-","-","-","A","Annual","A","Annual","PCT","Percent","2020","","","","3.5"
"MFN applied tariffs","TP_A_0010","Simple average MFN applied tariff - all products","376","ISR","Israel","-","","-","-","-","-","-","A","Annual","A","Annual","PCT","Percent","2021","","","","3.57"
"MFN applied tariffs","TP_A_0010","Simple average MFN applied tariff - all products","376","ISR","Israel","-","","-","-","-","-","-","A","Annual","A","Annual","PCT","Percent","2022","","","","3.43061918346626"
"MFN applied tariffs","TP_A_0010","Simple average MFN applied tariff - all products","376","ISR","Israel","-","","-","-","-","-","-","A","Annual","A","Annual","PCT","Percent","2023","","","","1.26729246543419"
"MFN applied tariffs","TP_A_0010","Simple average MFN applied tariff - all products","384","CIV","Côte d'Ivoire","-","","-","-","-","-","-","A","Annual","A","Annual","PCT","Percent","2015","","","","12.16"
"MFN applied tariffs","TP_A_0010","Simple average MFN applied tariff - all products","384","CIV","Côte d'Ivoire","-","","-","-","-","-","-","A","Annual","A","Annual","PCT","Percent","2016","","","","12.16"
"MFN applied tariffs","TP_A_0010","Simple average MFN applied tariff - all products","384","CIV","Côte d'Ivoire","-","","-","-","-","-","-","A","Annual","A","Annual","PCT","Percent","2017","","","","12.16"
"MFN applied tariffs","TP_A_0010","Simple average MFN applied tariff - all products","384","CIV","Côte d'Ivoire","-","","-","-","-","-","-","A","Annual","A","Annual","PCT","Percent","2018","","","","12.16"
"MFN applied tariffs","TP_A_0010","Simple average MFN applied tariff - all products","384","CIV","Côte d'Ivoire","-","","-","-","-","-","-","A","Annual","A","Annual","PCT","Percent","2019","","","","12.06"
"MFN applied tariffs","TP_A_0010","Simple average MFN applied tariff - all products","384","CIV","Côte d'Ivoire","-","","-","-","-","-","-","A","Annual","A","Annual","PCT","Percent","2020","","","","12.06"
"MFN applied tariffs","TP_A_0010","Simple average MFN applied tariff - all products","384","CIV","Côte d'Ivoire","-","","-","-","-","-","-","A","Annual","A","Annual","PCT","Percent","2021","","","","12.06"
"MFN applied tariffs","TP_A_0010","Simple average MFN applied tariff - all products","384","CIV","Côte d'Ivoire","-","","-","-","-","-","-","A","Annual","A","Annual","PCT","Percent","2022","","","","12.0568978691194"
"MFN applied tariffs","TP_A_0010","Simple average MFN applied tariff - all products","384","CIV","Côte d'Ivoire","-","","-","-","-","-","-","A","Annual","A","Annual","PCT","Percent","2023","","","","12.0568094564799"
"MFN applied tariffs","TP_A_0010","Simple average MFN applied tariff - all products","384","CIV","Côte d'Ivoire","-","","-","-","-","-","-","A","Annual","A","Annual","PCT","Percent","2024","","","","12.0357439076696"
"MFN applied tariffs","TP_A_0010","Simple average MFN applied tariff - all products","388","JAM","Jamaica","-","","-","-","-","-","-","A","Annual","A","Annual","PCT","Percent","2015","","","","8.5"
"MFN applied tariffs","TP_A_0010","Simple average MFN applied tariff - all products","388","JAM","Jamaica","-","","-","-","-","-","-","A","Annual","A","Annual","PCT","Percent","2016","","","","8.5"
"MFN applied tariffs","TP_A_0010","Simple average MFN applied tariff - all products","388","JAM","Jamaica","-","","-","-","-","-","-","A","Annual","A","Annual","PCT","Percent","2019","","","","8.57"
"MFN applied tariffs","TP_A_0010","Simple average MFN applied tariff - all products","388","JAM","Jamaica","-","","-","-","-","-","-","A","Annual","A","Annual","PCT","Percent","2021","","","","8.60096636018511"
"MFN applied tariffs","TP_A_0010","Simple average MFN applied tariff - all products","388","JAM","Jamaica","-","","-","-","-","-","-","A","Annual","A","Annual","PCT","Percent","2023","","","","8.52185909942365"
"MFN applied tariffs","TP_A_0010","Simple average MFN applied tariff - all products","388","JAM","Jamaica","-","","-","-","-","-","-","A","Annual","A","Annual","PCT","Percent","2024","","","","8.52364131293283"
"MFN applied tariffs","TP_A_0010","Simple average MFN applied tariff - all products","392","JPN","Japan","-","","-","-","-","-","-","A","Annual","A","Annual","PCT","Percent","2015","","","","3.99"
"MFN applied tariffs","TP_A_0010","Simple average MFN applied tariff - all products","392","JPN","Japan","-","","-","-","-","-","-","A","Annual","A","Annual","PCT","Percent","2016","","","","4.03"
"MFN applied tariffs","TP_A_0010","Simple average MFN applied tariff - all products","392","JPN","Japan","-","","-","-","-","-","-","A","Annual","A","Annual","PCT","Percent","2017","","","","3.98"
"MFN applied tariffs","TP_A_0010","Simple average MFN applied tariff - all products","392","JPN","Japan","-","","-","-","-","-","-","A","Annual","A","Annual","PCT","Percent","2018","","","","4.36"
"MFN applied tariffs","TP_A_0010","Simple average MFN applied tariff - all products","392","JPN","Japan","-","","-","-","-","-","-","A","Annual","A","Annual","PCT","Percent","2019","","","","4.31"
"MFN applied tariffs","TP_A_0010","Simple average MFN applied tariff - all products","392","JPN","Japan","-","","-","-","-","-","-","A","Annual","A","Annual","PCT","Percent","2020","","","","4.37"
"MFN applied tariffs","TP_A_0010","Simple average MFN applied tariff - all products","392","JPN","Japan","-","","-","-","-","-","-","A","Annual","A","Annual","PCT","Percent","2021","","","","4.24"
"MFN applied tariffs","TP_A_0010","Simple average MFN applied tariff - all products","392","JPN","Japan","-","","-","-","-","-","-","A","Annual","A","Annual","PCT","Percent","2022","","","","3.89240042580729"
"MFN applied tariffs","TP_A_0010","Simple average MFN applied tariff - all products","392","JPN","Japan","-","","-","-","-","-","-","A","Annual","A","Annual","PCT","Percent","2023","","","","3.72076754428483"
"MFN applied tariffs","TP_A_0010","Simple average MFN applied tariff - all products","392","JPN","Japan","-","","-","-","-","-","-","A","Annual","A","Annual","PCT","Percent","2024","","","","3.68039105347728"
"MFN applied tariffs","TP_A_0010","Simple average MFN applied tariff - all products","398","KAZ","Kazakhstan","-","","-","-","-","-","-","A","Annual","A","Annual","PCT","Percent","2015","","","","7.81"
"MFN applied tariffs","TP_A_0010","Simple average MFN applied tariff - all products","398","KAZ","Kazakhstan","-","","-","-","-","-","-","A","Annual","A","Annual","PCT","Percent","2016","","","","6.9"
"MFN applied tariffs","TP_A_0010","Simple average MFN applied tariff - all products","398","KAZ","Kazakhstan","-","","-","-","-","-","-","A","Annual","A","Annual","PCT","Percent","2017","","","","6.54"
"MFN applied tariffs","TP_A_0010","Simple average MFN applied tariff - all products","398","KAZ","Kazakhstan","-","","-","-","-","-","-","A","Annual","A","Annual","PCT","Percent","2018","","","","6.37"
"MFN applied tariffs","TP_A_0010","Simple average MFN applied tariff - all products","398","KAZ","Kazakhstan","-","","-","-","-","-","-","A","Annual","A","Annual","PCT","Percent","2019","","","","6.14"
"MFN applied tariffs","TP_A_0010","Simple average MFN applied tariff - all products","398","KAZ","Kazakhstan","-","","-","-","-","-","-","A","Annual","A","Annual","PCT","Percent","2021","","","","5.66"
"MFN applied tariffs","TP_A_0010","Simple average MFN applied tariff - all products","398","KAZ","Kazakhstan","-","","-","-","-","-","-","A","Annual","A","Annual","PCT","Percent","2022","","","","6.21229311789388"
"MFN applied tariffs","TP_A_0010","Simple average MFN applied tariff - all products","398","KAZ","Kazakhstan","-","","-","-","-","-","-","A","Annual","A","Annual","PCT","Percent","2023","","","","5.55614878707038"
"MFN applied tariffs","TP_A_0010","Simple average MFN applied tariff - all products","398","KAZ","Kazakhstan","-","","-","-","-","-","-","A","Annual","A","Annual","PCT","Percent","2024","","","","5.58794560867"
"MFN applied tariffs","TP_A_0010","Simple average MFN applied tariff - all products","400","JOR","Jordan","-","","-","-","-","-","-","A","Annual","A","Annual","PCT","Percent","2015","","","","9.95"
"MFN applied tariffs","TP_A_0010","Simple average MFN applied tariff - all products","400","JOR","Jordan","-","","-","-","-","-","-","A","Annual","A","Annual","PCT","Percent","2016","","","","9.73"
"MFN applied tariffs","TP_A_0010","Simple average MFN applied tariff - all products","400","JOR","Jordan","-","","-","-","-","-","-","A","Annual","A","Annual","PCT","Percent","2017","","","","9.93"
"MFN applied tariffs","TP_A_0010","Simple average MFN applied tariff - all products","400","JOR","Jordan","-","","-","-","-","-","-","A","Annual","A","Annual","PCT","Percent","2018","","","","10.11"
"MFN applied tariffs","TP_A_0010","Simple average MFN applied tariff - all products","400","JOR","Jordan","-","","-","-","-","-","-","A","Annual","A","Annual","PCT","Percent","2019","","","","10.1"
"MFN applied tariffs","TP_A_0010","Simple average MFN applied tariff - all products","400","JOR","Jordan","-","","-","-","-","-","-","A","Annual","A","Annual","PCT","Percent","2020","","","","10.14"
"MFN applied tariffs","TP_A_0010","Simple average MFN applied tariff - all products","400","JOR","Jordan","-","","-","-","-","-","-","A","Annual","A","Annual","PCT","Percent","2023","","","","4.0001665051549"
"MFN applied tariffs","TP_A_0010","Simple average MFN applied tariff - all products","400","JOR","Jordan","-","","-","-","-","-","-","A","Annual","A","Annual","PCT","Percent","2024","","","","3.96287771374779"
"MFN applied tariffs","TP_A_0010","Simple average MFN applied tariff - all products","404","KEN","Kenya","-","","-","-","-","-","-","A","Annual","A","Annual","PCT","Percent","2015","","","","12.89"
"MFN applied tariffs","TP_A_0010","Simple average MFN applied tariff - all products","404","KEN","Kenya","-","","-","-","-","-","-","A","Annual","A","Annual","PCT","Percent","2022","","","","14.3439659826033"
"MFN applied tariffs","TP_A_0010","Simple average MFN applied tariff - all products","404","KEN","Kenya","-","","-","-","-","-","-","A","Annual","A","Annual","PCT","Percent","2023","","","","13.8448103592702"
"MFN applied tariffs","TP_A_0010","Simple average MFN applied tariff - all products","404","KEN","Kenya","-","","-","-","-","-","-","A","Annual","A","Annual","PCT","Percent","2024","","","","14.775970216048"
"MFN applied tariffs","TP_A_0010","Simple average MFN applied tariff - all products","404","KEN","Kenya","-","","-","-","-","-","-","A","Annual","A","Annual","PCT","Percent","2016","","","","12.81"
"MFN applied tariffs","TP_A_0010","Simple average MFN applied tariff - all products","404","KEN","Kenya","-","","-","-","-","-","-","A","Annual","A","Annual","PCT","Percent","2017","","","","12.83"
"MFN applied tariffs","TP_A_0010","Simple average MFN applied tariff - all products","404","KEN","Kenya","-","","-","-","-","-","-","A","Annual","A","Annual","PCT","Percent","2018","","","","13.53"
"MFN applied tariffs","TP_A_0010","Simple average MFN applied tariff - all products","404","KEN","Kenya","-","","-","-","-","-","-","A","Annual","A","Annual","PCT","Percent","2019","","","","13.4"
"MFN applied tariffs","TP_A_0010","Simple average MFN applied tariff - all products","404","KEN","Kenya","-","","-","-","-","-","-","A","Annual","A","Annual","PCT","Percent","2020","","","","13.46"
"MFN applied tariffs","TP_A_0010","Simple average MFN applied tariff - all products","404","KEN","Kenya","-","","-","-","-","-","-","A","Annual","A","Annual","PCT","Percent","2021","","","","13.22"
"MFN applied tariffs","TP_A_0010","Simple average MFN applied tariff - all products","410","KOR","Korea, Republic of","-","","-","-","-","-","-","A","Annual","A","Annual","PCT","Percent","2015","","","","13.91"
"MFN applied tariffs","TP_A_0010","Simple average MFN applied tariff - all products","410","KOR","Korea, Republic of","-","","-","-","-","-","-","A","Annual","A","Annual","PCT","Percent","2016","","","","13.9"
"MFN applied tariffs","TP_A_0010","Simple average MFN applied tariff - all products","410","KOR","Korea, Republic of","-","","-","-","-","-","-","A","Annual","A","Annual","PCT","Percent","2017","","","","13.72"
"MFN applied tariffs","TP_A_0010","Simple average MFN applied tariff - all products","410","KOR","Korea, Republic of","-","","-","-","-","-","-","A","Annual","A","Annual","PCT","Percent","2024","","","","13.4311445863543"
"MFN applied tariffs","TP_A_0010","Simple average MFN applied tariff - all products","410","KOR","Korea, Republic of","-","","-","-","-","-","-","A","Annual","A","Annual","PCT","Percent","2018","","","","13.7"
"MFN applied tariffs","TP_A_0010","Simple average MFN applied tariff - all products","410","KOR","Korea, Republic of","-","","-","-","-","-","-","A","Annual","A","Annual","PCT","Percent","2019","","","","13.59"
"MFN applied tariffs","TP_A_0010","Simple average MFN applied tariff - all products","410","KOR","Korea, Republic of","-","","-","-","-","-","-","A","Annual","A","Annual","PCT","Percent","2020","","","","13.59"
"MFN applied tariffs","TP_A_0010","Simple average MFN applied tariff - all products","410","KOR","Korea, Republic of","-","","-","-","-","-","-","A","Annual","A","Annual","PCT","Percent","2021","","","","13.58"
"MFN applied tariffs","TP_A_0010","Simple average MFN applied tariff - all products","410","KOR","Korea, Republic of","-","","-","-","-","-","-","A","Annual","A","Annual","PCT","Percent","2022","","","","13.4227968390449"
"MFN applied tariffs","TP_A_0010","Simple average MFN applied tariff - all products","410","KOR","Korea, Republic of","-","","-","-","-","-","-","A","Annual","A","Annual","PCT","Percent","2023","","","","13.4183074184864"
"MFN applied tariffs","TP_A_0010","Simple average MFN applied tariff - all products","414","KWT","Kuwait, the State of","-","","-","-","-","-","-","A","Annual","A","Annual","PCT","Percent","2015","","","","4.66"
"MFN applied tariffs","TP_A_0010","Simple average MFN applied tariff - all products","414","KWT","Kuwait, the State of","-","","-","-","-","-","-","A","Annual","A","Annual","PCT","Percent","2016","","","","4.66"
"MFN applied tariffs","TP_A_0010","Simple average MFN applied tariff - all products","414","KWT","Kuwait, the State of","-","","-","-","-","-","-","A","Annual","A","Annual","PCT","Percent","2017","","","","4.72"
"MFN applied tariffs","TP_A_0010","Simple average MFN applied tariff - all products","414","KWT","Kuwait, the State of","-","","-","-","-","-","-","A","Annual","A","Annual","PCT","Percent","2018","","","","4.65"
"MFN applied tariffs","TP_A_0010","Simple average MFN applied tariff - all products","414","KWT","Kuwait, the State of","-","","-","-","-","-","-","A","Annual","A","Annual","PCT","Percent","2019","","","","4.66"
"MFN applied tariffs","TP_A_0010","Simple average MFN applied tariff - all products","414","KWT","Kuwait, the State of","-","","-","-","-","-","-","A","Annual","A","Annual","PCT","Percent","2021","","","","4.65"
"MFN applied tariffs","TP_A_0010","Simple average MFN applied tariff - all products","414","KWT","Kuwait, the State of","-","","-","-","-","-","-","A","Annual","A","Annual","PCT","Percent","2022","","","","4.70484186802631"
"MFN applied tariffs","TP_A_0010","Simple average MFN applied tariff - all products","414","KWT","Kuwait, the State of","-","","-","-","-","-","-","A","Annual","A","Annual","PCT","Percent","2023","","","","4.70484186802631"
"MFN applied tariffs","TP_A_0010","Simple average MFN applied tariff - all products","414","KWT","Kuwait, the State of","-","","-","-","-","-","-","A","Annual","A","Annual","PCT","Percent","2024","","","","4.70484186802631"
"MFN applied tariffs","TP_A_0010","Simple average MFN applied tariff - all products","417","KGZ","Kyrgyz Republic","-","","-","-","-","-","-","A","Annual","A","Annual","PCT","Percent","2015","","","","7.43"
"MFN applied tariffs","TP_A_0010","Simple average MFN applied tariff - all products","417","KGZ","Kyrgyz Republic","-","","-","-","-","-","-","A","Annual","A","Annual","PCT","Percent","2016","","","","6.87"
"MFN applied tariffs","TP_A_0010","Simple average MFN applied tariff - all products","417","KGZ","Kyrgyz Republic","-","","-","-","-","-","-","A","Annual","A","Annual","PCT","Percent","2017","","","","6.6"
"MFN applied tariffs","TP_A_0010","Simple average MFN applied tariff - all products","417","KGZ","Kyrgyz Republic","-","","-","-","-","-","-","A","Annual","A","Annual","PCT","Percent","2018","","","","6.54"
"MFN applied tariffs","TP_A_0010","Simple average MFN applied tariff - all products","417","KGZ","Kyrgyz Republic","-","","-","-","-","-","-","A","Annual","A","Annual","PCT","Percent","2019","","","","6.57"
"MFN applied tariffs","TP_A_0010","Simple average MFN applied tariff - all products","417","KGZ","Kyrgyz Republic","-","","-","-","-","-","-","A","Annual","A","Annual","PCT","Percent","2020","","","","6.6"
"MFN applied tariffs","TP_A_0010","Simple average MFN applied tariff - all products","417","KGZ","Kyrgyz Republic","-","","-","-","-","-","-","A","Annual","A","Annual","PCT","Percent","2021","","","","6.54"
"MFN applied tariffs","TP_A_0010","Simple average MFN applied tariff - all products","417","KGZ","Kyrgyz Republic","-","","-","-","-","-","-","A","Annual","A","Annual","PCT","Percent","2022","","","","6.47809496857946"
"MFN applied tariffs","TP_A_0010","Simple average MFN applied tariff - all products","417","KGZ","Kyrgyz Republic","-","","-","-","-","-","-","A","Annual","A","Annual","PCT","Percent","2023","","","","6.42986573293925"
"MFN applied tariffs","TP_A_0010","Simple average MFN applied tariff - all products","417","KGZ","Kyrgyz Republic","-","","-","-","-","-","-","A","Annual","A","Annual","PCT","Percent","2024","","","","6.40238305140259"
"MFN applied tariffs","TP_A_0010","Simple average MFN applied tariff - all products","418","LAO","Lao People's Democratic Republic","-","","-","-","-","-","-","A","Annual","A","Annual","PCT","Percent","2015","","","","10.01"
"MFN applied tariffs","TP_A_0010","Simple average MFN applied tariff - all products","418","LAO","Lao People's Democratic Republic","-","","-","-","-","-","-","A","Annual","A","Annual","PCT","Percent","2016","","","","8.54"
"MFN applied tariffs","TP_A_0010","Simple average MFN applied tariff - all products","418","LAO","Lao People's Democratic Republic","-","","-","-","-","-","-","A","Annual","A","Annual","PCT","Percent","2017","","","","8.54"
"MFN applied tariffs","TP_A_0010","Simple average MFN applied tariff - all products","418","LAO","Lao People's Democratic Republic","-","","-","-","-","-","-","A","Annual","A","Annual","PCT","Percent","2018","","","","8.54"
"MFN applied tariffs","TP_A_0010","Simple average MFN applied tariff - all products","418","LAO","Lao People's Democratic Republic","-","","-","-","-","-","-","A","Annual","A","Annual","PCT","Percent","2019","","","","8.58"
"MFN applied tariffs","TP_A_0010","Simple average MFN applied tariff - all products","418","LAO","Lao People's Democratic Republic","-","","-","-","-","-","-","A","Annual","A","Annual","PCT","Percent","2021","","","","8.56"
"MFN applied tariffs","TP_A_0010","Simple average MFN applied tariff - all products","418","LAO","Lao People's Democratic Republic","-","","-","-","-","-","-","A","Annual","A","Annual","PCT","Percent","2022","","","","8.56123984840269"
"MFN applied tariffs","TP_A_0010","Simple average MFN applied tariff - all products","418","LAO","Lao People's Democratic Republic","-","","-","-","-","-","-","A","Annual","A","Annual","PCT","Percent","2023","","","","8.56123984840269"
"MFN applied tariffs","TP_A_0010","Simple average MFN applied tariff - all products","418","LAO","Lao People's Democratic Republic","-","","-","-","-","-","-","A","Annual","A","Annual","PCT","Percent","2024","","","","8.59593674151006"
"MFN applied tariffs","TP_A_0010","Simple average MFN applied tariff - all products","422","LBN","Lebanese Republic","-","","-","-","-","-","-","A","Annual","A","Annual","PCT","Percent","2015","","","","5.64"
"MFN applied tariffs","TP_A_0010","Simple average MFN applied tariff - all products","422","LBN","Lebanese Republic","-","","-","-","-","-","-","A","Annual","A","Annual","PCT","Percent","2023","","","","10.8443916524065"
"MFN applied tariffs","TP_A_0010","Simple average MFN applied tariff - all products","422","LBN","Lebanese Republic","-","","-","-","-","-","-","A","Annual","A","Annual","PCT","Percent","2016","","","","5.66"
"MFN applied tariffs","TP_A_0010","Simple average MFN applied tariff - all products","422","LBN","Lebanese Republic","-","","-","-","-","-","-","A","Annual","A","Annual","PCT","Percent","2017","","","","6"
"MFN applied tariffs","TP_A_0010","Simple average MFN applied tariff - all products","422","LBN","Lebanese Republic","-","","-","-","-","-","-","A","Annual","A","Annual","PCT","Percent","2018","","","","5.67"
"MFN applied tariffs","TP_A_0010","Simple average MFN applied tariff - all products","422","LBN","Lebanese Republic","-","","-","-","-","-","-","A","Annual","A","Annual","PCT","Percent","2019","","","","5.96"
"MFN applied tariffs","TP_A_0010","Simple average MFN applied tariff - all products","422","LBN","Lebanese Republic","-","","-","-","-","-","-","A","Annual","A","Annual","PCT","Percent","2020","","","","6.02"
"MFN applied tariffs","TP_A_0010","Simple average MFN applied tariff - all products","422","LBN","Lebanese Republic","-","","-","-","-","-","-","A","Annual","A","Annual","PCT","Percent","2022","","","","5.9888856621077"
"MFN applied tariffs","TP_A_0010","Simple average MFN applied tariff - all products","426","LSO","Lesotho","-","","-","-","-","-","-","A","Annual","A","Annual","PCT","Percent","2015","","","","7.59"
"MFN applied tariffs","TP_A_0010","Simple average MFN applied tariff - all products","426","LSO","Lesotho","-","","-","-","-","-","-","A","Annual","A","Annual","PCT","Percent","2016","","","","7.63"
"MFN applied tariffs","TP_A_0010","Simple average MFN applied tariff - all products","426","LSO","Lesotho","-","","-","-","-","-","-","A","Annual","A","Annual","PCT","Percent","2017","","","","7.63"
"MFN applied tariffs","TP_A_0010","Simple average MFN applied tariff - all products","426","LSO","Lesotho","-","","-","-","-","-","-","A","Annual","A","Annual","PCT","Percent","2018","","","","7.67"
"MFN applied tariffs","TP_A_0010","Simple average MFN applied tariff - all products","426","LSO","Lesotho","-","","-","-","-","-","-","A","Annual","A","Annual","PCT","Percent","2019","","","","7.67"
"MFN applied tariffs","TP_A_0010","Simple average MFN applied tariff - all products","426","LSO","Lesotho","-","","-","-","-","-","-","A","Annual","A","Annual","PCT","Percent","2020","","","","7.67"
"MFN applied tariffs","TP_A_0010","Simple average MFN applied tariff - all products","426","LSO","Lesotho","-","","-","-","-","-","-","A","Annual","A","Annual","PCT","Percent","2021","","","","7.71"
"MFN applied tariffs","TP_A_0010","Simple average MFN applied tariff - all products","426","LSO","Lesotho","-","","-","-","-","-","-","A","Annual","A","Annual","PCT","Percent","2022","","","","7.54602430859044"
"MFN applied tariffs","TP_A_0010","Simple average MFN applied tariff - all products","426","LSO","Lesotho","-","","-","-","-","-","-","A","Annual","A","Annual","PCT","Percent","2023","","","","7.52271822959535"
"MFN applied tariffs","TP_A_0010","Simple average MFN applied tariff - all products","426","LSO","Lesotho","-","","-","-","-","-","-","A","Annual","A","Annual","PCT","Percent","2024","","","","7.52819635089358"
"MFN applied tariffs","TP_A_0010","Simple average MFN applied tariff - all products","430","LBR","Liberia","-","","-","-","-","-","-","A","Annual","A","Annual","PCT","Percent","2018","","","","9.68"
"MFN applied tariffs","TP_A_0010","Simple average MFN applied tariff - all products","430","LBR","Liberia","-","","-","-","-","-","-","A","Annual","A","Annual","PCT","Percent","2019","","","","12.06"
"MFN applied tariffs","TP_A_0010","Simple average MFN applied tariff - all products","430","LBR","Liberia","-","","-","-","-","-","-","A","Annual","A","Annual","PCT","Percent","2020","","","","12.06"
"MFN applied tariffs","TP_A_0010","Simple average MFN applied tariff - all products","430","LBR","Liberia","-","","-","-","-","-","-","A","Annual","A","Annual","PCT","Percent","2021","","","","12.06"
"MFN applied tariffs","TP_A_0010","Simple average MFN applied tariff - all products","430","LBR","Liberia","-","","-","-","-","-","-","A","Annual","A","Annual","PCT","Percent","2022","","","","12.0397538880652"
"MFN applied tariffs","TP_A_0010","Simple average MFN applied tariff - all products","430","LBR","Liberia","-","","-","-","-","-","-","A","Annual","A","Annual","PCT","Percent","2023","","","","12.0397538880652"
"MFN applied tariffs","TP_A_0010","Simple average MFN applied tariff - all products","430","LBR","Liberia","-","","-","-","-","-","-","A","Annual","A","Annual","PCT","Percent","2024","","","","12.0397538880652"
"MFN applied tariffs","TP_A_0010","Simple average MFN applied tariff - all products","434","LBY","Libya","-","","-","-","-","-","-","A","Annual","A","Annual","PCT","Percent","2021","","","","5.19"
"MFN applied tariffs","TP_A_0010","Simple average MFN applied tariff - all products","434","LBY","Libya","-","","-","-","-","-","-","A","Annual","A","Annual","PCT","Percent","2022","","","","4.46185813527711"
"MFN applied tariffs","TP_A_0010","Simple average MFN applied tariff - all products","434","LBY","Libya","-","","-","-","-","-","-","A","Annual","A","Annual","PCT","Percent","2023","","","","4.46185813527711"
"MFN applied tariffs","TP_A_0010","Simple average MFN applied tariff - all products","434","LBY","Libya","-","","-","-","-","-","-","A","Annual","A","Annual","PCT","Percent","2024","","","","4.46185813527711"
"MFN applied tariffs","TP_A_0010","Simple average MFN applied tariff - all products","446","MAC","Macao, China","-","","-","-","-","-","-","A","Annual","A","Annual","PCT","Percent","2015","","","","0"
"MFN applied tariffs","TP_A_0010","Simple average MFN applied tariff - all products","446","MAC","Macao, China","-","","-","-","-","-","-","A","Annual","A","Annual","PCT","Percent","2016","","","","0"
"MFN applied tariffs","TP_A_0010","Simple average MFN applied tariff - all products","446","MAC","Macao, China","-","","-","-","-","-","-","A","Annual","A","Annual","PCT","Percent","2017","","","","0"
"MFN applied tariffs","TP_A_0010","Simple average MFN applied tariff - all products","446","MAC","Macao, China","-","","-","-","-","-","-","A","Annual","A","Annual","PCT","Percent","2018","","","","0"
"MFN applied tariffs","TP_A_0010","Simple average MFN applied tariff - all products","446","MAC","Macao, China","-","","-","-","-","-","-","A","Annual","A","Annual","PCT","Percent","2019","","","","0"
"MFN applied tariffs","TP_A_0010","Simple average MFN applied tariff - all products","446","MAC","Macao, China","-","","-","-","-","-","-","A","Annual","A","Annual","PCT","Percent","2020","","","","0"
"MFN applied tariffs","TP_A_0010","Simple average MFN applied tariff - all products","446","MAC","Macao, China","-","","-","-","-","-","-","A","Annual","A","Annual","PCT","Percent","2021","","","","0"
"MFN applied tariffs","TP_A_0010","Simple average MFN applied tariff - all products","446","MAC","Macao, China","-","","-","-","-","-","-","A","Annual","A","Annual","PCT","Percent","2022","","","","0"
"MFN applied tariffs","TP_A_0010","Simple average MFN applied tariff - all products","446","MAC","Macao, China","-","","-","-","-","-","-","A","Annual","A","Annual","PCT","Percent","2023","","","","0"
"MFN applied tariffs","TP_A_0010","Simple average MFN applied tariff - all products","446","MAC","Macao, China","-","","-","-","-","-","-","A","Annual","A","Annual","PCT","Percent","2024","","","","0"
"MFN applied tariffs","TP_A_0010","Simple average MFN applied tariff - all products","450","MDG","Madagascar","-","","-","-","-","-","-","A","Annual","A","Annual","PCT","Percent","2015","","","","11.74"
"MFN applied tariffs","TP_A_0010","Simple average MFN applied tariff - all products","450","MDG","Madagascar","-","","-","-","-","-","-","A","Annual","A","Annual","PCT","Percent","2016","","","","11.66"
"MFN applied tariffs","TP_A_0010","Simple average MFN applied tariff - all products","450","MDG","Madagascar","-","","-","-","-","-","-","A","Annual","A","Annual","PCT","Percent","2017","","","","11.63"
"MFN applied tariffs","TP_A_0010","Simple average MFN applied tariff - all products","450","MDG","Madagascar","-","","-","-","-","-","-","A","Annual","A","Annual","PCT","Percent","2018","","","","11.64"
"MFN applied tariffs","TP_A_0010","Simple average MFN applied tariff - all products","450","MDG","Madagascar","-","","-","-","-","-","-","A","Annual","A","Annual","PCT","Percent","2019","","","","11.64"
"MFN applied tariffs","TP_A_0010","Simple average MFN applied tariff - all products","450","MDG","Madagascar","-","","-","-","-","-","-","A","Annual","A","Annual","PCT","Percent","2021","","","","11.65"
"MFN applied tariffs","TP_A_0010","Simple average MFN applied tariff - all products","450","MDG","Madagascar","-","","-","-","-","-","-","A","Annual","A","Annual","PCT","Percent","2022","","","","11.8119774685818"
"MFN applied tariffs","TP_A_0010","Simple average MFN applied tariff - all products","450","MDG","Madagascar","-","","-","-","-","-","-","A","Annual","A","Annual","PCT","Percent","2023","","","","11.9865218510582"
"MFN applied tariffs","TP_A_0010","Simple average MFN applied tariff - all products","450","MDG","Madagascar","-","","-","-","-","-","-","A","Annual","A","Annual","PCT","Percent","2024","","","","12.0112490033991"
"MFN applied tariffs","TP_A_0010","Simple average MFN applied tariff - all products","454","MWI","Malawi","-","","-","-","-","-","-","A","Annual","A","Annual","PCT","Percent","2015","","","","12.57"
"MFN applied tariffs","TP_A_0010","Simple average MFN applied tariff - all products","454","MWI","Malawi","-","","-","-","-","-","-","A","Annual","A","Annual","PCT","Percent","2016","","","","12.37"
"MFN applied tariffs","TP_A_0010","Simple average MFN applied tariff - all products","454","MWI","Malawi","-","","-","-","-","-","-","A","Annual","A","Annual","PCT","Percent","2017","","","","12.37"
"MFN applied tariffs","TP_A_0010","Simple average MFN applied tariff - all products","454","MWI","Malawi","-","","-","-","-","-","-","A","Annual","A","Annual","PCT","Percent","2019","","","","12.18"
"MFN applied tariffs","TP_A_0010","Simple average MFN applied tariff - all products","454","MWI","Malawi","-","","-","-","-","-","-","A","Annual","A","Annual","PCT","Percent","2021","","","","12.18"
"MFN applied tariffs","TP_A_0010","Simple average MFN applied tariff - all products","454","MWI","Malawi","-","","-","-","-","-","-","A","Annual","A","Annual","PCT","Percent","2022","","","","12.183166705246"
"MFN applied tariffs","TP_A_0010","Simple average MFN applied tariff - all products","454","MWI","Malawi","-","","-","-","-","-","-","A","Annual","A","Annual","PCT","Percent","2023","","","","12.1521967500743"
"MFN applied tariffs","TP_A_0010","Simple average MFN applied tariff - all products","458","MYS","Malaysia","-","","-","-","-","-","-","A","Annual","A","Annual","PCT","Percent","2016","","","","5.82"
"MFN applied tariffs","TP_A_0010","Simple average MFN applied tariff - all products","458","MYS","Malaysia","-","","-","-","-","-","-","A","Annual","A","Annual","PCT","Percent","2017","","","","5.64"
"MFN applied tariffs","TP_A_0010","Simple average MFN applied tariff - all products","458","MYS","Malaysia","-","","-","-","-","-","-","A","Annual","A","Annual","PCT","Percent","2019","","","","5.59"
"MFN applied tariffs","TP_A_0010","Simple average MFN applied tariff - all products","458","MYS","Malaysia","-","","-","-","-","-","-","A","Annual","A","Annual","PCT","Percent","2020","","","","5.73"
"MFN applied tariffs","TP_A_0010","Simple average MFN applied tariff - all products","458","MYS","Malaysia","-","","-","-","-","-","-","A","Annual","A","Annual","PCT","Percent","2021","","","","5.6"
"MFN applied tariffs","TP_A_0010","Simple average MFN applied tariff - all products","458","MYS","Malaysia","-","","-","-","-","-","-","A","Annual","A","Annual","PCT","Percent","2022","","","","5.62323202009618"
"MFN applied tariffs","TP_A_0010","Simple average MFN applied tariff - all products","458","MYS","Malaysia","-","","-","-","-","-","-","A","Annual","A","Annual","PCT","Percent","2023","","","","5.56496365623549"
"MFN applied tariffs","TP_A_0010","Simple average MFN applied tariff - all products","458","MYS","Malaysia","-","","-","-","-","-","-","A","Annual","A","Annual","PCT","Percent","2024","","","","5.49965676074717"
"MFN applied tariffs","TP_A_0010","Simple average MFN applied tariff - all products","462","MDV","Maldives","-","","-","-","-","-","-","A","Annual","A","Annual","PCT","Percent","2017","","","","12.97"
"MFN applied tariffs","TP_A_0010","Simple average MFN applied tariff - all products","462","MDV","Maldives","-","","-","-","-","-","-","A","Annual","A","Annual","PCT","Percent","2018","","","","12.96"
"MFN applied tariffs","TP_A_0010","Simple average MFN applied tariff - all products","462","MDV","Maldives","-","","-","-","-","-","-","A","Annual","A","Annual","PCT","Percent","2019","","","","12.95"
"MFN applied tariffs","TP_A_0010","Simple average MFN applied tariff - all products","462","MDV","Maldives","-","","-","-","-","-","-","A","Annual","A","Annual","PCT","Percent","2021","","","","11.4"
"MFN applied tariffs","TP_A_0010","Simple average MFN applied tariff - all products","462","MDV","Maldives","-","","-","-","-","-","-","A","Annual","A","Annual","PCT","Percent","2022","","","","11.7301599695946"
"MFN applied tariffs","TP_A_0010","Simple average MFN applied tariff - all products","462","MDV","Maldives","-","","-","-","-","-","-","A","Annual","A","Annual","PCT","Percent","2023","","","","11.5956470502383"
"MFN applied tariffs","TP_A_0010","Simple average MFN applied tariff - all products","462","MDV","Maldives","-","","-","-","-","-","-","A","Annual","A","Annual","PCT","Percent","2024","","","","11.7428612675548"
"MFN applied tariffs","TP_A_0010","Simple average MFN applied tariff - all products","466","MLI","Mali","-","","-","-","-","-","-","A","Annual","A","Annual","PCT","Percent","2015","","","","12.16"
"MFN applied tariffs","TP_A_0010","Simple average MFN applied tariff - all products","466","MLI","Mali","-","","-","-","-","-","-","A","Annual","A","Annual","PCT","Percent","2016","","","","12.16"
"MFN applied tariffs","TP_A_0010","Simple average MFN applied tariff - all products","466","MLI","Mali","-","","-","-","-","-","-","A","Annual","A","Annual","PCT","Percent","2017","","","","12.16"
"MFN applied tariffs","TP_A_0010","Simple average MFN applied tariff - all products","466","MLI","Mali","-","","-","-","-","-","-","A","Annual","A","Annual","PCT","Percent","2024","","","","12.0397538880652"
"MFN applied tariffs","TP_A_0010","Simple average MFN applied tariff - all products","466","MLI","Mali","-","","-","-","-","-","-","A","Annual","A","Annual","PCT","Percent","2018","","","","12.06"
"MFN applied tariffs","TP_A_0010","Simple average MFN applied tariff - all products","466","MLI","Mali","-","","-","-","-","-","-","A","Annual","A","Annual","PCT","Percent","2019","","","","12.06"
"MFN applied tariffs","TP_A_0010","Simple average MFN applied tariff - all products","466","MLI","Mali","-","","-","-","-","-","-","A","Annual","A","Annual","PCT","Percent","2020","","","","12.06"
"MFN applied tariffs","TP_A_0010","Simple average MFN applied tariff - all products","466","MLI","Mali","-","","-","-","-","-","-","A","Annual","A","Annual","PCT","Percent","2021","","","","12.06"
"MFN applied tariffs","TP_A_0010","Simple average MFN applied tariff - all products","466","MLI","Mali","-","","-","-","-","-","-","A","Annual","A","Annual","PCT","Percent","2022","","","","12.0397538880652"
"MFN applied tariffs","TP_A_0010","Simple average MFN applied tariff - all products","466","MLI","Mali","-","","-","-","-","-","-","A","Annual","A","Annual","PCT","Percent","2023","","","","12.0397538880652"
"MFN applied tariffs","TP_A_0010","Simple average MFN applied tariff - all products","478","MRT","Mauritania","-","","-","-","-","-","-","A","Annual","A","Annual","PCT","Percent","2015","","","","12.04"
"MFN applied tariffs","TP_A_0010","Simple average MFN applied tariff - all products","478","MRT","Mauritania","-","","-","-","-","-","-","A","Annual","A","Annual","PCT","Percent","2018","","","","12.08"
"MFN applied tariffs","TP_A_0010","Simple average MFN applied tariff - all products","478","MRT","Mauritania","-","","-","-","-","-","-","A","Annual","A","Annual","PCT","Percent","2019","","","","12.08"
"MFN applied tariffs","TP_A_0010","Simple average MFN applied tariff - all products","478","MRT","Mauritania","-","","-","-","-","-","-","A","Annual","A","Annual","PCT","Percent","2021","","","","11.9701919336388"
"MFN applied tariffs","TP_A_0010","Simple average MFN applied tariff - all products","478","MRT","Mauritania","-","","-","-","-","-","-","A","Annual","A","Annual","PCT","Percent","2023","","","","11.9909556420186"
"MFN applied tariffs","TP_A_0010","Simple average MFN applied tariff - all products","480","MUS","Mauritius","-","","-","-","-","-","-","A","Annual","A","Annual","PCT","Percent","2021","","","","0.8"
"MFN applied tariffs","TP_A_0010","Simple average MFN applied tariff - all products","480","MUS","Mauritius","-","","-","-","-","-","-","A","Annual","A","Annual","PCT","Percent","2022","","","","0.815679656884433"
"MFN applied tariffs","TP_A_0010","Simple average MFN applied tariff - all products","480","MUS","Mauritius","-","","-","-","-","-","-","A","Annual","A","Annual","PCT","Percent","2023","","","","0.814821844228367"
"MFN applied tariffs","TP_A_0010","Simple average MFN applied tariff - all products","480","MUS","Mauritius","-","","-","-","-","-","-","A","Annual","A","Annual","PCT","Percent","2024","","","","0.807323817393324"
"MFN applied tariffs","TP_A_0010","Simple average MFN applied tariff - all products","480","MUS","Mauritius","-","","-","-","-","-","-","A","Annual","A","Annual","PCT","Percent","2015","","","","1.01"
"MFN applied tariffs","TP_A_0010","Simple average MFN applied tariff - all products","480","MUS","Mauritius","-","","-","-","-","-","-","A","Annual","A","Annual","PCT","Percent","2016","","","","1.01"
"MFN applied tariffs","TP_A_0010","Simple average MFN applied tariff - all products","480","MUS","Mauritius","-","","-","-","-","-","-","A","Annual","A","Annual","PCT","Percent","2017","","","","0.74"
"MFN applied tariffs","TP_A_0010","Simple average MFN applied tariff - all products","480","MUS","Mauritius","-","","-","-","-","-","-","A","Annual","A","Annual","PCT","Percent","2018","","","","0.78"
"MFN applied tariffs","TP_A_0010","Simple average MFN applied tariff - all products","480","MUS","Mauritius","-","","-","-","-","-","-","A","Annual","A","Annual","PCT","Percent","2019","","","","0.78"
"MFN applied tariffs","TP_A_0010","Simple average MFN applied tariff - all products","480","MUS","Mauritius","-","","-","-","-","-","-","A","Annual","A","Annual","PCT","Percent","2020","","","","0.78"
"MFN applied tariffs","TP_A_0010","Simple average MFN applied tariff - all products","484","MEX","Mexico","-","","-","-","-","-","-","A","Annual","A","Annual","PCT","Percent","2015","","","","7.11"
"MFN applied tariffs","TP_A_0010","Simple average MFN applied tariff - all products","484","MEX","Mexico","-","","-","-","-","-","-","A","Annual","A","Annual","PCT","Percent","2016","","","","7.01"
"MFN applied tariffs","TP_A_0010","Simple average MFN applied tariff - all products","484","MEX","Mexico","-","","-","-","-","-","-","A","Annual","A","Annual","PCT","Percent","2023","","","","6.77636665093192"
"MFN applied tariffs","TP_A_0010","Simple average MFN applied tariff - all products","484","MEX","Mexico","-","","-","-","-","-","-","A","Annual","A","Annual","PCT","Percent","2024","","","","7.4094501541507"
"MFN applied tariffs","TP_A_0010","Simple average MFN applied tariff - all products","484","MEX","Mexico","-","","-","-","-","-","-","A","Annual","A","Annual","PCT","Percent","2017","","","","6.91"
"MFN applied tariffs","TP_A_0010","Simple average MFN applied tariff - all products","484","MEX","Mexico","-","","-","-","-","-","-","A","Annual","A","Annual","PCT","Percent","2018","","","","6.98"
"MFN applied tariffs","TP_A_0010","Simple average MFN applied tariff - all products","484","MEX","Mexico","-","","-","-","-","-","-","A","Annual","A","Annual","PCT","Percent","2019","","","","7.09"
"MFN applied tariffs","TP_A_0010","Simple average MFN applied tariff - all products","484","MEX","Mexico","-","","-","-","-","-","-","A","Annual","A","Annual","PCT","Percent","2020","","","","7.11"
"MFN applied tariffs","TP_A_0010","Simple average MFN applied tariff - all products","484","MEX","Mexico","-","","-","-","-","-","-","A","Annual","A","Annual","PCT","Percent","2021","","","","7.06"
"MFN applied tariffs","TP_A_0010","Simple average MFN applied tariff - all products","484","MEX","Mexico","-","","-","-","-","-","-","A","Annual","A","Annual","PCT","Percent","2022","","","","7.06083947460699"
"MFN applied tariffs","TP_A_0010","Simple average MFN applied tariff - all products","496","MNG","Mongolia","-","","-","-","-","-","-","A","Annual","A","Annual","PCT","Percent","2015","","","","4.98"
"MFN applied tariffs","TP_A_0010","Simple average MFN applied tariff - all products","496","MNG","Mongolia","-","","-","-","-","-","-","A","Annual","A","Annual","PCT","Percent","2016","","","","5.18"
"MFN applied tariffs","TP_A_0010","Simple average MFN applied tariff - all products","496","MNG","Mongolia","-","","-","-","-","-","-","A","Annual","A","Annual","PCT","Percent","2017","","","","5.18"
"MFN applied tariffs","TP_A_0010","Simple average MFN applied tariff - all products","496","MNG","Mongolia","-","","-","-","-","-","-","A","Annual","A","Annual","PCT","Percent","2018","","","","5.22"
"MFN applied tariffs","TP_A_0010","Simple average MFN applied tariff - all products","496","MNG","Mongolia","-","","-","-","-","-","-","A","Annual","A","Annual","PCT","Percent","2019","","","","5.22"
"MFN applied tariffs","TP_A_0010","Simple average MFN applied tariff - all products","496","MNG","Mongolia","-","","-","-","-","-","-","A","Annual","A","Annual","PCT","Percent","2020","","","","5.23"
"MFN applied tariffs","TP_A_0010","Simple average MFN applied tariff - all products","496","MNG","Mongolia","-","","-","-","-","-","-","A","Annual","A","Annual","PCT","Percent","2021","","","","5.2"
"MFN applied tariffs","TP_A_0010","Simple average MFN applied tariff - all products","496","MNG","Mongolia","-","","-","-","-","-","-","A","Annual","A","Annual","PCT","Percent","2022","","","","5.19924786435184"
"MFN applied tariffs","TP_A_0010","Simple average MFN applied tariff - all products","496","MNG","Mongolia","-","","-","-","-","-","-","A","Annual","A","Annual","PCT","Percent","2023","","","","5.20269668669885"
"MFN applied tariffs","TP_A_0010","Simple average MFN applied tariff - all products","496","MNG","Mongolia","-","","-","-","-","-","-","A","Annual","A","Annual","PCT","Percent","2024","","","","5.20015630372519"
"MFN applied tariffs","TP_A_0010","Simple average MFN applied tariff - all products","498","MDA","Moldova, Republic of","-","","-","-","-","-","-","A","Annual","A","Annual","PCT","Percent","2015","","","","5.45"
"MFN applied tariffs","TP_A_0010","Simple average MFN applied tariff - all products","498","MDA","Moldova, Republic of","-","","-","-","-","-","-","A","Annual","A","Annual","PCT","Percent","2016","","","","5.42"
"MFN applied tariffs","TP_A_0010","Simple average MFN applied tariff - all products","498","MDA","Moldova, Republic of","-","","-","-","-","-","-","A","Annual","A","Annual","PCT","Percent","2017","","","","5.32"
"MFN applied tariffs","TP_A_0010","Simple average MFN applied tariff - all products","498","MDA","Moldova, Republic of","-","","-","-","-","-","-","A","Annual","A","Annual","PCT","Percent","2018","","","","5.35"
"MFN applied tariffs","TP_A_0010","Simple average MFN applied tariff - all products","498","MDA","Moldova, Republic of","-","","-","-","-","-","-","A","Annual","A","Annual","PCT","Percent","2019","","","","5.34"
"MFN applied tariffs","TP_A_0010","Simple average MFN applied tariff - all products","498","MDA","Moldova, Republic of","-","","-","-","-","-","-","A","Annual","A","Annual","PCT","Percent","2020","","","","5.34"
"MFN applied tariffs","TP_A_0010","Simple average MFN applied tariff - all products","498","MDA","Moldova, Republic of","-","","-","-","-","-","-","A","Annual","A","Annual","PCT","Percent","2021","","","","5.35"
"MFN applied tariffs","TP_A_0010","Simple average MFN applied tariff - all products","498","MDA","Moldova, Republic of","-","","-","-","-","-","-","A","Annual","A","Annual","PCT","Percent","2022","","","","5.32963670481613"
"MFN applied tariffs","TP_A_0010","Simple average MFN applied tariff - all products","498","MDA","Moldova, Republic of","-","","-","-","-","-","-","A","Annual","A","Annual","PCT","Percent","2024","","","","5.40972642435696"
"MFN applied tariffs","TP_A_0010","Simple average MFN applied tariff - all products","504","MAR","Morocco","-","","-","-","-","-","-","A","Annual","A","Annual","PCT","Percent","2015","","","","11.54"
"MFN applied tariffs","TP_A_0010","Simple average MFN applied tariff - all products","504","MAR","Morocco","-","","-","-","-","-","-","A","Annual","A","Annual","PCT","Percent","2016","","","","11.54"
"MFN applied tariffs","TP_A_0010","Simple average MFN applied tariff - all products","504","MAR","Morocco","-","","-","-","-","-","-","A","Annual","A","Annual","PCT","Percent","2017","","","","11.42"
"MFN applied tariffs","TP_A_0010","Simple average MFN applied tariff - all products","504","MAR","Morocco","-","","-","-","-","-","-","A","Annual","A","Annual","PCT","Percent","2019","","","","11.42"
"MFN applied tariffs","TP_A_0010","Simple average MFN applied tariff - all products","504","MAR","Morocco","-","","-","-","-","-","-","A","Annual","A","Annual","PCT","Percent","2020","","","","12.34"
"MFN applied tariffs","TP_A_0010","Simple average MFN applied tariff - all products","504","MAR","Morocco","-","","-","-","-","-","-","A","Annual","A","Annual","PCT","Percent","2021","","","","14.23"
"MFN applied tariffs","TP_A_0010","Simple average MFN applied tariff - all products","504","MAR","Morocco","-","","-","-","-","-","-","A","Annual","A","Annual","PCT","Percent","2022","","","","13.9751231821359"
"MFN applied tariffs","TP_A_0010","Simple average MFN applied tariff - all products","504","MAR","Morocco","-","","-","-","-","-","-","A","Annual","A","Annual","PCT","Percent","2023","","","","13.9836411890838"
"MFN applied tariffs","TP_A_0010","Simple average MFN applied tariff - all products","504","MAR","Morocco","-","","-","-","-","-","-","A","Annual","A","Annual","PCT","Percent","2024","","","","12.3288481242074"
"MFN applied tariffs","TP_A_0010","Simple average MFN applied tariff - all products","508","MOZ","Mozambique","-","","-","-","-","-","-","A","Annual","A","Annual","PCT","Percent","2024","","","","10.2694026255334"
"MFN applied tariffs","TP_A_0010","Simple average MFN applied tariff - all products","508","MOZ","Mozambique","-","","-","-","-","-","-","A","Annual","A","Annual","PCT","Percent","2016","","","","10.06"
"MFN applied tariffs","TP_A_0010","Simple average MFN applied tariff - all products","508","MOZ","Mozambique","-","","-","-","-","-","-","A","Annual","A","Annual","PCT","Percent","2018","","","","10.31"
"MFN applied tariffs","TP_A_0010","Simple average MFN applied tariff - all products","508","MOZ","Mozambique","-","","-","-","-","-","-","A","Annual","A","Annual","PCT","Percent","2019","","","","10.31"
"MFN applied tariffs","TP_A_0010","Simple average MFN applied tariff - all products","508","MOZ","Mozambique","-","","-","-","-","-","-","A","Annual","A","Annual","PCT","Percent","2021","","","","10.31"
"MFN applied tariffs","TP_A_0010","Simple average MFN applied tariff - all products","508","MOZ","Mozambique","-","","-","-","-","-","-","A","Annual","A","Annual","PCT","Percent","2022","","","","10.3110675452163"
"MFN applied tariffs","TP_A_0010","Simple average MFN applied tariff - all products","508","MOZ","Mozambique","-","","-","-","-","-","-","A","Annual","A","Annual","PCT","Percent","2023","","","","10.2694026255334"
"MFN applied tariffs","TP_A_0010","Simple average MFN applied tariff - all products","512","OMN","Oman","-","","-","-","-","-","-","A","Annual","A","Annual","PCT","Percent","2015","","","","5.54"
"MFN applied tariffs","TP_A_0010","Simple average MFN applied tariff - all products","512","OMN","Oman","-","","-","-","-","-","-","A","Annual","A","Annual","PCT","Percent","2016","","","","5.55"
"MFN applied tariffs","TP_A_0010","Simple average MFN applied tariff - all products","512","OMN","Oman","-","","-","-","-","-","-","A","Annual","A","Annual","PCT","Percent","2017","","","","5.62"
"MFN applied tariffs","TP_A_0010","Simple average MFN applied tariff - all products","512","OMN","Oman","-","","-","-","-","-","-","A","Annual","A","Annual","PCT","Percent","2018","","","","5.61"
"MFN applied tariffs","TP_A_0010","Simple average MFN applied tariff - all products","512","OMN","Oman","-","","-","-","-","-","-","A","Annual","A","Annual","PCT","Percent","2019","","","","5.62"
"MFN applied tariffs","TP_A_0010","Simple average MFN applied tariff - all products","512","OMN","Oman","-","","-","-","-","-","-","A","Annual","A","Annual","PCT","Percent","2021","","","","5.58"
"MFN applied tariffs","TP_A_0010","Simple average MFN applied tariff - all products","512","OMN","Oman","-","","-","-","-","-","-","A","Annual","A","Annual","PCT","Percent","2022","","","","5.61952689119537"
"MFN applied tariffs","TP_A_0010","Simple average MFN applied tariff - all products","512","OMN","Oman","-","","-","-","-","-","-","A","Annual","A","Annual","PCT","Percent","2023","","","","5.58876660922662"
"MFN applied tariffs","TP_A_0010","Simple average MFN applied tariff - all products","512","OMN","Oman","-","","-","-","-","-","-","A","Annual","A","Annual","PCT","Percent","2024","","","","5.61710967853419"
"MFN applied tariffs","TP_A_0010","Simple average MFN applied tariff - all products","516","NAM","Namibia","-","","-","-","-","-","-","A","Annual","A","Annual","PCT","Percent","2015","","","","7.6"
"MFN applied tariffs","TP_A_0010","Simple average MFN applied tariff - all products","516","NAM","Namibia","-","","-","-","-","-","-","A","Annual","A","Annual","PCT","Percent","2016","","","","7.64"
"MFN applied tariffs","TP_A_0010","Simple average MFN applied tariff - all products","516","NAM","Namibia","-","","-","-","-","-","-","A","Annual","A","Annual","PCT","Percent","2017","","","","7.64"
"MFN applied tariffs","TP_A_0010","Simple average MFN applied tariff - all products","516","NAM","Namibia","-","","-","-","-","-","-","A","Annual","A","Annual","PCT","Percent","2018","","","","7.7"
"MFN applied tariffs","TP_A_0010","Simple average MFN applied tariff - all products","516","NAM","Namibia","-","","-","-","-","-","-","A","Annual","A","Annual","PCT","Percent","2019","","","","7.67"
"MFN applied tariffs","TP_A_0010","Simple average MFN applied tariff - all products","516","NAM","Namibia","-","","-","-","-","-","-","A","Annual","A","Annual","PCT","Percent","2020","","","","7.7"
"MFN applied tariffs","TP_A_0010","Simple average MFN applied tariff - all products","516","NAM","Namibia","-","","-","-","-","-","-","A","Annual","A","Annual","PCT","Percent","2021","","","","7.73"
"MFN applied tariffs","TP_A_0010","Simple average MFN applied tariff - all products","516","NAM","Namibia","-","","-","-","-","-","-","A","Annual","A","Annual","PCT","Percent","2022","","","","7.55516620465846"
"MFN applied tariffs","TP_A_0010","Simple average MFN applied tariff - all products","516","NAM","Namibia","-","","-","-","-","-","-","A","Annual","A","Annual","PCT","Percent","2023","","","","7.52482313394061"
"MFN applied tariffs","TP_A_0010","Simple average MFN applied tariff - all products","516","NAM","Namibia","-","","-","-","-","-","-","A","Annual","A","Annual","PCT","Percent","2024","","","","7.52941214661358"
"MFN applied tariffs","TP_A_0010","Simple average MFN applied tariff - all products","520","NRU","Nauru","-","","-","-","-","-","-","A","Annual","A","Annual","PCT","Percent","2016","","","","11.9"
"MFN applied tariffs","TP_A_0010","Simple average MFN applied tariff - all products","520","NRU","Nauru","-","","-","-","-","-","-","A","Annual","A","Annual","PCT","Percent","2017","","","","12.15"
"MFN applied tariffs","TP_A_0010","Simple average MFN applied tariff - all products","520","NRU","Nauru","-","","-","-","-","-","-","A","Annual","A","Annual","PCT","Percent","2018","","","","12.28"
"MFN applied tariffs","TP_A_0010","Simple average MFN applied tariff - all products","520","NRU","Nauru","-","","-","-","-","-","-","A","Annual","A","Annual","PCT","Percent","2019","","","","12.72"
"MFN applied tariffs","TP_A_0010","Simple average MFN applied tariff - all products","520","NRU","Nauru","-","","-","-","-","-","-","A","Annual","A","Annual","PCT","Percent","2021","","","","12.95"
"MFN applied tariffs","TP_A_0010","Simple average MFN applied tariff - all products","520","NRU","Nauru","-","","-","-","-","-","-","A","Annual","A","Annual","PCT","Percent","2022","","","","12.8739396965603"
"MFN applied tariffs","TP_A_0010","Simple average MFN applied tariff - all products","520","NRU","Nauru","-","","-","-","-","-","-","A","Annual","A","Annual","PCT","Percent","2023","","","","12.5946922814903"
"MFN applied tariffs","TP_A_0010","Simple average MFN applied tariff - all products","520","NRU","Nauru","-","","-","-","-","-","-","A","Annual","A","Annual","PCT","Percent","2024","","","","10.7851975258174"
"MFN applied tariffs","TP_A_0010","Simple average MFN applied tariff - all products","524","NPL","Nepal","-","","-","-","-","-","-","A","Annual","A","Annual","PCT","Percent","2015","","","","12.31"
"MFN applied tariffs","TP_A_0010","Simple average MFN applied tariff - all products","524","NPL","Nepal","-","","-","-","-","-","-","A","Annual","A","Annual","PCT","Percent","2016","","","","12.08"
"MFN applied tariffs","TP_A_0010","Simple average MFN applied tariff - all products","524","NPL","Nepal","-","","-","-","-","-","-","A","Annual","A","Annual","PCT","Percent","2018","","","","12.11"
"MFN applied tariffs","TP_A_0010","Simple average MFN applied tariff - all products","524","NPL","Nepal","-","","-","-","-","-","-","A","Annual","A","Annual","PCT","Percent","2019","","","","12.2"
"MFN applied tariffs","TP_A_0010","Simple average MFN applied tariff - all products","524","NPL","Nepal","-","","-","-","-","-","-","A","Annual","A","Annual","PCT","Percent","2021","","","","12.67"
"MFN applied tariffs","TP_A_0010","Simple average MFN applied tariff - all products","524","NPL","Nepal","-","","-","-","-","-","-","A","Annual","A","Annual","PCT","Percent","2022","","","","12.5894854563117"
"MFN applied tariffs","TP_A_0010","Simple average MFN applied tariff - all products","524","NPL","Nepal","-","","-","-","-","-","-","A","Annual","A","Annual","PCT","Percent","2023","","","","12.7366742677233"
"MFN applied tariffs","TP_A_0010","Simple average MFN applied tariff - all products","524","NPL","Nepal","-","","-","-","-","-","-","A","Annual","A","Annual","PCT","Percent","2024","","","","12.8554560603742"
"MFN applied tariffs","TP_A_0010","Simple average MFN applied tariff - all products","548","VUT","Vanuatu","-","","-","-","-","-","-","A","Annual","A","Annual","PCT","Percent","2015","","","","7.45"
"MFN applied tariffs","TP_A_0010","Simple average MFN applied tariff - all products","548","VUT","Vanuatu","-","","-","-","-","-","-","A","Annual","A","Annual","PCT","Percent","2016","","","","7.46"
"MFN applied tariffs","TP_A_0010","Simple average MFN applied tariff - all products","548","VUT","Vanuatu","-","","-","-","-","-","-","A","Annual","A","Annual","PCT","Percent","2017","","","","9.16"
"MFN applied tariffs","TP_A_0010","Simple average MFN applied tariff - all products","548","VUT","Vanuatu","-","","-","-","-","-","-","A","Annual","A","Annual","PCT","Percent","2018","","","","9.16"
"MFN applied tariffs","TP_A_0010","Simple average MFN applied tariff - all products","548","VUT","Vanuatu","-","","-","-","-","-","-","A","Annual","A","Annual","PCT","Percent","2020","","","","9.16"
"MFN applied tariffs","TP_A_0010","Simple average MFN applied tariff - all products","548","VUT","Vanuatu","-","","-","-","-","-","-","A","Annual","A","Annual","PCT","Percent","2021","","","","9.16"
"MFN applied tariffs","TP_A_0010","Simple average MFN applied tariff - all products","548","VUT","Vanuatu","-","","-","-","-","-","-","A","Annual","A","Annual","PCT","Percent","2022","","","","9.16170627552915"
"MFN applied tariffs","TP_A_0010","Simple average MFN applied tariff - all products","548","VUT","Vanuatu","-","","-","-","-","-","-","A","Annual","A","Annual","PCT","Percent","2023","","","","9.03327689939975"
"MFN applied tariffs","TP_A_0010","Simple average MFN applied tariff - all products","548","VUT","Vanuatu","-","","-","-","-","-","-","A","Annual","A","Annual","PCT","Percent","2024","","","","9.03287637316378"
"MFN applied tariffs","TP_A_0010","Simple average MFN applied tariff - all products","554","NZL","New Zealand","-","","-","-","-","-","-","A","Annual","A","Annual","PCT","Percent","2015","","","","2.04"
"MFN applied tariffs","TP_A_0010","Simple average MFN applied tariff - all products","554","NZL","New Zealand","-","","-","-","-","-","-","A","Annual","A","Annual","PCT","Percent","2016","","","","2.04"
"MFN applied tariffs","TP_A_0010","Simple average MFN applied tariff - all products","554","NZL","New Zealand","-","","-","-","-","-","-","A","Annual","A","Annual","PCT","Percent","2017","","","","2.01"
"MFN applied tariffs","TP_A_0010","Simple average MFN applied tariff - all products","554","NZL","New Zealand","-","","-","-","-","-","-","A","Annual","A","Annual","PCT","Percent","2018","","","","1.98"
"MFN applied tariffs","TP_A_0010","Simple average MFN applied tariff - all products","554","NZL","New Zealand","-","","-","-","-","-","-","A","Annual","A","Annual","PCT","Percent","2019","","","","1.98"
"MFN applied tariffs","TP_A_0010","Simple average MFN applied tariff - all products","554","NZL","New Zealand","-","","-","-","-","-","-","A","Annual","A","Annual","PCT","Percent","2020","","","","1.93"
"MFN applied tariffs","TP_A_0010","Simple average MFN applied tariff - all products","554","NZL","New Zealand","-","","-","-","-","-","-","A","Annual","A","Annual","PCT","Percent","2021","","","","1.93"
"MFN applied tariffs","TP_A_0010","Simple average MFN applied tariff - all products","554","NZL","New Zealand","-","","-","-","-","-","-","A","Annual","A","Annual","PCT","Percent","2022","","","","1.91541632481951"
"MFN applied tariffs","TP_A_0010","Simple average MFN applied tariff - all products","554","NZL","New Zealand","-","","-","-","-","-","-","A","Annual","A","Annual","PCT","Percent","2023","","","","1.91341241097319"
"MFN applied tariffs","TP_A_0010","Simple average MFN applied tariff - all products","554","NZL","New Zealand","-","","-","-","-","-","-","A","Annual","A","Annual","PCT","Percent","2024","","","","1.91353504559449"
"MFN applied tariffs","TP_A_0010","Simple average MFN applied tariff - all products","558","NIC","Nicaragua","-","","-","-","-","-","-","A","Annual","A","Annual","PCT","Percent","2015","","","","5.72"
"MFN applied tariffs","TP_A_0010","Simple average MFN applied tariff - all products","558","NIC","Nicaragua","-","","-","-","-","-","-","A","Annual","A","Annual","PCT","Percent","2016","","","","5.73"
"MFN applied tariffs","TP_A_0010","Simple average MFN applied tariff - all products","558","NIC","Nicaragua","-","","-","-","-","-","-","A","Annual","A","Annual","PCT","Percent","2017","","","","5.68"
"MFN applied tariffs","TP_A_0010","Simple average MFN applied tariff - all products","558","NIC","Nicaragua","-","","-","-","-","-","-","A","Annual","A","Annual","PCT","Percent","2018","","","","5.68"
"MFN applied tariffs","TP_A_0010","Simple average MFN applied tariff - all products","558","NIC","Nicaragua","-","","-","-","-","-","-","A","Annual","A","Annual","PCT","Percent","2019","","","","5.68"
"MFN applied tariffs","TP_A_0010","Simple average MFN applied tariff - all products","558","NIC","Nicaragua","-","","-","-","-","-","-","A","Annual","A","Annual","PCT","Percent","2020","","","","5.69"
"MFN applied tariffs","TP_A_0010","Simple average MFN applied tariff - all products","558","NIC","Nicaragua","-","","-","-","-","-","-","A","Annual","A","Annual","PCT","Percent","2021","","","","5.69"
"MFN applied tariffs","TP_A_0010","Simple average MFN applied tariff - all products","558","NIC","Nicaragua","-","","-","-","-","-","-","A","Annual","A","Annual","PCT","Percent","2022","","","","5.64472054327288"
"MFN applied tariffs","TP_A_0010","Simple average MFN applied tariff - all products","558","NIC","Nicaragua","-","","-","-","-","-","-","A","Annual","A","Annual","PCT","Percent","2023","","","","5.6433711530445"
"MFN applied tariffs","TP_A_0010","Simple average MFN applied tariff - all products","558","NIC","Nicaragua","-","","-","-","-","-","-","A","Annual","A","Annual","PCT","Percent","2024","","","","5.64203449291262"
"MFN applied tariffs","TP_A_0010","Simple average MFN applied tariff - all products","562","NER","Niger","-","","-","-","-","-","-","A","Annual","A","Annual","PCT","Percent","2015","","","","12.16"
"MFN applied tariffs","TP_A_0010","Simple average MFN applied tariff - all products","562","NER","Niger","-","","-","-","-","-","-","A","Annual","A","Annual","PCT","Percent","2022","","","","12.0397538880652"
"MFN applied tariffs","TP_A_0010","Simple average MFN applied tariff - all products","562","NER","Niger","-","","-","-","-","-","-","A","Annual","A","Annual","PCT","Percent","2023","","","","12.0397538880652"
"MFN applied tariffs","TP_A_0010","Simple average MFN applied tariff - all products","562","NER","Niger","-","","-","-","-","-","-","A","Annual","A","Annual","PCT","Percent","2024","","","","12.0397538880652"
"MFN applied tariffs","TP_A_0010","Simple average MFN applied tariff - all products","562","NER","Niger","-","","-","-","-","-","-","A","Annual","A","Annual","PCT","Percent","2016","","","","12.16"
"MFN applied tariffs","TP_A_0010","Simple average MFN applied tariff - all products","562","NER","Niger","-","","-","-","-","-","-","A","Annual","A","Annual","PCT","Percent","2017","","","","12.16"
"MFN applied tariffs","TP_A_0010","Simple average MFN applied tariff - all products","562","NER","Niger","-","","-","-","-","-","-","A","Annual","A","Annual","PCT","Percent","2018","","","","12.16"
"MFN applied tariffs","TP_A_0010","Simple average MFN applied tariff - all products","562","NER","Niger","-","","-","-","-","-","-","A","Annual","A","Annual","PCT","Percent","2019","","","","12.06"
"MFN applied tariffs","TP_A_0010","Simple average MFN applied tariff - all products","562","NER","Niger","-","","-","-","-","-","-","A","Annual","A","Annual","PCT","Percent","2020","","","","12.06"
"MFN applied tariffs","TP_A_0010","Simple average MFN applied tariff - all products","562","NER","Niger","-","","-","-","-","-","-","A","Annual","A","Annual","PCT","Percent","2021","","","","12.06"
"MFN applied tariffs","TP_A_0010","Simple average MFN applied tariff - all products","566","NGA","Nigeria","-","","-","-","-","-","-","A","Annual","A","Annual","PCT","Percent","2015","","","","12.06"
"MFN applied tariffs","TP_A_0010","Simple average MFN applied tariff - all products","566","NGA","Nigeria","-","","-","-","-","-","-","A","Annual","A","Annual","PCT","Percent","2016","","","","12.13"
"MFN applied tariffs","TP_A_0010","Simple average MFN applied tariff - all products","566","NGA","Nigeria","-","","-","-","-","-","-","A","Annual","A","Annual","PCT","Percent","2019","","","","12.06"
"MFN applied tariffs","TP_A_0010","Simple average MFN applied tariff - all products","566","NGA","Nigeria","-","","-","-","-","-","-","A","Annual","A","Annual","PCT","Percent","2020","","","","12.06"
"MFN applied tariffs","TP_A_0010","Simple average MFN applied tariff - all products","566","NGA","Nigeria","-","","-","-","-","-","-","A","Annual","A","Annual","PCT","Percent","2021","","","","12.06"
"MFN applied tariffs","TP_A_0010","Simple average MFN applied tariff - all products","566","NGA","Nigeria","-","","-","-","-","-","-","A","Annual","A","Annual","PCT","Percent","2022","","","","12.0397538880652"
"MFN applied tariffs","TP_A_0010","Simple average MFN applied tariff - all products","566","NGA","Nigeria","-","","-","-","-","-","-","A","Annual","A","Annual","PCT","Percent","2023","","","","12.0397538880652"
"MFN applied tariffs","TP_A_0010","Simple average MFN applied tariff - all products","566","NGA","Nigeria","-","","-","-","-","-","-","A","Annual","A","Annual","PCT","Percent","2024","","","","12.0397538880652"
"MFN applied tariffs","TP_A_0010","Simple average MFN applied tariff - all products","578","NOR","Norway","-","","-","-","-","-","-","A","Annual","A","Annual","PCT","Percent","2015","","","","6.62"
"MFN applied tariffs","TP_A_0010","Simple average MFN applied tariff - all products","578","NOR","Norway","-","","-","-","-","-","-","A","Annual","A","Annual","PCT","Percent","2016","","","","6.09"
"MFN applied tariffs","TP_A_0010","Simple average MFN applied tariff - all products","578","NOR","Norway","-","","-","-","-","-","-","A","Annual","A","Annual","PCT","Percent","2017","","","","6.24"
"MFN applied tariffs","TP_A_0010","Simple average MFN applied tariff - all products","578","NOR","Norway","-","","-","-","-","-","-","A","Annual","A","Annual","PCT","Percent","2018","","","","6.63"
"MFN applied tariffs","TP_A_0010","Simple average MFN applied tariff - all products","578","NOR","Norway","-","","-","-","-","-","-","A","Annual","A","Annual","PCT","Percent","2019","","","","5.96"
"MFN applied tariffs","TP_A_0010","Simple average MFN applied tariff - all products","578","NOR","Norway","-","","-","-","-","-","-","A","Annual","A","Annual","PCT","Percent","2020","","","","5.91"
"MFN applied tariffs","TP_A_0010","Simple average MFN applied tariff - all products","578","NOR","Norway","-","","-","-","-","-","-","A","Annual","A","Annual","PCT","Percent","2021","","","","5.88"
"MFN applied tariffs","TP_A_0010","Simple average MFN applied tariff - all products","578","NOR","Norway","-","","-","-","-","-","-","A","Annual","A","Annual","PCT","Percent","2022","","","","5.16296003563278"
"MFN applied tariffs","TP_A_0010","Simple average MFN applied tariff - all products","578","NOR","Norway","-","","-","-","-","-","-","A","Annual","A","Annual","PCT","Percent","2023","","","","4.55736686741943"
"MFN applied tariffs","TP_A_0010","Simple average MFN applied tariff - all products","578","NOR","Norway","-","","-","-","-","-","-","A","Annual","A","Annual","PCT","Percent","2024","","","","4.40450661550901"
"MFN applied tariffs","TP_A_0010","Simple average MFN applied tariff - all products","583","FSM","Micronesia, Federated States of","-","","-","-","-","-","-","A","Annual","A","Annual","PCT","Percent","2019","","","","5.07"
"MFN applied tariffs","TP_A_0010","Simple average MFN applied tariff - all products","583","FSM","Micronesia, Federated States of","-","","-","-","-","-","-","A","Annual","A","Annual","PCT","Percent","2021","","","","5.1"
"MFN applied tariffs","TP_A_0010","Simple average MFN applied tariff - all products","583","FSM","Micronesia, Federated States of","-","","-","-","-","-","-","A","Annual","A","Annual","PCT","Percent","2022","","","","5.08832793172974"
"MFN applied tariffs","TP_A_0010","Simple average MFN applied tariff - all products","583","FSM","Micronesia, Federated States of","-","","-","-","-","-","-","A","Annual","A","Annual","PCT","Percent","2023","","","","5.03877276324852"
"MFN applied tariffs","TP_A_0010","Simple average MFN applied tariff - all products","583","FSM","Micronesia, Federated States of","-","","-","-","-","-","-","A","Annual","A","Annual","PCT","Percent","2024","","","","5.0131444616152"
"MFN applied tariffs","TP_A_0010","Simple average MFN applied tariff - all products","585","PLW","Palau","-","","-","-","-","-","-","A","Annual","A","Annual","PCT","Percent","2015","","","","3.21"
"MFN applied tariffs","TP_A_0010","Simple average MFN applied tariff - all products","585","PLW","Palau","-","","-","-","-","-","-","A","Annual","A","Annual","PCT","Percent","2016","","","","3.63"
"MFN applied tariffs","TP_A_0010","Simple average MFN applied tariff - all products","585","PLW","Palau","-","","-","-","-","-","-","A","Annual","A","Annual","PCT","Percent","2017","","","","3.62"
"MFN applied tariffs","TP_A_0010","Simple average MFN applied tariff - all products","585","PLW","Palau","-","","-","-","-","-","-","A","Annual","A","Annual","PCT","Percent","2018","","","","3.81"
"MFN applied tariffs","TP_A_0010","Simple average MFN applied tariff - all products","585","PLW","Palau","-","","-","-","-","-","-","A","Annual","A","Annual","PCT","Percent","2019","","","","3.83"
"MFN applied tariffs","TP_A_0010","Simple average MFN applied tariff - all products","585","PLW","Palau","-","","-","-","-","-","-","A","Annual","A","Annual","PCT","Percent","2021","","","","4.02"
"MFN applied tariffs","TP_A_0010","Simple average MFN applied tariff - all products","585","PLW","Palau","-","","-","-","-","-","-","A","Annual","A","Annual","PCT","Percent","2022","","","","3.95514626370053"
"MFN applied tariffs","TP_A_0010","Simple average MFN applied tariff - all products","585","PLW","Palau","-","","-","-","-","-","-","A","Annual","A","Annual","PCT","Percent","2024","","","","0.0495455355551595"
"MFN applied tariffs","TP_A_0010","Simple average MFN applied tariff - all products","586","PAK","Pakistan","-","","-","-","-","-","-","A","Annual","A","Annual","PCT","Percent","2015","","","","12.35"
"MFN applied tariffs","TP_A_0010","Simple average MFN applied tariff - all products","586","PAK","Pakistan","-","","-","-","-","-","-","A","Annual","A","Annual","PCT","Percent","2016","","","","12.1"
"MFN applied tariffs","TP_A_0010","Simple average MFN applied tariff - all products","586","PAK","Pakistan","-","","-","-","-","-","-","A","Annual","A","Annual","PCT","Percent","2018","","","","12.1"
"MFN applied tariffs","TP_A_0010","Simple average MFN applied tariff - all products","586","PAK","Pakistan","-","","-","-","-","-","-","A","Annual","A","Annual","PCT","Percent","2019","","","","12.1"
"MFN applied tariffs","TP_A_0010","Simple average MFN applied tariff - all products","586","PAK","Pakistan","-","","-","-","-","-","-","A","Annual","A","Annual","PCT","Percent","2021","","","","11.23"
"MFN applied tariffs","TP_A_0010","Simple average MFN applied tariff - all products","586","PAK","Pakistan","-","","-","-","-","-","-","A","Annual","A","Annual","PCT","Percent","2022","","","","10.347355534161"
"MFN applied tariffs","TP_A_0010","Simple average MFN applied tariff - all products","586","PAK","Pakistan","-","","-","-","-","-","-","A","Annual","A","Annual","PCT","Percent","2023","","","","10.3412723355257"
"MFN applied tariffs","TP_A_0010","Simple average MFN applied tariff - all products","586","PAK","Pakistan","-","","-","-","-","-","-","A","Annual","A","Annual","PCT","Percent","2024","","","","10.3314575557846"
"MFN applied tariffs","TP_A_0010","Simple average MFN applied tariff - all products","591","PAN","Panama","-","","-","-","-","-","-","A","Annual","A","Annual","PCT","Percent","2022","","","","5.08567590876652"
"MFN applied tariffs","TP_A_0010","Simple average MFN applied tariff - all products","591","PAN","Panama","-","","-","-","-","-","-","A","Annual","A","Annual","PCT","Percent","2023","","","","5.08933808759581"
"MFN applied tariffs","TP_A_0010","Simple average MFN applied tariff - all products","591","PAN","Panama","-","","-","-","-","-","-","A","Annual","A","Annual","PCT","Percent","2024","","","","5.10853136213668"
"MFN applied tariffs","TP_A_0010","Simple average MFN applied tariff - all products","591","PAN","Panama","-","","-","-","-","-","-","A","Annual","A","Annual","PCT","Percent","2015","","","","6.85"
"MFN applied tariffs","TP_A_0010","Simple average MFN applied tariff - all products","591","PAN","Panama","-","","-","-","-","-","-","A","Annual","A","Annual","PCT","Percent","2017","","","","6.85"
"MFN applied tariffs","TP_A_0010","Simple average MFN applied tariff - all products","591","PAN","Panama","-","","-","-","-","-","-","A","Annual","A","Annual","PCT","Percent","2018","","","","5.07"
"MFN applied tariffs","TP_A_0010","Simple average MFN applied tariff - all products","591","PAN","Panama","-","","-","-","-","-","-","A","Annual","A","Annual","PCT","Percent","2019","","","","5.07"
"MFN applied tariffs","TP_A_0010","Simple average MFN applied tariff - all products","591","PAN","Panama","-","","-","-","-","-","-","A","Annual","A","Annual","PCT","Percent","2020","","","","5.1"
"MFN applied tariffs","TP_A_0010","Simple average MFN applied tariff - all products","591","PAN","Panama","-","","-","-","-","-","-","A","Annual","A","Annual","PCT","Percent","2021","","","","5.11"
"MFN applied tariffs","TP_A_0010","Simple average MFN applied tariff - all products","598","PNG","Papua New Guinea","-","","-","-","-","-","-","A","Annual","A","Annual","PCT","Percent","2018","","","","4.28"
"MFN applied tariffs","TP_A_0010","Simple average MFN applied tariff - all products","598","PNG","Papua New Guinea","-","","-","-","-","-","-","A","Annual","A","Annual","PCT","Percent","2019","","","","4.03"
"MFN applied tariffs","TP_A_0010","Simple average MFN applied tariff - all products","598","PNG","Papua New Guinea","-","","-","-","-","-","-","A","Annual","A","Annual","PCT","Percent","2021","","","","4.23"
"MFN applied tariffs","TP_A_0010","Simple average MFN applied tariff - all products","598","PNG","Papua New Guinea","-","","-","-","-","-","-","A","Annual","A","Annual","PCT","Percent","2022","","","","4.12492313832192"
"MFN applied tariffs","TP_A_0010","Simple average MFN applied tariff - all products","598","PNG","Papua New Guinea","-","","-","-","-","-","-","A","Annual","A","Annual","PCT","Percent","2023","","","","4.1519867020516"
"MFN applied tariffs","TP_A_0010","Simple average MFN applied tariff - all products","598","PNG","Papua New Guinea","-","","-","-","-","-","-","A","Annual","A","Annual","PCT","Percent","2024","","","","4.10546819498343"
"MFN applied tariffs","TP_A_0010","Simple average MFN applied tariff - all products","600","PRY","Paraguay","-","","-","-","-","-","-","A","Annual","A","Annual","PCT","Percent","2015","","","","9.83"
"MFN applied tariffs","TP_A_0010","Simple average MFN applied tariff - all products","600","PRY","Paraguay","-","","-","-","-","-","-","A","Annual","A","Annual","PCT","Percent","2016","","","","9.83"
"MFN applied tariffs","TP_A_0010","Simple average MFN applied tariff - all products","600","PRY","Paraguay","-","","-","-","-","-","-","A","Annual","A","Annual","PCT","Percent","2017","","","","9.76"
"MFN applied tariffs","TP_A_0010","Simple average MFN applied tariff - all products","600","PRY","Paraguay","-","","-","-","-","-","-","A","Annual","A","Annual","PCT","Percent","2018","","","","9.76"
"MFN applied tariffs","TP_A_0010","Simple average MFN applied tariff - all products","600","PRY","Paraguay","-","","-","-","-","-","-","A","Annual","A","Annual","PCT","Percent","2019","","","","9.76"
"MFN applied tariffs","TP_A_0010","Simple average MFN applied tariff - all products","600","PRY","Paraguay","-","","-","-","-","-","-","A","Annual","A","Annual","PCT","Percent","2020","","","","9.58"
"MFN applied tariffs","TP_A_0010","Simple average MFN applied tariff - all products","600","PRY","Paraguay","-","","-","-","-","-","-","A","Annual","A","Annual","PCT","Percent","2021","","","","9.57373357335572"
"MFN applied tariffs","TP_A_0010","Simple average MFN applied tariff - all products","600","PRY","Paraguay","-","","-","-","-","-","-","A","Annual","A","Annual","PCT","Percent","2023","","","","8.62337402609805"
"MFN applied tariffs","TP_A_0010","Simple average MFN applied tariff - all products","600","PRY","Paraguay","-","","-","-","-","-","-","A","Annual","A","Annual","PCT","Percent","2024","","","","8.62012164846321"
"MFN applied tariffs","TP_A_0010","Simple average MFN applied tariff - all products","604","PER","Peru","-","","-","-","-","-","-","A","Annual","A","Annual","PCT","Percent","2023","","","","2.32650837391263"
"MFN applied tariffs","TP_A_0010","Simple average MFN applied tariff - all products","604","PER","Peru","-","","-","-","-","-","-","A","Annual","A","Annual","PCT","Percent","2015","","","","2.44"
"MFN applied tariffs","TP_A_0010","Simple average MFN applied tariff - all products","604","PER","Peru","-","","-","-","-","-","-","A","Annual","A","Annual","PCT","Percent","2017","","","","2.39"
"MFN applied tariffs","TP_A_0010","Simple average MFN applied tariff - all products","604","PER","Peru","-","","-","-","-","-","-","A","Annual","A","Annual","PCT","Percent","2018","","","","2.39"
"MFN applied tariffs","TP_A_0010","Simple average MFN applied tariff - all products","604","PER","Peru","-","","-","-","-","-","-","A","Annual","A","Annual","PCT","Percent","2019","","","","2.39"
"MFN applied tariffs","TP_A_0010","Simple average MFN applied tariff - all products","604","PER","Peru","-","","-","-","-","-","-","A","Annual","A","Annual","PCT","Percent","2021","","","","2.39"
"MFN applied tariffs","TP_A_0010","Simple average MFN applied tariff - all products","604","PER","Peru","-","","-","-","-","-","-","A","Annual","A","Annual","PCT","Percent","2022","","","","2.33235970334616"
"MFN applied tariffs","TP_A_0010","Simple average MFN applied tariff - all products","608","PHL","Philippines","-","","-","-","-","-","-","A","Annual","A","Annual","PCT","Percent","2015","","","","6.31"
"MFN applied tariffs","TP_A_0010","Simple average MFN applied tariff - all products","608","PHL","Philippines","-","","-","-","-","-","-","A","Annual","A","Annual","PCT","Percent","2016","","","","6.3"
"MFN applied tariffs","TP_A_0010","Simple average MFN applied tariff - all products","608","PHL","Philippines","-","","-","-","-","-","-","A","Annual","A","Annual","PCT","Percent","2017","","","","6.31"
"MFN applied tariffs","TP_A_0010","Simple average MFN applied tariff - all products","608","PHL","Philippines","-","","-","-","-","-","-","A","Annual","A","Annual","PCT","Percent","2018","","","","6.16"
"MFN applied tariffs","TP_A_0010","Simple average MFN applied tariff - all products","608","PHL","Philippines","-","","-","-","-","-","-","A","Annual","A","Annual","PCT","Percent","2019","","","","6.14"
"MFN applied tariffs","TP_A_0010","Simple average MFN applied tariff - all products","608","PHL","Philippines","-","","-","-","-","-","-","A","Annual","A","Annual","PCT","Percent","2020","","","","6.13"
"MFN applied tariffs","TP_A_0010","Simple average MFN applied tariff - all products","608","PHL","Philippines","-","","-","-","-","-","-","A","Annual","A","Annual","PCT","Percent","2021","","","","6.12"
"MFN applied tariffs","TP_A_0010","Simple average MFN applied tariff - all products","608","PHL","Philippines","-","","-","-","-","-","-","A","Annual","A","Annual","PCT","Percent","2022","","","","6.10819702044291"
"MFN applied tariffs","TP_A_0010","Simple average MFN applied tariff - all products","608","PHL","Philippines","-","","-","-","-","-","-","A","Annual","A","Annual","PCT","Percent","2023","","","","6.01897664100944"
"MFN applied tariffs","TP_A_0010","Simple average MFN applied tariff - all products","608","PHL","Philippines","-","","-","-","-","-","-","A","Annual","A","Annual","PCT","Percent","2024","","","","5.99857259273891"
"MFN applied tariffs","TP_A_0010","Simple average MFN applied tariff - all products","624","GNB","Guinea-Bissau","-","","-","-","-","-","-","A","Annual","A","Annual","PCT","Percent","2017","","","","12.16"
"MFN applied tariffs","TP_A_0010","Simple average MFN applied tariff - all products","624","GNB","Guinea-Bissau","-","","-","-","-","-","-","A","Annual","A","Annual","PCT","Percent","2018","","","","12.16"
"MFN applied tariffs","TP_A_0010","Simple average MFN applied tariff - all products","624","GNB","Guinea-Bissau","-","","-","-","-","-","-","A","Annual","A","Annual","PCT","Percent","2019","","","","12.06"
"MFN applied tariffs","TP_A_0010","Simple average MFN applied tariff - all products","624","GNB","Guinea-Bissau","-","","-","-","-","-","-","A","Annual","A","Annual","PCT","Percent","2020","","","","12.06"
"MFN applied tariffs","TP_A_0010","Simple average MFN applied tariff - all products","624","GNB","Guinea-Bissau","-","","-","-","-","-","-","A","Annual","A","Annual","PCT","Percent","2021","","","","12.06"
"MFN applied tariffs","TP_A_0010","Simple average MFN applied tariff - all products","624","GNB","Guinea-Bissau","-","","-","-","-","-","-","A","Annual","A","Annual","PCT","Percent","2022","","","","12.0397538880652"
"MFN applied tariffs","TP_A_0010","Simple average MFN applied tariff - all products","624","GNB","Guinea-Bissau","-","","-","-","-","-","-","A","Annual","A","Annual","PCT","Percent","2023","","","","12.0397538880652"
"MFN applied tariffs","TP_A_0010","Simple average MFN applied tariff - all products","624","GNB","Guinea-Bissau","-","","-","-","-","-","-","A","Annual","A","Annual","PCT","Percent","2024","","","","12.0397538880652"
"MFN applied tariffs","TP_A_0010","Simple average MFN applied tariff - all products","626","TLS","Timor-Leste","-","","-","-","-","-","-","A","Annual","A","Annual","PCT","Percent","2015","","","","2.5"
"MFN applied tariffs","TP_A_0010","Simple average MFN applied tariff - all products","626","TLS","Timor-Leste","-","","-","-","-","-","-","A","Annual","A","Annual","PCT","Percent","2016","","","","2.5"
"MFN applied tariffs","TP_A_0010","Simple average MFN applied tariff - all products","626","TLS","Timor-Leste","-","","-","-","-","-","-","A","Annual","A","Annual","PCT","Percent","2021","","","","2.53"
"MFN applied tariffs","TP_A_0010","Simple average MFN applied tariff - all products","626","TLS","Timor-Leste","-","","-","-","-","-","-","A","Annual","A","Annual","PCT","Percent","2022","","","","2.52702057920505"
"MFN applied tariffs","TP_A_0010","Simple average MFN applied tariff - all products","626","TLS","Timor-Leste","-","","-","-","-","-","-","A","Annual","A","Annual","PCT","Percent","2023","","","","2.52702057920505"
"MFN applied tariffs","TP_A_0010","Simple average MFN applied tariff - all products","634","QAT","Qatar","-","","-","-","-","-","-","A","Annual","A","Annual","PCT","Percent","2015","","","","4.7"
"MFN applied tariffs","TP_A_0010","Simple average MFN applied tariff - all products","634","QAT","Qatar","-","","-","-","-","-","-","A","Annual","A","Annual","PCT","Percent","2016","","","","4.74"
"MFN applied tariffs","TP_A_0010","Simple average MFN applied tariff - all products","634","QAT","Qatar","-","","-","-","-","-","-","A","Annual","A","Annual","PCT","Percent","2017","","","","4.8"
"MFN applied tariffs","TP_A_0010","Simple average MFN applied tariff - all products","634","QAT","Qatar","-","","-","-","-","-","-","A","Annual","A","Annual","PCT","Percent","2018","","","","4.77"
"MFN applied tariffs","TP_A_0010","Simple average MFN applied tariff - all products","634","QAT","Qatar","-","","-","-","-","-","-","A","Annual","A","Annual","PCT","Percent","2019","","","","4.8"
"MFN applied tariffs","TP_A_0010","Simple average MFN applied tariff - all products","634","QAT","Qatar","-","","-","-","-","-","-","A","Annual","A","Annual","PCT","Percent","2020","","","","5.06"
"MFN applied tariffs","TP_A_0010","Simple average MFN applied tariff - all products","634","QAT","Qatar","-","","-","-","-","-","-","A","Annual","A","Annual","PCT","Percent","2021","","","","5.06"
"MFN applied tariffs","TP_A_0010","Simple average MFN applied tariff - all products","634","QAT","Qatar","-","","-","-","-","-","-","A","Annual","A","Annual","PCT","Percent","2022","","","","4.70484186802631"
"MFN applied tariffs","TP_A_0010","Simple average MFN applied tariff - all products","634","QAT","Qatar","-","","-","-","-","-","-","A","Annual","A","Annual","PCT","Percent","2023","","","","4.70484186802631"
"MFN applied tariffs","TP_A_0010","Simple average MFN applied tariff - all products","634","QAT","Qatar","-","","-","-","-","-","-","A","Annual","A","Annual","PCT","Percent","2024","","","","4.70484186802631"
"MFN applied tariffs","TP_A_0010","Simple average MFN applied tariff - all products","643","RUS","Russian Federation","-","","-","-","-","-","-","A","Annual","A","Annual","PCT","Percent","2015","","","","7.75"
"MFN applied tariffs","TP_A_0010","Simple average MFN applied tariff - all products","643","RUS","Russian Federation","-","","-","-","-","-","-","A","Annual","A","Annual","PCT","Percent","2016","","","","7.15"
"MFN applied tariffs","TP_A_0010","Simple average MFN applied tariff - all products","643","RUS","Russian Federation","-","","-","-","-","-","-","A","Annual","A","Annual","PCT","Percent","2017","","","","6.74"
"MFN applied tariffs","TP_A_0010","Simple average MFN applied tariff - all products","643","RUS","Russian Federation","-","","-","-","-","-","-","A","Annual","A","Annual","PCT","Percent","2018","","","","6.79"
"MFN applied tariffs","TP_A_0010","Simple average MFN applied tariff - all products","643","RUS","Russian Federation","-","","-","-","-","-","-","A","Annual","A","Annual","PCT","Percent","2019","","","","6.69"
"MFN applied tariffs","TP_A_0010","Simple average MFN applied tariff - all products","643","RUS","Russian Federation","-","","-","-","-","-","-","A","Annual","A","Annual","PCT","Percent","2020","","","","6.57"
"MFN applied tariffs","TP_A_0010","Simple average MFN applied tariff - all products","643","RUS","Russian Federation","-","","-","-","-","-","-","A","Annual","A","Annual","PCT","Percent","2021","","","","6.59"
"MFN applied tariffs","TP_A_0010","Simple average MFN applied tariff - all products","643","RUS","Russian Federation","-","","-","-","-","-","-","A","Annual","A","Annual","PCT","Percent","2022","","","","6.59061708333849"
"MFN applied tariffs","TP_A_0010","Simple average MFN applied tariff - all products","643","RUS","Russian Federation","-","","-","-","-","-","-","A","Annual","A","Annual","PCT","Percent","2023","","","","6.57647634283204"
"MFN applied tariffs","TP_A_0010","Simple average MFN applied tariff - all products","643","RUS","Russian Federation","-","","-","-","-","-","-","A","Annual","A","Annual","PCT","Percent","2024","","","","6.61218505469301"
"MFN applied tariffs","TP_A_0010","Simple average MFN applied tariff - all products","646","RWA","Rwanda","-","","-","-","-","-","-","A","Annual","A","Annual","PCT","Percent","2015","","","","12.8"
"MFN applied tariffs","TP_A_0010","Simple average MFN applied tariff - all products","646","RWA","Rwanda","-","","-","-","-","-","-","A","Annual","A","Annual","PCT","Percent","2016","","","","12.7"
"MFN applied tariffs","TP_A_0010","Simple average MFN applied tariff - all products","646","RWA","Rwanda","-","","-","-","-","-","-","A","Annual","A","Annual","PCT","Percent","2017","","","","12.66"
"MFN applied tariffs","TP_A_0010","Simple average MFN applied tariff - all products","646","RWA","Rwanda","-","","-","-","-","-","-","A","Annual","A","Annual","PCT","Percent","2018","","","","11.3"
"MFN applied tariffs","TP_A_0010","Simple average MFN applied tariff - all products","646","RWA","Rwanda","-","","-","-","-","-","-","A","Annual","A","Annual","PCT","Percent","2019","","","","11.31"
"MFN applied tariffs","TP_A_0010","Simple average MFN applied tariff - all products","646","RWA","Rwanda","-","","-","-","-","-","-","A","Annual","A","Annual","PCT","Percent","2020","","","","12.48"
"MFN applied tariffs","TP_A_0010","Simple average MFN applied tariff - all products","646","RWA","Rwanda","-","","-","-","-","-","-","A","Annual","A","Annual","PCT","Percent","2021","","","","12.42"
"MFN applied tariffs","TP_A_0010","Simple average MFN applied tariff - all products","646","RWA","Rwanda","-","","-","-","-","-","-","A","Annual","A","Annual","PCT","Percent","2022","","","","13.1575093945879"
"MFN applied tariffs","TP_A_0010","Simple average MFN applied tariff - all products","646","RWA","Rwanda","-","","-","-","-","-","-","A","Annual","A","Annual","PCT","Percent","2023","","","","13.299455524688"
"MFN applied tariffs","TP_A_0010","Simple average MFN applied tariff - all products","646","RWA","Rwanda","-","","-","-","-","-","-","A","Annual","A","Annual","PCT","Percent","2024","","","","13.7907949730853"
"MFN applied tariffs","TP_A_0010","Simple average MFN applied tariff - all products","659","KNA","Saint Kitts and Nevis","-","","-","-","-","-","-","A","Annual","A","Annual","PCT","Percent","2015","","","","9.14"
"MFN applied tariffs","TP_A_0010","Simple average MFN applied tariff - all products","659","KNA","Saint Kitts and Nevis","-","","-","-","-","-","-","A","Annual","A","Annual","PCT","Percent","2016","","","","9.15"
"MFN applied tariffs","TP_A_0010","Simple average MFN applied tariff - all products","659","KNA","Saint Kitts and Nevis","-","","-","-","-","-","-","A","Annual","A","Annual","PCT","Percent","2017","","","","9.15"
"MFN applied tariffs","TP_A_0010","Simple average MFN applied tariff - all products","659","KNA","Saint Kitts and Nevis","-","","-","-","-","-","-","A","Annual","A","Annual","PCT","Percent","2018","","","","9.12"
"MFN applied tariffs","TP_A_0010","Simple average MFN applied tariff - all products","659","KNA","Saint Kitts and Nevis","-","","-","-","-","-","-","A","Annual","A","Annual","PCT","Percent","2019","","","","9.14"
"MFN applied tariffs","TP_A_0010","Simple average MFN applied tariff - all products","659","KNA","Saint Kitts and Nevis","-","","-","-","-","-","-","A","Annual","A","Annual","PCT","Percent","2020","","","","9.24"
"MFN applied tariffs","TP_A_0010","Simple average MFN applied tariff - all products","662","LCA","Saint Lucia","-","","-","-","-","-","-","A","Annual","A","Annual","PCT","Percent","2015","","","","9.13"
"MFN applied tariffs","TP_A_0010","Simple average MFN applied tariff - all products","662","LCA","Saint Lucia","-","","-","-","-","-","-","A","Annual","A","Annual","PCT","Percent","2016","","","","9.12"
"MFN applied tariffs","TP_A_0010","Simple average MFN applied tariff - all products","662","LCA","Saint Lucia","-","","-","-","-","-","-","A","Annual","A","Annual","PCT","Percent","2019","","","","9.14"
"MFN applied tariffs","TP_A_0010","Simple average MFN applied tariff - all products","662","LCA","Saint Lucia","-","","-","-","-","-","-","A","Annual","A","Annual","PCT","Percent","2020","","","","9.19"
"MFN applied tariffs","TP_A_0010","Simple average MFN applied tariff - all products","662","LCA","Saint Lucia","-","","-","-","-","-","-","A","Annual","A","Annual","PCT","Percent","2021","","","","9.19090891672109"
"MFN applied tariffs","TP_A_0010","Simple average MFN applied tariff - all products","670","VCT","Saint Vincent and the Grenadines","-","","-","-","-","-","-","A","Annual","A","Annual","PCT","Percent","2015","","","","9.96"
"MFN applied tariffs","TP_A_0010","Simple average MFN applied tariff - all products","670","VCT","Saint Vincent and the Grenadines","-","","-","-","-","-","-","A","Annual","A","Annual","PCT","Percent","2023","","","","10.7687840270611"
"MFN applied tariffs","TP_A_0010","Simple average MFN applied tariff - all products","670","VCT","Saint Vincent and the Grenadines","-","","-","-","-","-","-","A","Annual","A","Annual","PCT","Percent","2016","","","","10.04"
"MFN applied tariffs","TP_A_0010","Simple average MFN applied tariff - all products","670","VCT","Saint Vincent and the Grenadines","-","","-","-","-","-","-","A","Annual","A","Annual","PCT","Percent","2017","","","","10.04"
"MFN applied tariffs","TP_A_0010","Simple average MFN applied tariff - all products","670","VCT","Saint Vincent and the Grenadines","-","","-","-","-","-","-","A","Annual","A","Annual","PCT","Percent","2018","","","","10.04"
"MFN applied tariffs","TP_A_0010","Simple average MFN applied tariff - all products","670","VCT","Saint Vincent and the Grenadines","-","","-","-","-","-","-","A","Annual","A","Annual","PCT","Percent","2019","","","","10.04"
"MFN applied tariffs","TP_A_0010","Simple average MFN applied tariff - all products","670","VCT","Saint Vincent and the Grenadines","-","","-","-","-","-","-","A","Annual","A","Annual","PCT","Percent","2020","","","","10.01"
"MFN applied tariffs","TP_A_0010","Simple average MFN applied tariff - all products","670","VCT","Saint Vincent and the Grenadines","-","","-","-","-","-","-","A","Annual","A","Annual","PCT","Percent","2021","","","","10.0356066783149"
"MFN applied tariffs","TP_A_0010","Simple average MFN applied tariff - all products","678","STP","Sao Tomé and Principe","-","","-","-","-","-","-","A","Annual","A","Annual","PCT","Percent","2015","","","","10.01"
"MFN applied tariffs","TP_A_0010","Simple average MFN applied tariff - all products","678","STP","Sao Tomé and Principe","-","","-","-","-","-","-","A","Annual","A","Annual","PCT","Percent","2016","","","","10.01"
"MFN applied tariffs","TP_A_0010","Simple average MFN applied tariff - all products","678","STP","Sao Tomé and Principe","-","","-","-","-","-","-","A","Annual","A","Annual","PCT","Percent","2018","","","","9.91"
"MFN applied tariffs","TP_A_0010","Simple average MFN applied tariff - all products","678","STP","Sao Tomé and Principe","-","","-","-","-","-","-","A","Annual","A","Annual","PCT","Percent","2019","","","","9.91"
"MFN applied tariffs","TP_A_0010","Simple average MFN applied tariff - all products","682","SAU","Saudi Arabia, Kingdom of","-","","-","-","-","-","-","A","Annual","A","Annual","PCT","Percent","2015","","","","5.12"
"MFN applied tariffs","TP_A_0010","Simple average MFN applied tariff - all products","682","SAU","Saudi Arabia, Kingdom of","-","","-","-","-","-","-","A","Annual","A","Annual","PCT","Percent","2024","","","","5.85778720189088"
"MFN applied tariffs","TP_A_0010","Simple average MFN applied tariff - all products","682","SAU","Saudi Arabia, Kingdom of","-","","-","-","-","-","-","A","Annual","A","Annual","PCT","Percent","2017","","","","5.85"
"MFN applied tariffs","TP_A_0010","Simple average MFN applied tariff - all products","682","SAU","Saudi Arabia, Kingdom of","-","","-","-","-","-","-","A","Annual","A","Annual","PCT","Percent","2018","","","","5.25"
"MFN applied tariffs","TP_A_0010","Simple average MFN applied tariff - all products","682","SAU","Saudi Arabia, Kingdom of","-","","-","-","-","-","-","A","Annual","A","Annual","PCT","Percent","2020","","","","5.63"
"MFN applied tariffs","TP_A_0010","Simple average MFN applied tariff - all products","682","SAU","Saudi Arabia, Kingdom of","-","","-","-","-","-","-","A","Annual","A","Annual","PCT","Percent","2021","","","","6.28"
"MFN applied tariffs","TP_A_0010","Simple average MFN applied tariff - all products","682","SAU","Saudi Arabia, Kingdom of","-","","-","-","-","-","-","A","Annual","A","Annual","PCT","Percent","2022","","","","6.28371123541168"
"MFN applied tariffs","TP_A_0010","Simple average MFN applied tariff - all products","682","SAU","Saudi Arabia, Kingdom of","-","","-","-","-","-","-","A","Annual","A","Annual","PCT","Percent","2023","","","","6.20563652678117"
"MFN applied tariffs","TP_A_0010","Simple average MFN applied tariff - all products","686","SEN","Senegal","-","","-","-","-","-","-","A","Annual","A","Annual","PCT","Percent","2015","","","","12.16"
"MFN applied tariffs","TP_A_0010","Simple average MFN applied tariff - all products","686","SEN","Senegal","-","","-","-","-","-","-","A","Annual","A","Annual","PCT","Percent","2016","","","","12.16"
"MFN applied tariffs","TP_A_0010","Simple average MFN applied tariff - all products","686","SEN","Senegal","-","","-","-","-","-","-","A","Annual","A","Annual","PCT","Percent","2017","","","","12.16"
"MFN applied tariffs","TP_A_0010","Simple average MFN applied tariff - all products","686","SEN","Senegal","-","","-","-","-","-","-","A","Annual","A","Annual","PCT","Percent","2018","","","","12.16"
"MFN applied tariffs","TP_A_0010","Simple average MFN applied tariff - all products","686","SEN","Senegal","-","","-","-","-","-","-","A","Annual","A","Annual","PCT","Percent","2019","","","","12.06"
"MFN applied tariffs","TP_A_0010","Simple average MFN applied tariff - all products","686","SEN","Senegal","-","","-","-","-","-","-","A","Annual","A","Annual","PCT","Percent","2020","","","","12.06"
"MFN applied tariffs","TP_A_0010","Simple average MFN applied tariff - all products","686","SEN","Senegal","-","","-","-","-","-","-","A","Annual","A","Annual","PCT","Percent","2021","","","","12.06"
"MFN applied tariffs","TP_A_0010","Simple average MFN applied tariff - all products","686","SEN","Senegal","-","","-","-","-","-","-","A","Annual","A","Annual","PCT","Percent","2022","","","","12.0404222181312"
"MFN applied tariffs","TP_A_0010","Simple average MFN applied tariff - all products","686","SEN","Senegal","-","","-","-","-","-","-","A","Annual","A","Annual","PCT","Percent","2023","","","","12.0415361015744"
"MFN applied tariffs","TP_A_0010","Simple average MFN applied tariff - all products","686","SEN","Senegal","-","","-","-","-","-","-","A","Annual","A","Annual","PCT","Percent","2024","","","","12.0415361015744"
"MFN applied tariffs","TP_A_0010","Simple average MFN applied tariff - all products","690","SYC","Seychelles","-","","-","-","-","-","-","A","Annual","A","Annual","PCT","Percent","2015","","","","2.93"
"MFN applied tariffs","TP_A_0010","Simple average MFN applied tariff - all products","690","SYC","Seychelles","-","","-","-","-","-","-","A","Annual","A","Annual","PCT","Percent","2016","","","","2.75"
"MFN applied tariffs","TP_A_0010","Simple average MFN applied tariff - all products","690","SYC","Seychelles","-","","-","-","-","-","-","A","Annual","A","Annual","PCT","Percent","2017","","","","2.68"
"MFN applied tariffs","TP_A_0010","Simple average MFN applied tariff - all products","690","SYC","Seychelles","-","","-","-","-","-","-","A","Annual","A","Annual","PCT","Percent","2018","","","","3.2"
"MFN applied tariffs","TP_A_0010","Simple average MFN applied tariff - all products","690","SYC","Seychelles","-","","-","-","-","-","-","A","Annual","A","Annual","PCT","Percent","2019","","","","2.52"
"MFN applied tariffs","TP_A_0010","Simple average MFN applied tariff - all products","690","SYC","Seychelles","-","","-","-","-","-","-","A","Annual","A","Annual","PCT","Percent","2020","","","","2.5"
"MFN applied tariffs","TP_A_0010","Simple average MFN applied tariff - all products","690","SYC","Seychelles","-","","-","-","-","-","-","A","Annual","A","Annual","PCT","Percent","2021","","","","2.42"
"MFN applied tariffs","TP_A_0010","Simple average MFN applied tariff - all products","690","SYC","Seychelles","-","","-","-","-","-","-","A","Annual","A","Annual","PCT","Percent","2022","","","","2.5149502998108"
"MFN applied tariffs","TP_A_0010","Simple average MFN applied tariff - all products","690","SYC","Seychelles","-","","-","-","-","-","-","A","Annual","A","Annual","PCT","Percent","2023","","","","2.57048051665279"
"MFN applied tariffs","TP_A_0010","Simple average MFN applied tariff - all products","690","SYC","Seychelles","-","","-","-","-","-","-","A","Annual","A","Annual","PCT","Percent","2024","","","","2.58750681898593"
"MFN applied tariffs","TP_A_0010","Simple average MFN applied tariff - all products","694","SLE","Sierra Leone","-","","-","-","-","-","-","A","Annual","A","Annual","PCT","Percent","2019","","","","12.06"
"MFN applied tariffs","TP_A_0010","Simple average MFN applied tariff - all products","694","SLE","Sierra Leone","-","","-","-","-","-","-","A","Annual","A","Annual","PCT","Percent","2020","","","","12.06"
"MFN applied tariffs","TP_A_0010","Simple average MFN applied tariff - all products","694","SLE","Sierra Leone","-","","-","-","-","-","-","A","Annual","A","Annual","PCT","Percent","2021","","","","12.06"
"MFN applied tariffs","TP_A_0010","Simple average MFN applied tariff - all products","694","SLE","Sierra Leone","-","","-","-","-","-","-","A","Annual","A","Annual","PCT","Percent","2022","","","","12.0397538880652"
"MFN applied tariffs","TP_A_0010","Simple average MFN applied tariff - all products","694","SLE","Sierra Leone","-","","-","-","-","-","-","A","Annual","A","Annual","PCT","Percent","2023","","","","12.0397538880652"
"MFN applied tariffs","TP_A_0010","Simple average MFN applied tariff - all products","694","SLE","Sierra Leone","-","","-","-","-","-","-","A","Annual","A","Annual","PCT","Percent","2024","","","","12.0397538880652"
"MFN applied tariffs","TP_A_0010","Simple average MFN applied tariff - all products","702","SGP","Singapore","-","","-","-","-","-","-","A","Annual","A","Annual","PCT","Percent","2015","","","","0.15"
"MFN applied tariffs","TP_A_0010","Simple average MFN applied tariff - all products","702","SGP","Singapore","-","","-","-","-","-","-","A","Annual","A","Annual","PCT","Percent","2016","","","","0.01"
"MFN applied tariffs","TP_A_0010","Simple average MFN applied tariff - all products","702","SGP","Singapore","-","","-","-","-","-","-","A","Annual","A","Annual","PCT","Percent","2017","","","","0.02"
"MFN applied tariffs","TP_A_0010","Simple average MFN applied tariff - all products","702","SGP","Singapore","-","","-","-","-","-","-","A","Annual","A","Annual","PCT","Percent","2024","","","","0.0119427333256995"
"MFN applied tariffs","TP_A_0010","Simple average MFN applied tariff - all products","702","SGP","Singapore","-","","-","-","-","-","-","A","Annual","A","Annual","PCT","Percent","2018","","","","0.02"
"MFN applied tariffs","TP_A_0010","Simple average MFN applied tariff - all products","702","SGP","Singapore","-","","-","-","-","-","-","A","Annual","A","Annual","PCT","Percent","2019","","","","0.02"
"MFN applied tariffs","TP_A_0010","Simple average MFN applied tariff - all products","702","SGP","Singapore","-","","-","-","-","-","-","A","Annual","A","Annual","PCT","Percent","2020","","","","0.02"
"MFN applied tariffs","TP_A_0010","Simple average MFN applied tariff - all products","702","SGP","Singapore","-","","-","-","-","-","-","A","Annual","A","Annual","PCT","Percent","2021","","","","0.01"
"MFN applied tariffs","TP_A_0010","Simple average MFN applied tariff - all products","702","SGP","Singapore","-","","-","-","-","-","-","A","Annual","A","Annual","PCT","Percent","2022","","","","0.0132816324397612"
"MFN applied tariffs","TP_A_0010","Simple average MFN applied tariff - all products","702","SGP","Singapore","-","","-","-","-","-","-","A","Annual","A","Annual","PCT","Percent","2023","","","","0.0131887180961504"
"MFN applied tariffs","TP_A_0010","Simple average MFN applied tariff - all products","704","VNM","Viet Nam","-","","-","-","-","-","-","A","Annual","A","Annual","PCT","Percent","2015","","","","9.52"
"MFN applied tariffs","TP_A_0010","Simple average MFN applied tariff - all products","704","VNM","Viet Nam","-","","-","-","-","-","-","A","Annual","A","Annual","PCT","Percent","2016","","","","9.58"
"MFN applied tariffs","TP_A_0010","Simple average MFN applied tariff - all products","704","VNM","Viet Nam","-","","-","-","-","-","-","A","Annual","A","Annual","PCT","Percent","2017","","","","9.58"
"MFN applied tariffs","TP_A_0010","Simple average MFN applied tariff - all products","704","VNM","Viet Nam","-","","-","-","-","-","-","A","Annual","A","Annual","PCT","Percent","2018","","","","9.51"
"MFN applied tariffs","TP_A_0010","Simple average MFN applied tariff - all products","704","VNM","Viet Nam","-","","-","-","-","-","-","A","Annual","A","Annual","PCT","Percent","2019","","","","9.63"
"MFN applied tariffs","TP_A_0010","Simple average MFN applied tariff - all products","704","VNM","Viet Nam","-","","-","-","-","-","-","A","Annual","A","Annual","PCT","Percent","2020","","","","9.52"
"MFN applied tariffs","TP_A_0010","Simple average MFN applied tariff - all products","704","VNM","Viet Nam","-","","-","-","-","-","-","A","Annual","A","Annual","PCT","Percent","2021","","","","9.62"
"MFN applied tariffs","TP_A_0010","Simple average MFN applied tariff - all products","704","VNM","Viet Nam","-","","-","-","-","-","-","A","Annual","A","Annual","PCT","Percent","2022","","","","9.60360876621209"
"MFN applied tariffs","TP_A_0010","Simple average MFN applied tariff - all products","704","VNM","Viet Nam","-","","-","-","-","-","-","A","Annual","A","Annual","PCT","Percent","2023","","","","9.36790955685056"
"MFN applied tariffs","TP_A_0010","Simple average MFN applied tariff - all products","704","VNM","Viet Nam","-","","-","-","-","-","-","A","Annual","A","Annual","PCT","Percent","2024","","","","9.45175188773269"
"MFN applied tariffs","TP_A_0010","Simple average MFN applied tariff - all products","706","SOM","Somalia","-","","-","-","-","-","-","A","Annual","A","Annual","PCT","Percent","2022","","","","15.6209560046574"
"MFN applied tariffs","TP_A_0010","Simple average MFN applied tariff - all products","706","SOM","Somalia","-","","-","-","-","-","-","A","Annual","A","Annual","PCT","Percent","2023","","","","15.6209560046574"
"MFN applied tariffs","TP_A_0010","Simple average MFN applied tariff - all products","706","SOM","Somalia","-","","-","-","-","-","-","A","Annual","A","Annual","PCT","Percent","2024","","","","15.6209560046574"
"MFN applied tariffs","TP_A_0010","Simple average MFN applied tariff - all products","710","ZAF","South Africa","-","","-","-","-","-","-","A","Annual","A","Annual","PCT","Percent","2015","","","","7.6"
"MFN applied tariffs","TP_A_0010","Simple average MFN applied tariff - all products","710","ZAF","South Africa","-","","-","-","-","-","-","A","Annual","A","Annual","PCT","Percent","2016","","","","7.66"
"MFN applied tariffs","TP_A_0010","Simple average MFN applied tariff - all products","710","ZAF","South Africa","-","","-","-","-","-","-","A","Annual","A","Annual","PCT","Percent","2017","","","","7.64"
"MFN applied tariffs","TP_A_0010","Simple average MFN applied tariff - all products","710","ZAF","South Africa","-","","-","-","-","-","-","A","Annual","A","Annual","PCT","Percent","2018","","","","7.73"
"MFN applied tariffs","TP_A_0010","Simple average MFN applied tariff - all products","710","ZAF","South Africa","-","","-","-","-","-","-","A","Annual","A","Annual","PCT","Percent","2019","","","","7.71"
"MFN applied tariffs","TP_A_0010","Simple average MFN applied tariff - all products","710","ZAF","South Africa","-","","-","-","-","-","-","A","Annual","A","Annual","PCT","Percent","2020","","","","7.7"
"MFN applied tariffs","TP_A_0010","Simple average MFN applied tariff - all products","710","ZAF","South Africa","-","","-","-","-","-","-","A","Annual","A","Annual","PCT","Percent","2021","","","","7.76"
"MFN applied tariffs","TP_A_0010","Simple average MFN applied tariff - all products","710","ZAF","South Africa","-","","-","-","-","-","-","A","Annual","A","Annual","PCT","Percent","2022","","","","7.58360194423968"
"MFN applied tariffs","TP_A_0010","Simple average MFN applied tariff - all products","710","ZAF","South Africa","-","","-","-","-","-","-","A","Annual","A","Annual","PCT","Percent","2023","","","","7.55456453363087"
"MFN applied tariffs","TP_A_0010","Simple average MFN applied tariff - all products","710","ZAF","South Africa","-","","-","-","-","-","-","A","Annual","A","Annual","PCT","Percent","2024","","","","7.53861418409563"
"MFN applied tariffs","TP_A_0010","Simple average MFN applied tariff - all products","716","ZWE","Zimbabwe","-","","-","-","-","-","-","A","Annual","A","Annual","PCT","Percent","2015","","","","16.82"
"MFN applied tariffs","TP_A_0010","Simple average MFN applied tariff - all products","716","ZWE","Zimbabwe","-","","-","-","-","-","-","A","Annual","A","Annual","PCT","Percent","2016","","","","17.37"
"MFN applied tariffs","TP_A_0010","Simple average MFN applied tariff - all products","716","ZWE","Zimbabwe","-","","-","-","-","-","-","A","Annual","A","Annual","PCT","Percent","2017","","","","17.47"
"MFN applied tariffs","TP_A_0010","Simple average MFN applied tariff - all products","716","ZWE","Zimbabwe","-","","-","-","-","-","-","A","Annual","A","Annual","PCT","Percent","2020","","","","18.15"
"MFN applied tariffs","TP_A_0010","Simple average MFN applied tariff - all products","716","ZWE","Zimbabwe","-","","-","-","-","-","-","A","Annual","A","Annual","PCT","Percent","2021","","","","18.006901748266"
"MFN applied tariffs","TP_A_0010","Simple average MFN applied tariff - all products","728","SSD","South Sudan","-","","-","-","-","-","-","A","Annual","A","Annual","PCT","Percent","2022","","","","10.2296695135537"
"MFN applied tariffs","TP_A_0010","Simple average MFN applied tariff - all products","728","SSD","South Sudan","-","","-","-","-","-","-","A","Annual","A","Annual","PCT","Percent","2023","","","","10.2296695135537"
"MFN applied tariffs","TP_A_0010","Simple average MFN applied tariff - all products","728","SSD","South Sudan","-","","-","-","-","-","-","A","Annual","A","Annual","PCT","Percent","2024","","","","10.6886372075752"
"MFN applied tariffs","TP_A_0010","Simple average MFN applied tariff - all products","736","SDN","Sudan","-","","-","-","-","-","-","A","Annual","A","Annual","PCT","Percent","2017","","","","21.48"
"MFN applied tariffs","TP_A_0010","Simple average MFN applied tariff - all products","736","SDN","Sudan","-","","-","-","-","-","-","A","Annual","A","Annual","PCT","Percent","2021","","","","21.6121895597058"
"MFN applied tariffs","TP_A_0010","Simple average MFN applied tariff - all products","740","SUR","Suriname","-","","-","-","-","-","-","A","Annual","A","Annual","PCT","Percent","2016","","","","10.4"
"MFN applied tariffs","TP_A_0010","Simple average MFN applied tariff - all products","740","SUR","Suriname","-","","-","-","-","-","-","A","Annual","A","Annual","PCT","Percent","2018","","","","10.4"
"MFN applied tariffs","TP_A_0010","Simple average MFN applied tariff - all products","740","SUR","Suriname","-","","-","-","-","-","-","A","Annual","A","Annual","PCT","Percent","2019","","","","10.4"
"MFN applied tariffs","TP_A_0010","Simple average MFN applied tariff - all products","740","SUR","Suriname","-","","-","-","-","-","-","A","Annual","A","Annual","PCT","Percent","2021","","","","10.4011866396724"
"MFN applied tariffs","TP_A_0010","Simple average MFN applied tariff - all products","740","SUR","Suriname","-","","-","-","-","-","-","A","Annual","A","Annual","PCT","Percent","2023","","","","10.396157557657"
"MFN applied tariffs","TP_A_0010","Simple average MFN applied tariff - all products","740","SUR","Suriname","-","","-","-","-","-","-","A","Annual","A","Annual","PCT","Percent","2024","","","","10.396157557657"
"MFN applied tariffs","TP_A_0010","Simple average MFN applied tariff - all products","748","SWZ","Eswatini","-","","-","-","-","-","-","A","Annual","A","Annual","PCT","Percent","2015","","","","7.6"
"MFN applied tariffs","TP_A_0010","Simple average MFN applied tariff - all products","748","SWZ","Eswatini","-","","-","-","-","-","-","A","Annual","A","Annual","PCT","Percent","2016","","","","7.65"
"MFN applied tariffs","TP_A_0010","Simple average MFN applied tariff - all products","748","SWZ","Eswatini","-","","-","-","-","-","-","A","Annual","A","Annual","PCT","Percent","2023","","","","7.54611682970474"
"MFN applied tariffs","TP_A_0010","Simple average MFN applied tariff - all products","748","SWZ","Eswatini","-","","-","-","-","-","-","A","Annual","A","Annual","PCT","Percent","2024","","","","7.53401541424671"
"MFN applied tariffs","TP_A_0010","Simple average MFN applied tariff - all products","748","SWZ","Eswatini","-","","-","-","-","-","-","A","Annual","A","Annual","PCT","Percent","2017","","","","7.64"
"MFN applied tariffs","TP_A_0010","Simple average MFN applied tariff - all products","748","SWZ","Eswatini","-","","-","-","-","-","-","A","Annual","A","Annual","PCT","Percent","2018","","","","7.68"
"MFN applied tariffs","TP_A_0010","Simple average MFN applied tariff - all products","748","SWZ","Eswatini","-","","-","-","-","-","-","A","Annual","A","Annual","PCT","Percent","2019","","","","7.68"
"MFN applied tariffs","TP_A_0010","Simple average MFN applied tariff - all products","748","SWZ","Eswatini","-","","-","-","-","-","-","A","Annual","A","Annual","PCT","Percent","2020","","","","7.67"
"MFN applied tariffs","TP_A_0010","Simple average MFN applied tariff - all products","748","SWZ","Eswatini","-","","-","-","-","-","-","A","Annual","A","Annual","PCT","Percent","2021","","","","7.73"
"MFN applied tariffs","TP_A_0010","Simple average MFN applied tariff - all products","748","SWZ","Eswatini","-","","-","-","-","-","-","A","Annual","A","Annual","PCT","Percent","2022","","","","7.55310721385759"
"MFN applied tariffs","TP_A_0010","Simple average MFN applied tariff - all products","756","CHE","Switzerland","-","","-","-","-","-","-","A","Annual","A","Annual","PCT","Percent","2015","","","","6.68"
"MFN applied tariffs","TP_A_0010","Simple average MFN applied tariff - all products","756","CHE","Switzerland","-","","-","-","-","-","-","A","Annual","A","Annual","PCT","Percent","2016","","","","6.31"
"MFN applied tariffs","TP_A_0010","Simple average MFN applied tariff - all products","756","CHE","Switzerland","-","","-","-","-","-","-","A","Annual","A","Annual","PCT","Percent","2017","","","","6.41"
"MFN applied tariffs","TP_A_0010","Simple average MFN applied tariff - all products","756","CHE","Switzerland","-","","-","-","-","-","-","A","Annual","A","Annual","PCT","Percent","2018","","","","6.61"
"MFN applied tariffs","TP_A_0010","Simple average MFN applied tariff - all products","756","CHE","Switzerland","-","","-","-","-","-","-","A","Annual","A","Annual","PCT","Percent","2019","","","","5.97"
"MFN applied tariffs","TP_A_0010","Simple average MFN applied tariff - all products","756","CHE","Switzerland","-","","-","-","-","-","-","A","Annual","A","Annual","PCT","Percent","2020","","","","5.3"
"MFN applied tariffs","TP_A_0010","Simple average MFN applied tariff - all products","756","CHE","Switzerland","-","","-","-","-","-","-","A","Annual","A","Annual","PCT","Percent","2021","","","","5.64"
"MFN applied tariffs","TP_A_0010","Simple average MFN applied tariff - all products","756","CHE","Switzerland","-","","-","-","-","-","-","A","Annual","A","Annual","PCT","Percent","2022","","","","5.55818858893754"
"MFN applied tariffs","TP_A_0010","Simple average MFN applied tariff - all products","756","CHE","Switzerland","-","","-","-","-","-","-","A","Annual","A","Annual","PCT","Percent","2023","","","","5.19103298882474"
"MFN applied tariffs","TP_A_0010","Simple average MFN applied tariff - all products","756","CHE","Switzerland","-","","-","-","-","-","-","A","Annual","A","Annual","PCT","Percent","2024","","","","3.91319257572863"
"MFN applied tariffs","TP_A_0010","Simple average MFN applied tariff - all products","760","SYR","Syrian Arab Republic","-","","-","-","-","-","-","A","Annual","A","Annual","PCT","Percent","2020","","","","10.77"
"MFN applied tariffs","TP_A_0010","Simple average MFN applied tariff - all products","762","TJK","Tajikistan","-","","-","-","-","-","-","A","Annual","A","Annual","PCT","Percent","2015","","","","7.64"
"MFN applied tariffs","TP_A_0010","Simple average MFN applied tariff - all products","762","TJK","Tajikistan","-","","-","-","-","-","-","A","Annual","A","Annual","PCT","Percent","2016","","","","7.64"
"MFN applied tariffs","TP_A_0010","Simple average MFN applied tariff - all products","762","TJK","Tajikistan","-","","-","-","-","-","-","A","Annual","A","Annual","PCT","Percent","2017","","","","7.69"
"MFN applied tariffs","TP_A_0010","Simple average MFN applied tariff - all products","762","TJK","Tajikistan","-","","-","-","-","-","-","A","Annual","A","Annual","PCT","Percent","2021","","","","8.00999732577932"
"MFN applied tariffs","TP_A_0010","Simple average MFN applied tariff - all products","764","THA","Thailand","-","","-","-","-","-","-","A","Annual","A","Annual","PCT","Percent","2015","","","","11.02"
"MFN applied tariffs","TP_A_0010","Simple average MFN applied tariff - all products","764","THA","Thailand","-","","-","-","-","-","-","A","Annual","A","Annual","PCT","Percent","2024","","","","9.86788456859167"
"MFN applied tariffs","TP_A_0010","Simple average MFN applied tariff - all products","764","THA","Thailand","-","","-","-","-","-","-","A","Annual","A","Annual","PCT","Percent","2017","","","","9.62"
"MFN applied tariffs","TP_A_0010","Simple average MFN applied tariff - all products","764","THA","Thailand","-","","-","-","-","-","-","A","Annual","A","Annual","PCT","Percent","2019","","","","10.22"
"MFN applied tariffs","TP_A_0010","Simple average MFN applied tariff - all products","764","THA","Thailand","-","","-","-","-","-","-","A","Annual","A","Annual","PCT","Percent","2020","","","","10.19"
"MFN applied tariffs","TP_A_0010","Simple average MFN applied tariff - all products","764","THA","Thailand","-","","-","-","-","-","-","A","Annual","A","Annual","PCT","Percent","2021","","","","11.49"
"MFN applied tariffs","TP_A_0010","Simple average MFN applied tariff - all products","764","THA","Thailand","-","","-","-","-","-","-","A","Annual","A","Annual","PCT","Percent","2022","","","","9.71679633849607"
"MFN applied tariffs","TP_A_0010","Simple average MFN applied tariff - all products","764","THA","Thailand","-","","-","-","-","-","-","A","Annual","A","Annual","PCT","Percent","2023","","","","9.77499879569316"
"MFN applied tariffs","TP_A_0010","Simple average MFN applied tariff - all products","768","TGO","Togo","-","","-","-","-","-","-","A","Annual","A","Annual","PCT","Percent","2015","","","","12.16"
"MFN applied tariffs","TP_A_0010","Simple average MFN applied tariff - all products","768","TGO","Togo","-","","-","-","-","-","-","A","Annual","A","Annual","PCT","Percent","2016","","","","12.16"
"MFN applied tariffs","TP_A_0010","Simple average MFN applied tariff - all products","768","TGO","Togo","-","","-","-","-","-","-","A","Annual","A","Annual","PCT","Percent","2017","","","","12.16"
"MFN applied tariffs","TP_A_0010","Simple average MFN applied tariff - all products","768","TGO","Togo","-","","-","-","-","-","-","A","Annual","A","Annual","PCT","Percent","2018","","","","12.16"
"MFN applied tariffs","TP_A_0010","Simple average MFN applied tariff - all products","768","TGO","Togo","-","","-","-","-","-","-","A","Annual","A","Annual","PCT","Percent","2019","","","","12.06"
"MFN applied tariffs","TP_A_0010","Simple average MFN applied tariff - all products","768","TGO","Togo","-","","-","-","-","-","-","A","Annual","A","Annual","PCT","Percent","2020","","","","12.06"
"MFN applied tariffs","TP_A_0010","Simple average MFN applied tariff - all products","768","TGO","Togo","-","","-","-","-","-","-","A","Annual","A","Annual","PCT","Percent","2021","","","","12.06"
"MFN applied tariffs","TP_A_0010","Simple average MFN applied tariff - all products","768","TGO","Togo","-","","-","-","-","-","-","A","Annual","A","Annual","PCT","Percent","2022","","","","12.0397538880652"
"MFN applied tariffs","TP_A_0010","Simple average MFN applied tariff - all products","768","TGO","Togo","-","","-","-","-","-","-","A","Annual","A","Annual","PCT","Percent","2023","","","","12.0397538880652"
"MFN applied tariffs","TP_A_0010","Simple average MFN applied tariff - all products","768","TGO","Togo","-","","-","-","-","-","-","A","Annual","A","Annual","PCT","Percent","2024","","","","12.0397538880652"
"MFN applied tariffs","TP_A_0010","Simple average MFN applied tariff - all products","776","TON","Tonga","-","","-","-","-","-","-","A","Annual","A","Annual","PCT","Percent","2015","","","","11.7"
"MFN applied tariffs","TP_A_0010","Simple average MFN applied tariff - all products","776","TON","Tonga","-","","-","-","-","-","-","A","Annual","A","Annual","PCT","Percent","2016","","","","10.99"
"MFN applied tariffs","TP_A_0010","Simple average MFN applied tariff - all products","776","TON","Tonga","-","","-","-","-","-","-","A","Annual","A","Annual","PCT","Percent","2017","","","","11.24"
"MFN applied tariffs","TP_A_0010","Simple average MFN applied tariff - all products","776","TON","Tonga","-","","-","-","-","-","-","A","Annual","A","Annual","PCT","Percent","2021","","","","10.68"
"MFN applied tariffs","TP_A_0010","Simple average MFN applied tariff - all products","776","TON","Tonga","-","","-","-","-","-","-","A","Annual","A","Annual","PCT","Percent","2022","","","","10.6852402179297"
"MFN applied tariffs","TP_A_0010","Simple average MFN applied tariff - all products","776","TON","Tonga","-","","-","-","-","-","-","A","Annual","A","Annual","PCT","Percent","2023","","","","10.6852402179297"
"MFN applied tariffs","TP_A_0010","Simple average MFN applied tariff - all products","776","TON","Tonga","-","","-","-","-","-","-","A","Annual","A","Annual","PCT","Percent","2024","","","","10.6852402179297"
"MFN applied tariffs","TP_A_0010","Simple average MFN applied tariff - all products","780","TTO","Trinidad and Tobago","-","","-","-","-","-","-","A","Annual","A","Annual","PCT","Percent","2018","","","","8.14"
"MFN applied tariffs","TP_A_0010","Simple average MFN applied tariff - all products","780","TTO","Trinidad and Tobago","-","","-","-","-","-","-","A","Annual","A","Annual","PCT","Percent","2021","","","","8.29"
"MFN applied tariffs","TP_A_0010","Simple average MFN applied tariff - all products","780","TTO","Trinidad and Tobago","-","","-","-","-","-","-","A","Annual","A","Annual","PCT","Percent","2022","","","","8.29411039295798"
"MFN applied tariffs","TP_A_0010","Simple average MFN applied tariff - all products","780","TTO","Trinidad and Tobago","-","","-","-","-","-","-","A","Annual","A","Annual","PCT","Percent","2023","","","","8.22027030921875"
"MFN applied tariffs","TP_A_0010","Simple average MFN applied tariff - all products","784","ARE","United Arab Emirates","-","","-","-","-","-","-","A","Annual","A","Annual","PCT","Percent","2015","","","","4.7"
"MFN applied tariffs","TP_A_0010","Simple average MFN applied tariff - all products","784","ARE","United Arab Emirates","-","","-","-","-","-","-","A","Annual","A","Annual","PCT","Percent","2016","","","","4.72"
"MFN applied tariffs","TP_A_0010","Simple average MFN applied tariff - all products","784","ARE","United Arab Emirates","-","","-","-","-","-","-","A","Annual","A","Annual","PCT","Percent","2017","","","","4.84"
"MFN applied tariffs","TP_A_0010","Simple average MFN applied tariff - all products","784","ARE","United Arab Emirates","-","","-","-","-","-","-","A","Annual","A","Annual","PCT","Percent","2018","","","","4.78"
"MFN applied tariffs","TP_A_0010","Simple average MFN applied tariff - all products","784","ARE","United Arab Emirates","-","","-","-","-","-","-","A","Annual","A","Annual","PCT","Percent","2019","","","","4.8"
"MFN applied tariffs","TP_A_0010","Simple average MFN applied tariff - all products","784","ARE","United Arab Emirates","-","","-","-","-","-","-","A","Annual","A","Annual","PCT","Percent","2020","","","","4.65"
"MFN applied tariffs","TP_A_0010","Simple average MFN applied tariff - all products","784","ARE","United Arab Emirates","-","","-","-","-","-","-","A","Annual","A","Annual","PCT","Percent","2021","","","","4.78"
"MFN applied tariffs","TP_A_0010","Simple average MFN applied tariff - all products","784","ARE","United Arab Emirates","-","","-","-","-","-","-","A","Annual","A","Annual","PCT","Percent","2022","","","","4.70484186802631"
"MFN applied tariffs","TP_A_0010","Simple average MFN applied tariff - all products","784","ARE","United Arab Emirates","-","","-","-","-","-","-","A","Annual","A","Annual","PCT","Percent","2023","","","","4.71114590260844"
"MFN applied tariffs","TP_A_0010","Simple average MFN applied tariff - all products","784","ARE","United Arab Emirates","-","","-","-","-","-","-","A","Annual","A","Annual","PCT","Percent","2024","","","","4.71114590260844"
"MFN applied tariffs","TP_A_0010","Simple average MFN applied tariff - all products","788","TUN","Tunisia","-","","-","-","-","-","-","A","Annual","A","Annual","PCT","Percent","2015","","","","15.54"
"MFN applied tariffs","TP_A_0010","Simple average MFN applied tariff - all products","788","TUN","Tunisia","-","","-","-","-","-","-","A","Annual","A","Annual","PCT","Percent","2016","","","","11.56"
"MFN applied tariffs","TP_A_0010","Simple average MFN applied tariff - all products","788","TUN","Tunisia","-","","-","-","-","-","-","A","Annual","A","Annual","PCT","Percent","2022","","","","19.5248753172734"
"MFN applied tariffs","TP_A_0010","Simple average MFN applied tariff - all products","788","TUN","Tunisia","-","","-","-","-","-","-","A","Annual","A","Annual","PCT","Percent","2023","","","","19.5072369956989"
"MFN applied tariffs","TP_A_0010","Simple average MFN applied tariff - all products","788","TUN","Tunisia","-","","-","-","-","-","-","A","Annual","A","Annual","PCT","Percent","2024","","","","19.3614179110703"
"MFN applied tariffs","TP_A_0010","Simple average MFN applied tariff - all products","792","TUR","Türkiye","-","","-","-","-","-","-","A","Annual","A","Annual","PCT","Percent","2015","","","","10.83"
"MFN applied tariffs","TP_A_0010","Simple average MFN applied tariff - all products","792","TUR","Türkiye","-","","-","-","-","-","-","A","Annual","A","Annual","PCT","Percent","2016","","","","10.87"
"MFN applied tariffs","TP_A_0010","Simple average MFN applied tariff - all products","792","TUR","Türkiye","-","","-","-","-","-","-","A","Annual","A","Annual","PCT","Percent","2017","","","","10.91"
"MFN applied tariffs","TP_A_0010","Simple average MFN applied tariff - all products","792","TUR","Türkiye","-","","-","-","-","-","-","A","Annual","A","Annual","PCT","Percent","2018","","","","10.73"
"MFN applied tariffs","TP_A_0010","Simple average MFN applied tariff - all products","792","TUR","Türkiye","-","","-","-","-","-","-","A","Annual","A","Annual","PCT","Percent","2019","","","","11.08"
"MFN applied tariffs","TP_A_0010","Simple average MFN applied tariff - all products","792","TUR","Türkiye","-","","-","-","-","-","-","A","Annual","A","Annual","PCT","Percent","2021","","","","10.71"
"MFN applied tariffs","TP_A_0010","Simple average MFN applied tariff - all products","792","TUR","Türkiye","-","","-","-","-","-","-","A","Annual","A","Annual","PCT","Percent","2022","","","","16.8371073067744"
"MFN applied tariffs","TP_A_0010","Simple average MFN applied tariff - all products","792","TUR","Türkiye","-","","-","-","-","-","-","A","Annual","A","Annual","PCT","Percent","2023","","","","16.1964529782187"
"MFN applied tariffs","TP_A_0010","Simple average MFN applied tariff - all products","792","TUR","Türkiye","-","","-","-","-","-","-","A","Annual","A","Annual","PCT","Percent","2024","","","","17.2995857322853"
"MFN applied tariffs","TP_A_0010","Simple average MFN applied tariff - all products","800","UGA","Uganda","-","","-","-","-","-","-","A","Annual","A","Annual","PCT","Percent","2015","","","","12.79"
"MFN applied tariffs","TP_A_0010","Simple average MFN applied tariff - all products","800","UGA","Uganda","-","","-","-","-","-","-","A","Annual","A","Annual","PCT","Percent","2016","","","","12.77"
"MFN applied tariffs","TP_A_0010","Simple average MFN applied tariff - all products","800","UGA","Uganda","-","","-","-","-","-","-","A","Annual","A","Annual","PCT","Percent","2017","","","","12.72"
"MFN applied tariffs","TP_A_0010","Simple average MFN applied tariff - all products","800","UGA","Uganda","-","","-","-","-","-","-","A","Annual","A","Annual","PCT","Percent","2018","","","","13.03"
"MFN applied tariffs","TP_A_0010","Simple average MFN applied tariff - all products","800","UGA","Uganda","-","","-","-","-","-","-","A","Annual","A","Annual","PCT","Percent","2019","","","","13.47"
"MFN applied tariffs","TP_A_0010","Simple average MFN applied tariff - all products","800","UGA","Uganda","-","","-","-","-","-","-","A","Annual","A","Annual","PCT","Percent","2020","","","","13.67"
"MFN applied tariffs","TP_A_0010","Simple average MFN applied tariff - all products","800","UGA","Uganda","-","","-","-","-","-","-","A","Annual","A","Annual","PCT","Percent","2021","","","","17.64"
"MFN applied tariffs","TP_A_0010","Simple average MFN applied tariff - all products","800","UGA","Uganda","-","","-","-","-","-","-","A","Annual","A","Annual","PCT","Percent","2022","","","","18.4038233805174"
"MFN applied tariffs","TP_A_0010","Simple average MFN applied tariff - all products","800","UGA","Uganda","-","","-","-","-","-","-","A","Annual","A","Annual","PCT","Percent","2023","","","","15.5966361229175"
"MFN applied tariffs","TP_A_0010","Simple average MFN applied tariff - all products","800","UGA","Uganda","-","","-","-","-","-","-","A","Annual","A","Annual","PCT","Percent","2024","","","","15.7743368792198"
"MFN applied tariffs","TP_A_0010","Simple average MFN applied tariff - all products","804","UKR","Ukraine","-","","-","-","-","-","-","A","Annual","A","Annual","PCT","Percent","2015","","","","4.51"
"MFN applied tariffs","TP_A_0010","Simple average MFN applied tariff - all products","804","UKR","Ukraine","-","","-","-","-","-","-","A","Annual","A","Annual","PCT","Percent","2016","","","","4.51"
"MFN applied tariffs","TP_A_0010","Simple average MFN applied tariff - all products","804","UKR","Ukraine","-","","-","-","-","-","-","A","Annual","A","Annual","PCT","Percent","2017","","","","4.51"
"MFN applied tariffs","TP_A_0010","Simple average MFN applied tariff - all products","804","UKR","Ukraine","-","","-","-","-","-","-","A","Annual","A","Annual","PCT","Percent","2018","","","","4.51"
"MFN applied tariffs","TP_A_0010","Simple average MFN applied tariff - all products","804","UKR","Ukraine","-","","-","-","-","-","-","A","Annual","A","Annual","PCT","Percent","2019","","","","4.51"
"MFN applied tariffs","TP_A_0010","Simple average MFN applied tariff - all products","804","UKR","Ukraine","-","","-","-","-","-","-","A","Annual","A","Annual","PCT","Percent","2020","","","","4.5"
"MFN applied tariffs","TP_A_0010","Simple average MFN applied tariff - all products","804","UKR","Ukraine","-","","-","-","-","-","-","A","Annual","A","Annual","PCT","Percent","2021","","","","4.41"
"MFN applied tariffs","TP_A_0010","Simple average MFN applied tariff - all products","804","UKR","Ukraine","-","","-","-","-","-","-","A","Annual","A","Annual","PCT","Percent","2022","","","","4.41223806687431"
"MFN applied tariffs","TP_A_0010","Simple average MFN applied tariff - all products","804","UKR","Ukraine","-","","-","-","-","-","-","A","Annual","A","Annual","PCT","Percent","2023","","","","4.31122260044343"
"MFN applied tariffs","TP_A_0010","Simple average MFN applied tariff - all products","804","UKR","Ukraine","-","","-","-","-","-","-","A","Annual","A","Annual","PCT","Percent","2024","","","","4.30979015351951"
"MFN applied tariffs","TP_A_0010","Simple average MFN applied tariff - all products","807","MKD","North Macedonia","-","","-","-","-","-","-","A","Annual","A","Annual","PCT","Percent","2021","","","","6.68"
"MFN applied tariffs","TP_A_0010","Simple average MFN applied tariff - all products","807","MKD","North Macedonia","-","","-","-","-","-","-","A","Annual","A","Annual","PCT","Percent","2022","","","","6.62427224493288"
"MFN applied tariffs","TP_A_0010","Simple average MFN applied tariff - all products","807","MKD","North Macedonia","-","","-","-","-","-","-","A","Annual","A","Annual","PCT","Percent","2023","","","","6.46157349438287"
"MFN applied tariffs","TP_A_0010","Simple average MFN applied tariff - all products","807","MKD","North Macedonia","-","","-","-","-","-","-","A","Annual","A","Annual","PCT","Percent","2024","","","","6.44993152518996"
"MFN applied tariffs","TP_A_0010","Simple average MFN applied tariff - all products","807","MKD","North Macedonia","-","","-","-","-","-","-","A","Annual","A","Annual","PCT","Percent","2015","","","","6.83"
"MFN applied tariffs","TP_A_0010","Simple average MFN applied tariff - all products","807","MKD","North Macedonia","-","","-","-","-","-","-","A","Annual","A","Annual","PCT","Percent","2016","","","","6.81"
"MFN applied tariffs","TP_A_0010","Simple average MFN applied tariff - all products","807","MKD","North Macedonia","-","","-","-","-","-","-","A","Annual","A","Annual","PCT","Percent","2017","","","","6.65"
"MFN applied tariffs","TP_A_0010","Simple average MFN applied tariff - all products","807","MKD","North Macedonia","-","","-","-","-","-","-","A","Annual","A","Annual","PCT","Percent","2018","","","","6.69"
"MFN applied tariffs","TP_A_0010","Simple average MFN applied tariff - all products","807","MKD","North Macedonia","-","","-","-","-","-","-","A","Annual","A","Annual","PCT","Percent","2019","","","","6.68"
"MFN applied tariffs","TP_A_0010","Simple average MFN applied tariff - all products","807","MKD","North Macedonia","-","","-","-","-","-","-","A","Annual","A","Annual","PCT","Percent","2020","","","","6.67"
"MFN applied tariffs","TP_A_0010","Simple average MFN applied tariff - all products","818","EGY","Egypt","-","","-","-","-","-","-","A","Annual","A","Annual","PCT","Percent","2015","","","","16.75"
"MFN applied tariffs","TP_A_0010","Simple average MFN applied tariff - all products","818","EGY","Egypt","-","","-","-","-","-","-","A","Annual","A","Annual","PCT","Percent","2016","","","","17.88"
"MFN applied tariffs","TP_A_0010","Simple average MFN applied tariff - all products","818","EGY","Egypt","-","","-","-","-","-","-","A","Annual","A","Annual","PCT","Percent","2017","","","","19.1"
"MFN applied tariffs","TP_A_0010","Simple average MFN applied tariff - all products","818","EGY","Egypt","-","","-","-","-","-","-","A","Annual","A","Annual","PCT","Percent","2018","","","","19.1"
"MFN applied tariffs","TP_A_0010","Simple average MFN applied tariff - all products","818","EGY","Egypt","-","","-","-","-","-","-","A","Annual","A","Annual","PCT","Percent","2019","","","","19.01"
"MFN applied tariffs","TP_A_0010","Simple average MFN applied tariff - all products","826","GBR","United Kingdom","-","","-","-","-","-","-","A","Annual","A","Annual","PCT","Percent","2021","","","","3.94"
"MFN applied tariffs","TP_A_0010","Simple average MFN applied tariff - all products","826","GBR","United Kingdom","-","","-","-","-","-","-","A","Annual","A","Annual","PCT","Percent","2022","","","","3.79923688436177"
"MFN applied tariffs","TP_A_0010","Simple average MFN applied tariff - all products","826","GBR","United Kingdom","-","","-","-","-","-","-","A","Annual","A","Annual","PCT","Percent","2023","","","","3.76938732633672"
"MFN applied tariffs","TP_A_0010","Simple average MFN applied tariff - all products","826","GBR","United Kingdom","-","","-","-","-","-","-","A","Annual","A","Annual","PCT","Percent","2024","","","","3.70810199231662"
"MFN applied tariffs","TP_A_0010","Simple average MFN applied tariff - all products","834","TZA","Tanzania","-","","-","-","-","-","-","A","Annual","A","Annual","PCT","Percent","2015","","","","12.86"
"MFN applied tariffs","TP_A_0010","Simple average MFN applied tariff - all products","834","TZA","Tanzania","-","","-","-","-","-","-","A","Annual","A","Annual","PCT","Percent","2016","","","","12.86"
"MFN applied tariffs","TP_A_0010","Simple average MFN applied tariff - all products","834","TZA","Tanzania","-","","-","-","-","-","-","A","Annual","A","Annual","PCT","Percent","2017","","","","12.87"
"MFN applied tariffs","TP_A_0010","Simple average MFN applied tariff - all products","834","TZA","Tanzania","-","","-","-","-","-","-","A","Annual","A","Annual","PCT","Percent","2018","","","","13.04"
"MFN applied tariffs","TP_A_0010","Simple average MFN applied tariff - all products","834","TZA","Tanzania","-","","-","-","-","-","-","A","Annual","A","Annual","PCT","Percent","2019","","","","13.12"
"MFN applied tariffs","TP_A_0010","Simple average MFN applied tariff - all products","834","TZA","Tanzania","-","","-","-","-","-","-","A","Annual","A","Annual","PCT","Percent","2020","","","","13.13"
"MFN applied tariffs","TP_A_0010","Simple average MFN applied tariff - all products","834","TZA","Tanzania","-","","-","-","-","-","-","A","Annual","A","Annual","PCT","Percent","2021","","","","13.13"
"MFN applied tariffs","TP_A_0010","Simple average MFN applied tariff - all products","834","TZA","Tanzania","-","","-","-","-","-","-","A","Annual","A","Annual","PCT","Percent","2022","","","","13.8980990639"
"MFN applied tariffs","TP_A_0010","Simple average MFN applied tariff - all products","834","TZA","Tanzania","-","","-","-","-","-","-","A","Annual","A","Annual","PCT","Percent","2023","","","","14.0523374988849"
"MFN applied tariffs","TP_A_0010","Simple average MFN applied tariff - all products","834","TZA","Tanzania","-","","-","-","-","-","-","A","Annual","A","Annual","PCT","Percent","2024","","","","14.1786601489136"
"MFN applied tariffs","TP_A_0010","Simple average MFN applied tariff - all products","840","USA","United States of America","-","","-","-","-","-","-","A","Annual","A","Annual","PCT","Percent","2015","","","","3.48"
"MFN applied tariffs","TP_A_0010","Simple average MFN applied tariff - all products","840","USA","United States of America","-","","-","-","-","-","-","A","Annual","A","Annual","PCT","Percent","2016","","","","3.48"
"MFN applied tariffs","TP_A_0010","Simple average MFN applied tariff - all products","840","USA","United States of America","-","","-","-","-","-","-","A","Annual","A","Annual","PCT","Percent","2017","","","","3.44"
"MFN applied tariffs","TP_A_0010","Simple average MFN applied tariff - all products","840","USA","United States of America","-","","-","-","-","-","-","A","Annual","A","Annual","PCT","Percent","2018","","","","3.45"
"MFN applied tariffs","TP_A_0010","Simple average MFN applied tariff - all products","840","USA","United States of America","-","","-","-","-","-","-","A","Annual","A","Annual","PCT","Percent","2019","","","","3.34"
"MFN applied tariffs","TP_A_0010","Simple average MFN applied tariff - all products","840","USA","United States of America","-","","-","-","-","-","-","A","Annual","A","Annual","PCT","Percent","2020","","","","3.4"
"MFN applied tariffs","TP_A_0010","Simple average MFN applied tariff - all products","840","USA","United States of America","-","","-","-","-","-","-","A","Annual","A","Annual","PCT","Percent","2021","","","","3.41"
"MFN applied tariffs","TP_A_0010","Simple average MFN applied tariff - all products","840","USA","United States of America","-","","-","-","-","-","-","A","Annual","A","Annual","PCT","Percent","2022","","","","3.34687941583668"
"MFN applied tariffs","TP_A_0010","Simple average MFN applied tariff - all products","840","USA","United States of America","-","","-","-","-","-","-","A","Annual","A","Annual","PCT","Percent","2023","","","","3.34656091999544"
"MFN applied tariffs","TP_A_0010","Simple average MFN applied tariff - all products","840","USA","United States of America","-","","-","-","-","-","-","A","Annual","A","Annual","PCT","Percent","2024","","","","3.34120719988402"
"MFN applied tariffs","TP_A_0010","Simple average MFN applied tariff - all products","854","BFA","Burkina Faso","-","","-","-","-","-","-","A","Annual","A","Annual","PCT","Percent","2015","","","","12.16"
"MFN applied tariffs","TP_A_0010","Simple average MFN applied tariff - all products","854","BFA","Burkina Faso","-","","-","-","-","-","-","A","Annual","A","Annual","PCT","Percent","2016","","","","12.16"
"MFN applied tariffs","TP_A_0010","Simple average MFN applied tariff - all products","854","BFA","Burkina Faso","-","","-","-","-","-","-","A","Annual","A","Annual","PCT","Percent","2017","","","","12.16"
"MFN applied tariffs","TP_A_0010","Simple average MFN applied tariff - all products","854","BFA","Burkina Faso","-","","-","-","-","-","-","A","Annual","A","Annual","PCT","Percent","2018","","","","12.16"
"MFN applied tariffs","TP_A_0010","Simple average MFN applied tariff - all products","854","BFA","Burkina Faso","-","","-","-","-","-","-","A","Annual","A","Annual","PCT","Percent","2019","","","","12.06"
"MFN applied tariffs","TP_A_0010","Simple average MFN applied tariff - all products","854","BFA","Burkina Faso","-","","-","-","-","-","-","A","Annual","A","Annual","PCT","Percent","2020","","","","12.06"
"MFN applied tariffs","TP_A_0010","Simple average MFN applied tariff - all products","854","BFA","Burkina Faso","-","","-","-","-","-","-","A","Annual","A","Annual","PCT","Percent","2021","","","","12.06"
"MFN applied tariffs","TP_A_0010","Simple average MFN applied tariff - all products","854","BFA","Burkina Faso","-","","-","-","-","-","-","A","Annual","A","Annual","PCT","Percent","2022","","","","12.0397538880652"
"MFN applied tariffs","TP_A_0010","Simple average MFN applied tariff - all products","854","BFA","Burkina Faso","-","","-","-","-","-","-","A","Annual","A","Annual","PCT","Percent","2023","","","","12.0397538880652"
"MFN applied tariffs","TP_A_0010","Simple average MFN applied tariff - all products","854","BFA","Burkina Faso","-","","-","-","-","-","-","A","Annual","A","Annual","PCT","Percent","2024","","","","12.0397538880652"
"MFN applied tariffs","TP_A_0010","Simple average MFN applied tariff - all products","858","URY","Uruguay","-","","-","-","-","-","-","A","Annual","A","Annual","PCT","Percent","2015","","","","10.51"
"MFN applied tariffs","TP_A_0010","Simple average MFN applied tariff - all products","858","URY","Uruguay","-","","-","-","-","-","-","A","Annual","A","Annual","PCT","Percent","2016","","","","10.44"
"MFN applied tariffs","TP_A_0010","Simple average MFN applied tariff - all products","858","URY","Uruguay","-","","-","-","-","-","-","A","Annual","A","Annual","PCT","Percent","2017","","","","10.33"
"MFN applied tariffs","TP_A_0010","Simple average MFN applied tariff - all products","858","URY","Uruguay","-","","-","-","-","-","-","A","Annual","A","Annual","PCT","Percent","2018","","","","10.32"
"MFN applied tariffs","TP_A_0010","Simple average MFN applied tariff - all products","858","URY","Uruguay","-","","-","-","-","-","-","A","Annual","A","Annual","PCT","Percent","2019","","","","10.33"
"MFN applied tariffs","TP_A_0010","Simple average MFN applied tariff - all products","858","URY","Uruguay","-","","-","-","-","-","-","A","Annual","A","Annual","PCT","Percent","2020","","","","10.29"
"MFN applied tariffs","TP_A_0010","Simple average MFN applied tariff - all products","858","URY","Uruguay","-","","-","-","-","-","-","A","Annual","A","Annual","PCT","Percent","2021","","","","10.26"
"MFN applied tariffs","TP_A_0010","Simple average MFN applied tariff - all products","858","URY","Uruguay","-","","-","-","-","-","-","A","Annual","A","Annual","PCT","Percent","2022","","","","10.0827295245048"
"MFN applied tariffs","TP_A_0010","Simple average MFN applied tariff - all products","858","URY","Uruguay","-","","-","-","-","-","-","A","Annual","A","Annual","PCT","Percent","2023","","","","10.1219364672383"
"MFN applied tariffs","TP_A_0010","Simple average MFN applied tariff - all products","858","URY","Uruguay","-","","-","-","-","-","-","A","Annual","A","Annual","PCT","Percent","2024","","","","9.02209527436848"
"MFN applied tariffs","TP_A_0010","Simple average MFN applied tariff - all products","860","UZB","Uzbekistan","-","","-","-","-","-","-","A","Annual","A","Annual","PCT","Percent","2015","","","","14.85"
"MFN applied tariffs","TP_A_0010","Simple average MFN applied tariff - all products","860","UZB","Uzbekistan","-","","-","-","-","-","-","A","Annual","A","Annual","PCT","Percent","2020","","","","7.57"
"MFN applied tariffs","TP_A_0010","Simple average MFN applied tariff - all products","860","UZB","Uzbekistan","-","","-","-","-","-","-","A","Annual","A","Annual","PCT","Percent","2021","","","","7.28407522659236"
"MFN applied tariffs","TP_A_0010","Simple average MFN applied tariff - all products","862","VEN","Venezuela, Bolivarian Republic of","-","","-","-","-","-","-","A","Annual","A","Annual","PCT","Percent","2015","","","","12.86"
"MFN applied tariffs","TP_A_0010","Simple average MFN applied tariff - all products","862","VEN","Venezuela, Bolivarian Republic of","-","","-","-","-","-","-","A","Annual","A","Annual","PCT","Percent","2016","","","","12.7"
"MFN applied tariffs","TP_A_0010","Simple average MFN applied tariff - all products","862","VEN","Venezuela, Bolivarian Republic of","-","","-","-","-","-","-","A","Annual","A","Annual","PCT","Percent","2017","","","","13.79"
"MFN applied tariffs","TP_A_0010","Simple average MFN applied tariff - all products","862","VEN","Venezuela, Bolivarian Republic of","-","","-","-","-","-","-","A","Annual","A","Annual","PCT","Percent","2018","","","","13.79"
"MFN applied tariffs","TP_A_0010","Simple average MFN applied tariff - all products","862","VEN","Venezuela, Bolivarian Republic of","-","","-","-","-","-","-","A","Annual","A","Annual","PCT","Percent","2019","","","","13.79"
"MFN applied tariffs","TP_A_0010","Simple average MFN applied tariff - all products","862","VEN","Venezuela, Bolivarian Republic of","-","","-","-","-","-","-","A","Annual","A","Annual","PCT","Percent","2021","","","","13.79"
"MFN applied tariffs","TP_A_0010","Simple average MFN applied tariff - all products","862","VEN","Venezuela, Bolivarian Republic of","-","","-","-","-","-","-","A","Annual","A","Annual","PCT","Percent","2022","","","","13.785639577604"
"MFN applied tariffs","TP_A_0010","Simple average MFN applied tariff - all products","862","VEN","Venezuela, Bolivarian Republic of","-","","-","-","-","-","-","A","Annual","A","Annual","PCT","Percent","2023","","","","13.785639577604"
"MFN applied tariffs","TP_A_0010","Simple average MFN applied tariff - all products","882","WSM","Samoa","-","","-","-","-","-","-","A","Annual","A","Annual","PCT","Percent","2015","","","","11.4"
"MFN applied tariffs","TP_A_0010","Simple average MFN applied tariff - all products","882","WSM","Samoa","-","","-","-","-","-","-","A","Annual","A","Annual","PCT","Percent","2016","","","","11.43"
"MFN applied tariffs","TP_A_0010","Simple average MFN applied tariff - all products","882","WSM","Samoa","-","","-","-","-","-","-","A","Annual","A","Annual","PCT","Percent","2017","","","","11.37"
"MFN applied tariffs","TP_A_0010","Simple average MFN applied tariff - all products","882","WSM","Samoa","-","","-","-","-","-","-","A","Annual","A","Annual","PCT","Percent","2018","","","","11.39"
"MFN applied tariffs","TP_A_0010","Simple average MFN applied tariff - all products","882","WSM","Samoa","-","","-","-","-","-","-","A","Annual","A","Annual","PCT","Percent","2021","","","","11.3169014835817"
"MFN applied tariffs","TP_A_0010","Simple average MFN applied tariff - all products","887","YEM","Yemen","-","","-","-","-","-","-","A","Annual","A","Annual","PCT","Percent","2015","","","","7.51"
"MFN applied tariffs","TP_A_0010","Simple average MFN applied tariff - all products","887","YEM","Yemen","-","","-","-","-","-","-","A","Annual","A","Annual","PCT","Percent","2016","","","","7.51"
"MFN applied tariffs","TP_A_0010","Simple average MFN applied tariff - all products","887","YEM","Yemen","-","","-","-","-","-","-","A","Annual","A","Annual","PCT","Percent","2017","","","","7.61"
"MFN applied tariffs","TP_A_0010","Simple average MFN applied tariff - all products","892","SRB","Serbia","-","","-","-","-","-","-","A","Annual","A","Annual","PCT","Percent","2015","","","","7.44"
"MFN applied tariffs","TP_A_0010","Simple average MFN applied tariff - all products","892","SRB","Serbia","-","","-","-","-","-","-","A","Annual","A","Annual","PCT","Percent","2016","","","","7.44"
"MFN applied tariffs","TP_A_0010","Simple average MFN applied tariff - all products","892","SRB","Serbia","-","","-","-","-","-","-","A","Annual","A","Annual","PCT","Percent","2017","","","","7.37"
"MFN applied tariffs","TP_A_0010","Simple average MFN applied tariff - all products","892","SRB","Serbia","-","","-","-","-","-","-","A","Annual","A","Annual","PCT","Percent","2018","","","","7.37"
"MFN applied tariffs","TP_A_0010","Simple average MFN applied tariff - all products","892","SRB","Serbia","-","","-","-","-","-","-","A","Annual","A","Annual","PCT","Percent","2019","","","","7.37"
"MFN applied tariffs","TP_A_0010","Simple average MFN applied tariff - all products","892","SRB","Serbia","-","","-","-","-","-","-","A","Annual","A","Annual","PCT","Percent","2021","","","","7.37"
"MFN applied tariffs","TP_A_0010","Simple average MFN applied tariff - all products","892","SRB","Serbia","-","","-","-","-","-","-","A","Annual","A","Annual","PCT","Percent","2022","","","","7.28224780906869"
"MFN applied tariffs","TP_A_0010","Simple average MFN applied tariff - all products","892","SRB","Serbia","-","","-","-","-","-","-","A","Annual","A","Annual","PCT","Percent","2023","","","","7.28190500651604"
"MFN applied tariffs","TP_A_0010","Simple average MFN applied tariff - all products","892","SRB","Serbia","-","","-","-","-","-","-","A","Annual","A","Annual","PCT","Percent","2024","","","","7.28228820683907"
"MFN applied tariffs","TP_A_0010","Simple average MFN applied tariff - all products","893","MNE","Montenegro","-","","-","-","-","-","-","A","Annual","A","Annual","PCT","Percent","2015","","","","4.01"
"MFN applied tariffs","TP_A_0010","Simple average MFN applied tariff - all products","893","MNE","Montenegro","-","","-","-","-","-","-","A","Annual","A","Annual","PCT","Percent","2016","","","","3.88"
"MFN applied tariffs","TP_A_0010","Simple average MFN applied tariff - all products","893","MNE","Montenegro","-","","-","-","-","-","-","A","Annual","A","Annual","PCT","Percent","2017","","","","3.76"
"MFN applied tariffs","TP_A_0010","Simple average MFN applied tariff - all products","893","MNE","Montenegro","-","","-","-","-","-","-","A","Annual","A","Annual","PCT","Percent","2018","","","","3.71"
"MFN applied tariffs","TP_A_0010","Simple average MFN applied tariff - all products","893","MNE","Montenegro","-","","-","-","-","-","-","A","Annual","A","Annual","PCT","Percent","2019","","","","3.74"
"MFN applied tariffs","TP_A_0010","Simple average MFN applied tariff - all products","893","MNE","Montenegro","-","","-","-","-","-","-","A","Annual","A","Annual","PCT","Percent","2020","","","","3.74"
"MFN applied tariffs","TP_A_0010","Simple average MFN applied tariff - all products","893","MNE","Montenegro","-","","-","-","-","-","-","A","Annual","A","Annual","PCT","Percent","2021","","","","3.73"
"MFN applied tariffs","TP_A_0010","Simple average MFN applied tariff - all products","893","MNE","Montenegro","-","","-","-","-","-","-","A","Annual","A","Annual","PCT","Percent","2022","","","","3.67426000408089"
"MFN applied tariffs","TP_A_0010","Simple average MFN applied tariff - all products","893","MNE","Montenegro","-","","-","-","-","-","-","A","Annual","A","Annual","PCT","Percent","2023","","","","3.69552680999014"
"MFN applied tariffs","TP_A_0010","Simple average MFN applied tariff - all products","893","MNE","Montenegro","-","","-","-","-","-","-","A","Annual","A","Annual","PCT","Percent","2024","","","","3.69263509537365"
"MFN applied tariffs","TP_A_0010","Simple average MFN applied tariff - all products","894","ZMB","Zambia","-","","-","-","-","-","-","A","Annual","A","Annual","PCT","Percent","2015","","","","13.58"
"MFN applied tariffs","TP_A_0010","Simple average MFN applied tariff - all products","894","ZMB","Zambia","-","","-","-","-","-","-","A","Annual","A","Annual","PCT","Percent","2016","","","","13.88"
"MFN applied tariffs","TP_A_0010","Simple average MFN applied tariff - all products","894","ZMB","Zambia","-","","-","-","-","-","-","A","Annual","A","Annual","PCT","Percent","2018","","","","13.5"
"MFN applied tariffs","TP_A_0010","Simple average MFN applied tariff - all products","894","ZMB","Zambia","-","","-","-","-","-","-","A","Annual","A","Annual","PCT","Percent","2021","","","","14.62"
"MFN applied tariffs","TP_A_0010","Simple average MFN applied tariff - all products","894","ZMB","Zambia","-","","-","-","-","-","-","A","Annual","A","Annual","PCT","Percent","2022","","","","14.5919326027292"
"MFN applied tariffs","TP_A_0010","Simple average MFN applied tariff - all products","894","ZMB","Zambia","-","","-","-","-","-","-","A","Annual","A","Annual","PCT","Percent","2023","","","","14.5684645998837"
"MFN applied tariffs","TP_A_0010","Simple average MFN applied tariff - all products","894","ZMB","Zambia","-","","-","-","-","-","-","A","Annual","A","Annual","PCT","Percent","2024","","","","14.5071591822155"
"MFN applied tariffs","TP_A_0010","Simple average MFN applied tariff - all products","918","EEC","European Union","-","","-","-","-","-","-","A","Annual","A","Annual","PCT","Percent","2015","","","","5.1"
"MFN applied tariffs","TP_A_0010","Simple average MFN applied tariff - all products","918","EEC","European Union","-","","-","-","-","-","-","A","Annual","A","Annual","PCT","Percent","2016","","","","5.16"
"MFN applied tariffs","TP_A_0010","Simple average MFN applied tariff - all products","918","EEC","European Union","-","","-","-","-","-","-","A","Annual","A","Annual","PCT","Percent","2017","","","","5.08"
"MFN applied tariffs","TP_A_0010","Simple average MFN applied tariff - all products","918","EEC","European Union","-","","-","-","-","-","-","A","Annual","A","Annual","PCT","Percent","2018","","","","5.23"
"MFN applied tariffs","TP_A_0010","Simple average MFN applied tariff - all products","918","EEC","European Union","-","","-","-","-","-","-","A","Annual","A","Annual","PCT","Percent","2019","","","","5.14"
"MFN applied tariffs","TP_A_0010","Simple average MFN applied tariff - all products","918","EEC","European Union","-","","-","-","-","-","-","A","Annual","A","Annual","PCT","Percent","2020","","","","5.1"
"MFN applied tariffs","TP_A_0010","Simple average MFN applied tariff - all products","918","EEC","European Union","-","","-","-","-","-","-","A","Annual","A","Annual","PCT","Percent","2021","","","","5.17"
"MFN applied tariffs","TP_A_0010","Simple average MFN applied tariff - all products","918","EEC","European Union","-","","-","-","-","-","-","A","Annual","A","Annual","PCT","Percent","2022","","","","5.08207623971913"
"MFN applied tariffs","TP_A_0010","Simple average MFN applied tariff - all products","918","EEC","European Union","-","","-","-","-","-","-","A","Annual","A","Annual","PCT","Percent","2023","","","","4.98929654469183"
"MFN applied tariffs","TP_A_0010","Simple average MFN applied tariff - all products","918","EEC","European Union","-","","-","-","-","-","-","A","Annual","A","Annual","PCT","Percent","2024","","","","4.95800119437114"
