Indicator Category,Indicator Code,Indicator,Reporting Economy Code,Reporting Economy ISO3A Code,Reporting Economy,Unit,Year,Value
MFN applied tariffs,TP_A_0010,Simple average MFN applied tariff - all products,4,AFG,Afghanistan,Percent,2018,6.46
MFN applied tariffs,TP_A_0010,Simple average MFN applied tariff - all products,8,ALB,Albania,Percent,2015,3.78
MFN applied tariffs,TP_A_0010,Simple average MFN applied tariff - all products,8,ALB,Albania,Percent,2016,3.76
MFN applied tariffs,TP_A_0010,Simple average MFN applied tariff - all products,8,ALB,Albania,Percent,2017,3.62
MFN applied tariffs,TP_A_0010,Simple average MFN applied tariff - all products,8,ALB,Albania,Percent,2018,3.64
MFN applied tariffs,TP_A_0010,Simple average MFN applied tariff - all products,8,ALB,Albania,Percent,2019,3.64
MFN applied tariffs,TP_A_0010,Simple average MFN applied tariff - all products,8,ALB,Albania,Percent,2020,3.6
MFN applied tariffs,TP_A_0010,Simple average MFN applied tariff - all products,8,ALB,Albania,Percent,2021,3.64
MFN applied tariffs,TP_A_0010,Simple average MFN applied tariff - all products,8,ALB,Albania,Percent,2022,3.564108458
MFN applied tariffs,TP_A_0010,Simple average MFN applied tariff - all products,8,ALB,Albania,Percent,2023,3.533537556
MFN applied tariffs,TP_A_0010,Simple average MFN applied tariff - all products,8,ALB,Albania,Percent,2024,3.530078321
MFN applied tariffs,TP_A_0010,Simple average MFN applied tariff - all products,12,DZA,Algeria,Percent,2015,18.77
MFN applied tariffs,TP_A_0010,Simple average MFN applied tariff - all products,12,DZA,Algeria,Percent,2016,18.87
MFN applied tariffs,TP_A_0010,Simple average MFN applied tariff - all products,12,DZA,Algeria,Percent,2017,18.81
MFN applied tariffs,TP_A_0010,Simple average MFN applied tariff - all products,12,DZA,Algeria,Percent,2018,18.94
MFN applied tariffs,TP_A_0010,Simple average MFN applied tariff - all products,12,DZA,Algeria,Percent,2019,18.94
MFN applied tariffs,TP_A_0010,Simple average MFN applied tariff - all products,12,DZA,Algeria,Percent,2021,18.97
MFN applied tariffs,TP_A_0010,Simple average MFN applied tariff - all products,12,DZA,Algeria,Percent,2022,18.8744301
MFN applied tariffs,TP_A_0010,Simple average MFN applied tariff - all products,24,AGO,Angola,Percent,2023,11.00748502
MFN applied tariffs,TP_A_0010,Simple average MFN applied tariff - all products,24,AGO,Angola,Percent,2015,11.4
MFN applied tariffs,TP_A_0010,Simple average MFN applied tariff - all products,24,AGO,Angola,Percent,2016,11.42
MFN applied tariffs,TP_A_0010,Simple average MFN applied tariff - all products,24,AGO,Angola,Percent,2018,9.17
MFN applied tariffs,TP_A_0010,Simple average MFN applied tariff - all products,24,AGO,Angola,Percent,2019,10.17
MFN applied tariffs,TP_A_0010,Simple average MFN applied tariff - all products,24,AGO,Angola,Percent,2021,10.86
MFN applied tariffs,TP_A_0010,Simple average MFN applied tariff - all products,24,AGO,Angola,Percent,2022,11.02960809
MFN applied tariffs,TP_A_0010,Simple average MFN applied tariff - all products,28,ATG,Antigua and Barbuda,Percent,2015,9.91
MFN applied tariffs,TP_A_0010,Simple average MFN applied tariff - all products,28,ATG,Antigua and Barbuda,Percent,2016,9.91
MFN applied tariffs,TP_A_0010,Simple average MFN applied tariff - all products,28,ATG,Antigua and Barbuda,Percent,2017,9.91
MFN applied tariffs,TP_A_0010,Simple average MFN applied tariff - all products,28,ATG,Antigua and Barbuda,Percent,2018,9.91
MFN applied tariffs,TP_A_0010,Simple average MFN applied tariff - all products,28,ATG,Antigua and Barbuda,Percent,2019,9.91
MFN applied tariffs,TP_A_0010,Simple average MFN applied tariff - all products,28,ATG,Antigua and Barbuda,Percent,2021,9.91
MFN applied tariffs,TP_A_0010,Simple average MFN applied tariff - all products,28,ATG,Antigua and Barbuda,Percent,2022,9.909421749
MFN applied tariffs,TP_A_0010,Simple average MFN applied tariff - all products,31,AZE,Azerbaijan,Percent,2015,9.05
MFN applied tariffs,TP_A_0010,Simple average MFN applied tariff - all products,31,AZE,Azerbaijan,Percent,2019,8.69
MFN applied tariffs,TP_A_0010,Simple average MFN applied tariff - all products,31,AZE,Azerbaijan,Percent,2021,8.48
MFN applied tariffs,TP_A_0010,Simple average MFN applied tariff - all products,31,AZE,Azerbaijan,Percent,2022,8.239853658
MFN applied tariffs,TP_A_0010,Simple average MFN applied tariff - all products,31,AZE,Azerbaijan,Percent,2023,8.190305771
MFN applied tariffs,TP_A_0010,Simple average MFN applied tariff - all products,31,AZE,Azerbaijan,Percent,2024,7.819145806
MFN applied tariffs,TP_A_0010,Simple average MFN applied tariff - all products,32,ARG,Argentina,Percent,2015,13.64
MFN applied tariffs,TP_A_0010,Simple average MFN applied tariff - all products,32,ARG,Argentina,Percent,2016,13.73
MFN applied tariffs,TP_A_0010,Simple average MFN applied tariff - all products,32,ARG,Argentina,Percent,2017,13.69
MFN applied tariffs,TP_A_0010,Simple average MFN applied tariff - all products,32,ARG,Argentina,Percent,2018,13.65
MFN applied tariffs,TP_A_0010,Simple average MFN applied tariff - all products,32,ARG,Argentina,Percent,2019,13.46
MFN applied tariffs,TP_A_0010,Simple average MFN applied tariff - all products,32,ARG,Argentina,Percent,2020,13.4
MFN applied tariffs,TP_A_0010,Simple average MFN applied tariff - all products,32,ARG,Argentina,Percent,2021,13.36
MFN applied tariffs,TP_A_0010,Simple average MFN applied tariff - all products,32,ARG,Argentina,Percent,2022,13.34977033
MFN applied tariffs,TP_A_0010,Simple average MFN applied tariff - all products,32,ARG,Argentina,Percent,2023,13.39289708
MFN applied tariffs,TP_A_0010,Simple average MFN applied tariff - all products,32,ARG,Argentina,Percent,2024,12.52814614
MFN applied tariffs,TP_A_0010,Simple average MFN applied tariff - all products,36,AUS,Australia,Percent,2015,2.52
MFN applied tariffs,TP_A_0010,Simple average MFN applied tariff - all products,36,AUS,Australia,Percent,2016,2.52
MFN applied tariffs,TP_A_0010,Simple average MFN applied tariff - all products,36,AUS,Australia,Percent,2017,2.5
MFN applied tariffs,TP_A_0010,Simple average MFN applied tariff - all products,36,AUS,Australia,Percent,2018,2.45
MFN applied tariffs,TP_A_0010,Simple average MFN applied tariff - all products,36,AUS,Australia,Percent,2019,2.41
MFN applied tariffs,TP_A_0010,Simple average MFN applied tariff - all products,36,AUS,Australia,Percent,2020,2.41
MFN applied tariffs,TP_A_0010,Simple average MFN applied tariff - all products,36,AUS,Australia,Percent,2021,2.41
MFN applied tariffs,TP_A_0010,Simple average MFN applied tariff - all products,36,AUS,Australia,Percent,2022,2.400678546
MFN applied tariffs,TP_A_0010,Simple average MFN applied tariff - all products,36,AUS,Australia,Percent,2023,2.399554844
MFN applied tariffs,TP_A_0010,Simple average MFN applied tariff - all products,36,AUS,Australia,Percent,2024,2.398440985
MFN applied tariffs,TP_A_0010,Simple average MFN applied tariff - all products,44,BHS,Bahamas,Percent,2015,33.88
MFN applied tariffs,TP_A_0010,Simple average MFN applied tariff - all products,44,BHS,Bahamas,Percent,2016,33.23
MFN applied tariffs,TP_A_0010,Simple average MFN applied tariff - all products,44,BHS,Bahamas,Percent,2018,32.45
MFN applied tariffs,TP_A_0010,Simple average MFN applied tariff - all products,44,BHS,Bahamas,Percent,2024,30.33595757
MFN applied tariffs,TP_A_0010,Simple average MFN applied tariff - all products,48,BHR,"Bahrain, Kingdom of",Percent,2015,4.7
MFN applied tariffs,TP_A_0010,Simple average MFN applied tariff - all products,48,BHR,"Bahrain, Kingdom of",Percent,2016,4.72
MFN applied tariffs,TP_A_0010,Simple average MFN applied tariff - all products,48,BHR,"Bahrain, Kingdom of",Percent,2017,4.83
MFN applied tariffs,TP_A_0010,Simple average MFN applied tariff - all products,48,BHR,"Bahrain, Kingdom of",Percent,2018,5.3
MFN applied tariffs,TP_A_0010,Simple average MFN applied tariff - all products,48,BHR,"Bahrain, Kingdom of",Percent,2019,4.78
MFN applied tariffs,TP_A_0010,Simple average MFN applied tariff - all products,48,BHR,"Bahrain, Kingdom of",Percent,2020,4.78
MFN applied tariffs,TP_A_0010,Simple average MFN applied tariff - all products,48,BHR,"Bahrain, Kingdom of",Percent,2021,4.79
MFN applied tariffs,TP_A_0010,Simple average MFN applied tariff - all products,48,BHR,"Bahrain, Kingdom of",Percent,2022,4.496247281
MFN applied tariffs,TP_A_0010,Simple average MFN applied tariff - all products,48,BHR,"Bahrain, Kingdom of",Percent,2023,4.513359582
MFN applied tariffs,TP_A_0010,Simple average MFN applied tariff - all products,48,BHR,"Bahrain, Kingdom of",Percent,2024,4.721855332
MFN applied tariffs,TP_A_0010,Simple average MFN applied tariff - all products,50,BGD,Bangladesh,Percent,2015,13.87
MFN applied tariffs,TP_A_0010,Simple average MFN applied tariff - all products,50,BGD,Bangladesh,Percent,2016,13.87
MFN applied tariffs,TP_A_0010,Simple average MFN applied tariff - all products,50,BGD,Bangladesh,Percent,2018,13.99
MFN applied tariffs,TP_A_0010,Simple average MFN applied tariff - all products,50,BGD,Bangladesh,Percent,2019,13.96
MFN applied tariffs,TP_A_0010,Simple average MFN applied tariff - all products,50,BGD,Bangladesh,Percent,2021,13.97
MFN applied tariffs,TP_A_0010,Simple average MFN applied tariff - all products,50,BGD,Bangladesh,Percent,2022,14.14394358
MFN applied tariffs,TP_A_0010,Simple average MFN applied tariff - all products,50,BGD,Bangladesh,Percent,2023,14.06699144
MFN applied tariffs,TP_A_0010,Simple average MFN applied tariff - all products,50,BGD,Bangladesh,Percent,2024,14.07795952
MFN applied tariffs,TP_A_0010,Simple average MFN applied tariff - all products,51,ARM,Armenia,Percent,2015,6.09
MFN applied tariffs,TP_A_0010,Simple average MFN applied tariff - all products,51,ARM,Armenia,Percent,2016,6.23
MFN applied tariffs,TP_A_0010,Simple average MFN applied tariff - all products,51,ARM,Armenia,Percent,2017,5.95
MFN applied tariffs,TP_A_0010,Simple average MFN applied tariff - all products,51,ARM,Armenia,Percent,2018,6.5
MFN applied tariffs,TP_A_0010,Simple average MFN applied tariff - all products,51,ARM,Armenia,Percent,2019,6.25
MFN applied tariffs,TP_A_0010,Simple average MFN applied tariff - all products,51,ARM,Armenia,Percent,2021,6.35
MFN applied tariffs,TP_A_0010,Simple average MFN applied tariff - all products,51,ARM,Armenia,Percent,2022,6.32298759
MFN applied tariffs,TP_A_0010,Simple average MFN applied tariff - all products,51,ARM,Armenia,Percent,2023,6.337271251
MFN applied tariffs,TP_A_0010,Simple average MFN applied tariff - all products,51,ARM,Armenia,Percent,2024,6.370189559
MFN applied tariffs,TP_A_0010,Simple average MFN applied tariff - all products,52,BRB,Barbados,Percent,2021,11.72
MFN applied tariffs,TP_A_0010,Simple average MFN applied tariff - all products,52,BRB,Barbados,Percent,2022,13.91978724
MFN applied tariffs,TP_A_0010,Simple average MFN applied tariff - all products,64,BTN,Bhutan,Percent,2015,22.29
MFN applied tariffs,TP_A_0010,Simple average MFN applied tariff - all products,64,BTN,Bhutan,Percent,2019,22.11
MFN applied tariffs,TP_A_0010,Simple average MFN applied tariff - all products,64,BTN,Bhutan,Percent,2021,9.73
MFN applied tariffs,TP_A_0010,Simple average MFN applied tariff - all products,64,BTN,Bhutan,Percent,2022,9.79003487
MFN applied tariffs,TP_A_0010,Simple average MFN applied tariff - all products,64,BTN,Bhutan,Percent,2023,9.337848274
MFN applied tariffs,TP_A_0010,Simple average MFN applied tariff - all products,64,BTN,Bhutan,Percent,2024,9.332501634
MFN applied tariffs,TP_A_0010,Simple average MFN applied tariff - all products,68,BOL,"Bolivia, Plurinational State of",Percent,2015,11.63
MFN applied tariffs,TP_A_0010,Simple average MFN applied tariff - all products,68,BOL,"Bolivia, Plurinational State of",Percent,2016,11.69
MFN applied tariffs,TP_A_0010,Simple average MFN applied tariff - all products,68,BOL,"Bolivia, Plurinational State of",Percent,2017,11.77
MFN applied tariffs,TP_A_0010,Simple average MFN applied tariff - all products,68,BOL,"Bolivia, Plurinational State of",Percent,2018,11.79
MFN applied tariffs,TP_A_0010,Simple average MFN applied tariff - all products,68,BOL,"Bolivia, Plurinational State of",Percent,2019,11.8
MFN applied tariffs,TP_A_0010,Simple average MFN applied tariff - all products,68,BOL,"Bolivia, Plurinational State of",Percent,2020,11.8
MFN applied tariffs,TP_A_0010,Simple average MFN applied tariff - all products,68,BOL,"Bolivia, Plurinational State of",Percent,2021,11.83
MFN applied tariffs,TP_A_0010,Simple average MFN applied tariff - all products,68,BOL,"Bolivia, Plurinational State of",Percent,2022,11.67126704
MFN applied tariffs,TP_A_0010,Simple average MFN applied tariff - all products,68,BOL,"Bolivia, Plurinational State of",Percent,2023,11.76306833
MFN applied tariffs,TP_A_0010,Simple average MFN applied tariff - all products,70,BIH,Bosnia and Herzegovina,Percent,2015,6.31
MFN applied tariffs,TP_A_0010,Simple average MFN applied tariff - all products,70,BIH,Bosnia and Herzegovina,Percent,2016,6.32
MFN applied tariffs,TP_A_0010,Simple average MFN applied tariff - all products,70,BIH,Bosnia and Herzegovina,Percent,2017,6.26
MFN applied tariffs,TP_A_0010,Simple average MFN applied tariff - all products,70,BIH,Bosnia and Herzegovina,Percent,2018,6.32
MFN applied tariffs,TP_A_0010,Simple average MFN applied tariff - all products,70,BIH,Bosnia and Herzegovina,Percent,2019,6.28
MFN applied tariffs,TP_A_0010,Simple average MFN applied tariff - all products,70,BIH,Bosnia and Herzegovina,Percent,2021,6.36
MFN applied tariffs,TP_A_0010,Simple average MFN applied tariff - all products,70,BIH,Bosnia and Herzegovina,Percent,2022,6.218937412
MFN applied tariffs,TP_A_0010,Simple average MFN applied tariff - all products,70,BIH,Bosnia and Herzegovina,Percent,2023,6.169359998
MFN applied tariffs,TP_A_0010,Simple average MFN applied tariff - all products,70,BIH,Bosnia and Herzegovina,Percent,2024,6.097633994
MFN applied tariffs,TP_A_0010,Simple average MFN applied tariff - all products,72,BWA,Botswana,Percent,2015,7.6
MFN applied tariffs,TP_A_0010,Simple average MFN applied tariff - all products,72,BWA,Botswana,Percent,2016,7.63
MFN applied tariffs,TP_A_0010,Simple average MFN applied tariff - all products,72,BWA,Botswana,Percent,2017,7.64
MFN applied tariffs,TP_A_0010,Simple average MFN applied tariff - all products,72,BWA,Botswana,Percent,2018,7.69
MFN applied tariffs,TP_A_0010,Simple average MFN applied tariff - all products,72,BWA,Botswana,Percent,2019,7.68
MFN applied tariffs,TP_A_0010,Simple average MFN applied tariff - all products,72,BWA,Botswana,Percent,2020,7.68
MFN applied tariffs,TP_A_0010,Simple average MFN applied tariff - all products,72,BWA,Botswana,Percent,2021,7.73
MFN applied tariffs,TP_A_0010,Simple average MFN applied tariff - all products,72,BWA,Botswana,Percent,2022,7.554076654
MFN applied tariffs,TP_A_0010,Simple average MFN applied tariff - all products,72,BWA,Botswana,Percent,2023,7.529296929
MFN applied tariffs,TP_A_0010,Simple average MFN applied tariff - all products,72,BWA,Botswana,Percent,2024,7.526031913
MFN applied tariffs,TP_A_0010,Simple average MFN applied tariff - all products,76,BRA,Brazil,Percent,2015,13.53
MFN applied tariffs,TP_A_0010,Simple average MFN applied tariff - all products,76,BRA,Brazil,Percent,2022,11.13370172
MFN applied tariffs,TP_A_0010,Simple average MFN applied tariff - all products,76,BRA,Brazil,Percent,2023,11.1767884
MFN applied tariffs,TP_A_0010,Simple average MFN applied tariff - all products,76,BRA,Brazil,Percent,2024,12.0322386
MFN applied tariffs,TP_A_0010,Simple average MFN applied tariff - all products,76,BRA,Brazil,Percent,2016,13.53
MFN applied tariffs,TP_A_0010,Simple average MFN applied tariff - all products,76,BRA,Brazil,Percent,2017,13.41
MFN applied tariffs,TP_A_0010,Simple average MFN applied tariff - all products,76,BRA,Brazil,Percent,2018,13.38
MFN applied tariffs,TP_A_0010,Simple average MFN applied tariff - all products,76,BRA,Brazil,Percent,2019,13.38
MFN applied tariffs,TP_A_0010,Simple average MFN applied tariff - all products,76,BRA,Brazil,Percent,2020,13.31
MFN applied tariffs,TP_A_0010,Simple average MFN applied tariff - all products,76,BRA,Brazil,Percent,2021,13.29
MFN applied tariffs,TP_A_0010,Simple average MFN applied tariff - all products,84,BLZ,Belize,Percent,2015,10.92
MFN applied tariffs,TP_A_0010,Simple average MFN applied tariff - all products,84,BLZ,Belize,Percent,2016,10.95
MFN applied tariffs,TP_A_0010,Simple average MFN applied tariff - all products,84,BLZ,Belize,Percent,2017,11.65
MFN applied tariffs,TP_A_0010,Simple average MFN applied tariff - all products,84,BLZ,Belize,Percent,2018,11.93
MFN applied tariffs,TP_A_0010,Simple average MFN applied tariff - all products,84,BLZ,Belize,Percent,2019,11.9
MFN applied tariffs,TP_A_0010,Simple average MFN applied tariff - all products,84,BLZ,Belize,Percent,2021,11.90127415
MFN applied tariffs,TP_A_0010,Simple average MFN applied tariff - all products,84,BLZ,Belize,Percent,2023,11.93271292
MFN applied tariffs,TP_A_0010,Simple average MFN applied tariff - all products,84,BLZ,Belize,Percent,2024,11.93715978
MFN applied tariffs,TP_A_0010,Simple average MFN applied tariff - all products,90,SLB,Solomon Islands,Percent,2015,9.58
MFN applied tariffs,TP_A_0010,Simple average MFN applied tariff - all products,90,SLB,Solomon Islands,Percent,2016,9.63
MFN applied tariffs,TP_A_0010,Simple average MFN applied tariff - all products,90,SLB,Solomon Islands,Percent,2017,9.6
MFN applied tariffs,TP_A_0010,Simple average MFN applied tariff - all products,90,SLB,Solomon Islands,Percent,2018,9.75
MFN applied tariffs,TP_A_0010,Simple average MFN applied tariff - all products,90,SLB,Solomon Islands,Percent,2019,9.64
MFN applied tariffs,TP_A_0010,Simple average MFN applied tariff - all products,90,SLB,Solomon Islands,Percent,2021,9.91
MFN applied tariffs,TP_A_0010,Simple average MFN applied tariff - all products,90,SLB,Solomon Islands,Percent,2022,9.629270052
MFN applied tariffs,TP_A_0010,Simple average MFN applied tariff - all products,96,BRN,Brunei Darussalam,Percent,2023,0.500896973
MFN applied tariffs,TP_A_0010,Simple average MFN applied tariff - all products,96,BRN,Brunei Darussalam,Percent,2024,0.50072357
MFN applied tariffs,TP_A_0010,Simple average MFN applied tariff - all products,96,BRN,Brunei Darussalam,Percent,2016,1.16
MFN applied tariffs,TP_A_0010,Simple average MFN applied tariff - all products,96,BRN,Brunei Darussalam,Percent,2017,0.25
MFN applied tariffs,TP_A_0010,Simple average MFN applied tariff - all products,96,BRN,Brunei Darussalam,Percent,2018,0.25
MFN applied tariffs,TP_A_0010,Simple average MFN applied tariff - all products,96,BRN,Brunei Darussalam,Percent,2019,0.25
MFN applied tariffs,TP_A_0010,Simple average MFN applied tariff - all products,96,BRN,Brunei Darussalam,Percent,2021,0.25
MFN applied tariffs,TP_A_0010,Simple average MFN applied tariff - all products,96,BRN,Brunei Darussalam,Percent,2022,0.246234367
MFN applied tariffs,TP_A_0010,Simple average MFN applied tariff - all products,104,MMR,Myanmar,Percent,2015,5.6
MFN applied tariffs,TP_A_0010,Simple average MFN applied tariff - all products,104,MMR,Myanmar,Percent,2017,6.5
MFN applied tariffs,TP_A_0010,Simple average MFN applied tariff - all products,104,MMR,Myanmar,Percent,2018,6.5
MFN applied tariffs,TP_A_0010,Simple average MFN applied tariff - all products,104,MMR,Myanmar,Percent,2019,6.51
MFN applied tariffs,TP_A_0010,Simple average MFN applied tariff - all products,104,MMR,Myanmar,Percent,2020,6.52
MFN applied tariffs,TP_A_0010,Simple average MFN applied tariff - all products,104,MMR,Myanmar,Percent,2021,6.5
MFN applied tariffs,TP_A_0010,Simple average MFN applied tariff - all products,104,MMR,Myanmar,Percent,2022,7.625132227
MFN applied tariffs,TP_A_0010,Simple average MFN applied tariff - all products,104,MMR,Myanmar,Percent,2023,7.625132227
MFN applied tariffs,TP_A_0010,Simple average MFN applied tariff - all products,104,MMR,Myanmar,Percent,2024,7.625132227
MFN applied tariffs,TP_A_0010,Simple average MFN applied tariff - all products,108,BDI,Burundi,Percent,2015,12.82
MFN applied tariffs,TP_A_0010,Simple average MFN applied tariff - all products,108,BDI,Burundi,Percent,2016,12.77
MFN applied tariffs,TP_A_0010,Simple average MFN applied tariff - all products,108,BDI,Burundi,Percent,2017,12.81
MFN applied tariffs,TP_A_0010,Simple average MFN applied tariff - all products,108,BDI,Burundi,Percent,2018,12.81
MFN applied tariffs,TP_A_0010,Simple average MFN applied tariff - all products,108,BDI,Burundi,Percent,2019,12.82
MFN applied tariffs,TP_A_0010,Simple average MFN applied tariff - all products,108,BDI,Burundi,Percent,2020,12.8
MFN applied tariffs,TP_A_0010,Simple average MFN applied tariff - all products,108,BDI,Burundi,Percent,2021,12.77
MFN applied tariffs,TP_A_0010,Simple average MFN applied tariff - all products,108,BDI,Burundi,Percent,2022,13.55980184
MFN applied tariffs,TP_A_0010,Simple average MFN applied tariff - all products,108,BDI,Burundi,Percent,2023,13.95898816
MFN applied tariffs,TP_A_0010,Simple average MFN applied tariff - all products,108,BDI,Burundi,Percent,2024,13.95757294
MFN applied tariffs,TP_A_0010,Simple average MFN applied tariff - all products,112,BLR,Belarus,Percent,2015,7.77
MFN applied tariffs,TP_A_0010,Simple average MFN applied tariff - all products,112,BLR,Belarus,Percent,2016,7.19
MFN applied tariffs,TP_A_0010,Simple average MFN applied tariff - all products,112,BLR,Belarus,Percent,2017,6.76
MFN applied tariffs,TP_A_0010,Simple average MFN applied tariff - all products,112,BLR,Belarus,Percent,2018,6.82
MFN applied tariffs,TP_A_0010,Simple average MFN applied tariff - all products,112,BLR,Belarus,Percent,2019,6.81
MFN applied tariffs,TP_A_0010,Simple average MFN applied tariff - all products,112,BLR,Belarus,Percent,2021,6.65
MFN applied tariffs,TP_A_0010,Simple average MFN applied tariff - all products,112,BLR,Belarus,Percent,2022,6.59295694
MFN applied tariffs,TP_A_0010,Simple average MFN applied tariff - all products,112,BLR,Belarus,Percent,2023,6.555553348
MFN applied tariffs,TP_A_0010,Simple average MFN applied tariff - all products,112,BLR,Belarus,Percent,2024,6.581188507
MFN applied tariffs,TP_A_0010,Simple average MFN applied tariff - all products,116,KHM,Cambodia,Percent,2024,9.378053638
MFN applied tariffs,TP_A_0010,Simple average MFN applied tariff - all products,116,KHM,Cambodia,Percent,2016,11.2
MFN applied tariffs,TP_A_0010,Simple average MFN applied tariff - all products,116,KHM,Cambodia,Percent,2017,11.13
MFN applied tariffs,TP_A_0010,Simple average MFN applied tariff - all products,116,KHM,Cambodia,Percent,2020,10.35
MFN applied tariffs,TP_A_0010,Simple average MFN applied tariff - all products,116,KHM,Cambodia,Percent,2021,10.19
MFN applied tariffs,TP_A_0010,Simple average MFN applied tariff - all products,116,KHM,Cambodia,Percent,2022,10.16636669
MFN applied tariffs,TP_A_0010,Simple average MFN applied tariff - all products,116,KHM,Cambodia,Percent,2023,9.37909442
MFN applied tariffs,TP_A_0010,Simple average MFN applied tariff - all products,120,CMR,Cameroon,Percent,2019,18.23
MFN applied tariffs,TP_A_0010,Simple average MFN applied tariff - all products,120,CMR,Cameroon,Percent,2022,18.05525192
MFN applied tariffs,TP_A_0010,Simple average MFN applied tariff - all products,120,CMR,Cameroon,Percent,2023,18.05525192
MFN applied tariffs,TP_A_0010,Simple average MFN applied tariff - all products,124,CAN,Canada,Percent,2015,4.24
MFN applied tariffs,TP_A_0010,Simple average MFN applied tariff - all products,124,CAN,Canada,Percent,2016,4.08
MFN applied tariffs,TP_A_0010,Simple average MFN applied tariff - all products,124,CAN,Canada,Percent,2023,3.786312308
MFN applied tariffs,TP_A_0010,Simple average MFN applied tariff - all products,124,CAN,Canada,Percent,2024,3.817986419
MFN applied tariffs,TP_A_0010,Simple average MFN applied tariff - all products,124,CAN,Canada,Percent,2017,3.99
MFN applied tariffs,TP_A_0010,Simple average MFN applied tariff - all products,124,CAN,Canada,Percent,2018,4.01
MFN applied tariffs,TP_A_0010,Simple average MFN applied tariff - all products,124,CAN,Canada,Percent,2019,3.89
MFN applied tariffs,TP_A_0010,Simple average MFN applied tariff - all products,124,CAN,Canada,Percent,2020,3.9
MFN applied tariffs,TP_A_0010,Simple average MFN applied tariff - all products,124,CAN,Canada,Percent,2021,4
MFN applied tariffs,TP_A_0010,Simple average MFN applied tariff - all products,124,CAN,Canada,Percent,2022,3.760675476
MFN applied tariffs,TP_A_0010,Simple average MFN applied tariff - all products,132,CPV,Cabo Verde,Percent,2015,10.04
MFN applied tariffs,TP_A_0010,Simple average MFN applied tariff - all products,132,CPV,Cabo Verde,Percent,2017,10.01
MFN applied tariffs,TP_A_0010,Simple average MFN applied tariff - all products,132,CPV,Cabo Verde,Percent,2019,10.2
MFN applied tariffs,TP_A_0010,Simple average MFN applied tariff - all products,132,CPV,Cabo Verde,Percent,2020,10.2
MFN applied tariffs,TP_A_0010,Simple average MFN applied tariff - all products,132,CPV,Cabo Verde,Percent,2021,10.2
MFN applied tariffs,TP_A_0010,Simple average MFN applied tariff - all products,132,CPV,Cabo Verde,Percent,2022,11.92743866
MFN applied tariffs,TP_A_0010,Simple average MFN applied tariff - all products,132,CPV,Cabo Verde,Percent,2023,11.94296052
MFN applied tariffs,TP_A_0010,Simple average MFN applied tariff - all products,132,CPV,Cabo Verde,Percent,2024,11.93630335
MFN applied tariffs,TP_A_0010,Simple average MFN applied tariff - all products,140,CAF,Central African Republic,Percent,2015,18
MFN applied tariffs,TP_A_0010,Simple average MFN applied tariff - all products,140,CAF,Central African Republic,Percent,2016,18
MFN applied tariffs,TP_A_0010,Simple average MFN applied tariff - all products,140,CAF,Central African Republic,Percent,2017,18
MFN applied tariffs,TP_A_0010,Simple average MFN applied tariff - all products,140,CAF,Central African Republic,Percent,2022,18.05525192
MFN applied tariffs,TP_A_0010,Simple average MFN applied tariff - all products,140,CAF,Central African Republic,Percent,2023,18.05525192
MFN applied tariffs,TP_A_0010,Simple average MFN applied tariff - all products,140,CAF,Central African Republic,Percent,2024,18.05525192
MFN applied tariffs,TP_A_0010,Simple average MFN applied tariff - all products,144,LKA,Sri Lanka,Percent,2015,9.3
MFN applied tariffs,TP_A_0010,Simple average MFN applied tariff - all products,144,LKA,Sri Lanka,Percent,2017,9.25
MFN applied tariffs,TP_A_0010,Simple average MFN applied tariff - all products,144,LKA,Sri Lanka,Percent,2018,9.3
MFN applied tariffs,TP_A_0010,Simple average MFN applied tariff - all products,144,LKA,Sri Lanka,Percent,2019,9.32
MFN applied tariffs,TP_A_0010,Simple average MFN applied tariff - all products,144,LKA,Sri Lanka,Percent,2021,5.95
MFN applied tariffs,TP_A_0010,Simple average MFN applied tariff - all products,144,LKA,Sri Lanka,Percent,2022,5.909664909
MFN applied tariffs,TP_A_0010,Simple average MFN applied tariff - all products,144,LKA,Sri Lanka,Percent,2023,8.428177448
MFN applied tariffs,TP_A_0010,Simple average MFN applied tariff - all products,144,LKA,Sri Lanka,Percent,2024,8.365287757
MFN applied tariffs,TP_A_0010,Simple average MFN applied tariff - all products,148,TCD,Chad,Percent,2015,17.87
MFN applied tariffs,TP_A_0010,Simple average MFN applied tariff - all products,148,TCD,Chad,Percent,2016,17.86
MFN applied tariffs,TP_A_0010,Simple average MFN applied tariff - all products,148,TCD,Chad,Percent,2022,18.05525192
MFN applied tariffs,TP_A_0010,Simple average MFN applied tariff - all products,148,TCD,Chad,Percent,2023,18.05525192
MFN applied tariffs,TP_A_0010,Simple average MFN applied tariff - all products,148,TCD,Chad,Percent,2024,17.90955596
MFN applied tariffs,TP_A_0010,Simple average MFN applied tariff - all products,152,CHL,Chile,Percent,2015,5.98
MFN applied tariffs,TP_A_0010,Simple average MFN applied tariff - all products,152,CHL,Chile,Percent,2022,5.984053186
MFN applied tariffs,TP_A_0010,Simple average MFN applied tariff - all products,152,CHL,Chile,Percent,2023,5.977092629
MFN applied tariffs,TP_A_0010,Simple average MFN applied tariff - all products,152,CHL,Chile,Percent,2024,5.977092629
MFN applied tariffs,TP_A_0010,Simple average MFN applied tariff - all products,152,CHL,Chile,Percent,2016,5.98
MFN applied tariffs,TP_A_0010,Simple average MFN applied tariff - all products,152,CHL,Chile,Percent,2017,5.96
MFN applied tariffs,TP_A_0010,Simple average MFN applied tariff - all products,152,CHL,Chile,Percent,2018,5.96
MFN applied tariffs,TP_A_0010,Simple average MFN applied tariff - all products,152,CHL,Chile,Percent,2019,5.98
MFN applied tariffs,TP_A_0010,Simple average MFN applied tariff - all products,152,CHL,Chile,Percent,2020,5.98
MFN applied tariffs,TP_A_0010,Simple average MFN applied tariff - all products,152,CHL,Chile,Percent,2021,5.98
MFN applied tariffs,TP_A_0010,Simple average MFN applied tariff - all products,156,CHN,China,Percent,2015,9.93
MFN applied tariffs,TP_A_0010,Simple average MFN applied tariff - all products,156,CHN,China,Percent,2016,9.92
MFN applied tariffs,TP_A_0010,Simple average MFN applied tariff - all products,156,CHN,China,Percent,2017,9.78
MFN applied tariffs,TP_A_0010,Simple average MFN applied tariff - all products,156,CHN,China,Percent,2024,7.484217661
MFN applied tariffs,TP_A_0010,Simple average MFN applied tariff - all products,156,CHN,China,Percent,2018,9.77
MFN applied tariffs,TP_A_0010,Simple average MFN applied tariff - all products,156,CHN,China,Percent,2019,7.56
MFN applied tariffs,TP_A_0010,Simple average MFN applied tariff - all products,156,CHN,China,Percent,2020,7.54
MFN applied tariffs,TP_A_0010,Simple average MFN applied tariff - all products,156,CHN,China,Percent,2021,7.52
MFN applied tariffs,TP_A_0010,Simple average MFN applied tariff - all products,156,CHN,China,Percent,2022,7.465041124
MFN applied tariffs,TP_A_0010,Simple average MFN applied tariff - all products,156,CHN,China,Percent,2023,7.467806572
MFN applied tariffs,TP_A_0010,Simple average MFN applied tariff - all products,158,CHT,Chinese Taipei,Percent,2015,6.42
MFN applied tariffs,TP_A_0010,Simple average MFN applied tariff - all products,158,CHT,Chinese Taipei,Percent,2016,6.39
MFN applied tariffs,TP_A_0010,Simple average MFN applied tariff - all products,158,CHT,Chinese Taipei,Percent,2017,6.42
MFN applied tariffs,TP_A_0010,Simple average MFN applied tariff - all products,158,CHT,Chinese Taipei,Percent,2018,6.54
MFN applied tariffs,TP_A_0010,Simple average MFN applied tariff - all products,158,CHT,Chinese Taipei,Percent,2019,6.59
MFN applied tariffs,TP_A_0010,Simple average MFN applied tariff - all products,158,CHT,Chinese Taipei,Percent,2020,6.46
MFN applied tariffs,TP_A_0010,Simple average MFN applied tariff - all products,158,CHT,Chinese Taipei,Percent,2021,6.61
MFN applied tariffs,TP_A_0010,Simple average MFN applied tariff - all products,158,CHT,Chinese Taipei,Percent,2022,6.511746178
MFN applied tariffs,TP_A_0010,Simple average MFN applied tariff - all products,158,CHT,Chinese Taipei,Percent,2023,6.467492398
MFN applied tariffs,TP_A_0010,Simple average MFN applied tariff - all products,158,CHT,Chinese Taipei,Percent,2024,6.314034106
MFN applied tariffs,TP_A_0010,Simple average MFN applied tariff - all products,170,COL,Colombia,Percent,2015,5.69
MFN applied tariffs,TP_A_0010,Simple average MFN applied tariff - all products,170,COL,Colombia,Percent,2016,6.64
MFN applied tariffs,TP_A_0010,Simple average MFN applied tariff - all products,170,COL,Colombia,Percent,2017,5.71
MFN applied tariffs,TP_A_0010,Simple average MFN applied tariff - all products,170,COL,Colombia,Percent,2018,5.45
MFN applied tariffs,TP_A_0010,Simple average MFN applied tariff - all products,170,COL,Colombia,Percent,2019,5.44
MFN applied tariffs,TP_A_0010,Simple average MFN applied tariff - all products,170,COL,Colombia,Percent,2020,5.84
MFN applied tariffs,TP_A_0010,Simple average MFN applied tariff - all products,170,COL,Colombia,Percent,2021,5.8
MFN applied tariffs,TP_A_0010,Simple average MFN applied tariff - all products,170,COL,Colombia,Percent,2022,5.752314445
MFN applied tariffs,TP_A_0010,Simple average MFN applied tariff - all products,170,COL,Colombia,Percent,2023,6.718052735
MFN applied tariffs,TP_A_0010,Simple average MFN applied tariff - all products,170,COL,Colombia,Percent,2024,6.743378197
MFN applied tariffs,TP_A_0010,Simple average MFN applied tariff - all products,174,COM,Comoros,Percent,2015,15.32
MFN applied tariffs,TP_A_0010,Simple average MFN applied tariff - all products,174,COM,Comoros,Percent,2017,15.38
MFN applied tariffs,TP_A_0010,Simple average MFN applied tariff - all products,174,COM,Comoros,Percent,2018,15.38
MFN applied tariffs,TP_A_0010,Simple average MFN applied tariff - all products,174,COM,Comoros,Percent,2019,15.84
MFN applied tariffs,TP_A_0010,Simple average MFN applied tariff - all products,174,COM,Comoros,Percent,2021,15.14
MFN applied tariffs,TP_A_0010,Simple average MFN applied tariff - all products,174,COM,Comoros,Percent,2022,15.07057071
MFN applied tariffs,TP_A_0010,Simple average MFN applied tariff - all products,178,COG,Congo,Percent,2015,11.91
MFN applied tariffs,TP_A_0010,Simple average MFN applied tariff - all products,178,COG,Congo,Percent,2022,18.05525192
MFN applied tariffs,TP_A_0010,Simple average MFN applied tariff - all products,178,COG,Congo,Percent,2023,18.05525192
MFN applied tariffs,TP_A_0010,Simple average MFN applied tariff - all products,180,COD,Democratic Republic of the Congo,Percent,2015,10.92
MFN applied tariffs,TP_A_0010,Simple average MFN applied tariff - all products,180,COD,Democratic Republic of the Congo,Percent,2019,10.95
MFN applied tariffs,TP_A_0010,Simple average MFN applied tariff - all products,180,COD,Democratic Republic of the Congo,Percent,2020,10.92
MFN applied tariffs,TP_A_0010,Simple average MFN applied tariff - all products,184,COK,Cook Islands,Percent,2015,3.35
MFN applied tariffs,TP_A_0010,Simple average MFN applied tariff - all products,184,COK,Cook Islands,Percent,2016,3.42
MFN applied tariffs,TP_A_0010,Simple average MFN applied tariff - all products,184,COK,Cook Islands,Percent,2017,3.34
MFN applied tariffs,TP_A_0010,Simple average MFN applied tariff - all products,184,COK,Cook Islands,Percent,2018,3.27
MFN applied tariffs,TP_A_0010,Simple average MFN applied tariff - all products,184,COK,Cook Islands,Percent,2019,3.42
MFN applied tariffs,TP_A_0010,Simple average MFN applied tariff - all products,184,COK,Cook Islands,Percent,2021,3.48
MFN applied tariffs,TP_A_0010,Simple average MFN applied tariff - all products,184,COK,Cook Islands,Percent,2022,3.325851531
MFN applied tariffs,TP_A_0010,Simple average MFN applied tariff - all products,184,COK,Cook Islands,Percent,2023,3.359144955
MFN applied tariffs,TP_A_0010,Simple average MFN applied tariff - all products,184,COK,Cook Islands,Percent,2024,3.25876673
MFN applied tariffs,TP_A_0010,Simple average MFN applied tariff - all products,188,CRI,Costa Rica,Percent,2022,5.510095561
MFN applied tariffs,TP_A_0010,Simple average MFN applied tariff - all products,188,CRI,Costa Rica,Percent,2023,5.502827971
MFN applied tariffs,TP_A_0010,Simple average MFN applied tariff - all products,188,CRI,Costa Rica,Percent,2024,6.438080277
MFN applied tariffs,TP_A_0010,Simple average MFN applied tariff - all products,188,CRI,Costa Rica,Percent,2016,5.62
MFN applied tariffs,TP_A_0010,Simple average MFN applied tariff - all products,188,CRI,Costa Rica,Percent,2017,5.58
MFN applied tariffs,TP_A_0010,Simple average MFN applied tariff - all products,188,CRI,Costa Rica,Percent,2018,5.58
MFN applied tariffs,TP_A_0010,Simple average MFN applied tariff - all products,188,CRI,Costa Rica,Percent,2019,5.58
MFN applied tariffs,TP_A_0010,Simple average MFN applied tariff - all products,188,CRI,Costa Rica,Percent,2020,5.59
MFN applied tariffs,TP_A_0010,Simple average MFN applied tariff - all products,188,CRI,Costa Rica,Percent,2021,5.59
MFN applied tariffs,TP_A_0010,Simple average MFN applied tariff - all products,192,CUB,Cuba,Percent,2015,10.59
MFN applied tariffs,TP_A_0010,Simple average MFN applied tariff - all products,192,CUB,Cuba,Percent,2016,10.18
MFN applied tariffs,TP_A_0010,Simple average MFN applied tariff - all products,192,CUB,Cuba,Percent,2017,10.18
MFN applied tariffs,TP_A_0010,Simple average MFN applied tariff - all products,192,CUB,Cuba,Percent,2019,10.1
MFN applied tariffs,TP_A_0010,Simple average MFN applied tariff - all products,192,CUB,Cuba,Percent,2020,10.09
MFN applied tariffs,TP_A_0010,Simple average MFN applied tariff - all products,192,CUB,Cuba,Percent,2021,4.43
MFN applied tariffs,TP_A_0010,Simple average MFN applied tariff - all products,192,CUB,Cuba,Percent,2022,4.421086211
MFN applied tariffs,TP_A_0010,Simple average MFN applied tariff - all products,192,CUB,Cuba,Percent,2023,4.415735055
MFN applied tariffs,TP_A_0010,Simple average MFN applied tariff - all products,204,BEN,Benin,Percent,2015,12.16
MFN applied tariffs,TP_A_0010,Simple average MFN applied tariff - all products,204,BEN,Benin,Percent,2016,12.16
MFN applied tariffs,TP_A_0010,Simple average MFN applied tariff - all products,204,BEN,Benin,Percent,2017,12.16
MFN applied tariffs,TP_A_0010,Simple average MFN applied tariff - all products,204,BEN,Benin,Percent,2018,12.16
MFN applied tariffs,TP_A_0010,Simple average MFN applied tariff - all products,204,BEN,Benin,Percent,2019,12.06
MFN applied tariffs,TP_A_0010,Simple average MFN applied tariff - all products,204,BEN,Benin,Percent,2020,12.06
MFN applied tariffs,TP_A_0010,Simple average MFN applied tariff - all products,204,BEN,Benin,Percent,2021,12.06
MFN applied tariffs,TP_A_0010,Simple average MFN applied tariff - all products,204,BEN,Benin,Percent,2022,12.03975389
MFN applied tariffs,TP_A_0010,Simple average MFN applied tariff - all products,204,BEN,Benin,Percent,2023,12.03975389
MFN applied tariffs,TP_A_0010,Simple average MFN applied tariff - all products,204,BEN,Benin,Percent,2024,12.03975389
MFN applied tariffs,TP_A_0010,Simple average MFN applied tariff - all products,212,DMA,Dominica,Percent,2015,9.96
MFN applied tariffs,TP_A_0010,Simple average MFN applied tariff - all products,212,DMA,Dominica,Percent,2016,9.96
MFN applied tariffs,TP_A_0010,Simple average MFN applied tariff - all products,212,DMA,Dominica,Percent,2017,9.92
MFN applied tariffs,TP_A_0010,Simple average MFN applied tariff - all products,212,DMA,Dominica,Percent,2020,10.73
MFN applied tariffs,TP_A_0010,Simple average MFN applied tariff - all products,212,DMA,Dominica,Percent,2023,10.73408315
MFN applied tariffs,TP_A_0010,Simple average MFN applied tariff - all products,212,DMA,Dominica,Percent,2024,10.73408315
MFN applied tariffs,TP_A_0010,Simple average MFN applied tariff - all products,214,DOM,Dominican Republic,Percent,2015,7.32
MFN applied tariffs,TP_A_0010,Simple average MFN applied tariff - all products,214,DOM,Dominican Republic,Percent,2016,7.32
MFN applied tariffs,TP_A_0010,Simple average MFN applied tariff - all products,214,DOM,Dominican Republic,Percent,2017,7.3
MFN applied tariffs,TP_A_0010,Simple average MFN applied tariff - all products,214,DOM,Dominican Republic,Percent,2018,7.58
MFN applied tariffs,TP_A_0010,Simple average MFN applied tariff - all products,214,DOM,Dominican Republic,Percent,2019,7.58
MFN applied tariffs,TP_A_0010,Simple average MFN applied tariff - all products,214,DOM,Dominican Republic,Percent,2021,7.55
MFN applied tariffs,TP_A_0010,Simple average MFN applied tariff - all products,214,DOM,Dominican Republic,Percent,2022,7.56145276
MFN applied tariffs,TP_A_0010,Simple average MFN applied tariff - all products,214,DOM,Dominican Republic,Percent,2023,7.56145276
MFN applied tariffs,TP_A_0010,Simple average MFN applied tariff - all products,214,DOM,Dominican Republic,Percent,2024,7.56145276
MFN applied tariffs,TP_A_0010,Simple average MFN applied tariff - all products,218,ECU,Ecuador,Percent,2015,11.92
MFN applied tariffs,TP_A_0010,Simple average MFN applied tariff - all products,218,ECU,Ecuador,Percent,2016,12.35
MFN applied tariffs,TP_A_0010,Simple average MFN applied tariff - all products,218,ECU,Ecuador,Percent,2017,12.23
MFN applied tariffs,TP_A_0010,Simple average MFN applied tariff - all products,218,ECU,Ecuador,Percent,2018,12.26
MFN applied tariffs,TP_A_0010,Simple average MFN applied tariff - all products,218,ECU,Ecuador,Percent,2019,12.32
MFN applied tariffs,TP_A_0010,Simple average MFN applied tariff - all products,218,ECU,Ecuador,Percent,2021,11.21
MFN applied tariffs,TP_A_0010,Simple average MFN applied tariff - all products,218,ECU,Ecuador,Percent,2022,11.17250694
MFN applied tariffs,TP_A_0010,Simple average MFN applied tariff - all products,218,ECU,Ecuador,Percent,2023,11.08772488
MFN applied tariffs,TP_A_0010,Simple average MFN applied tariff - all products,218,ECU,Ecuador,Percent,2024,10.94675052
MFN applied tariffs,TP_A_0010,Simple average MFN applied tariff - all products,222,SLV,El Salvador,Percent,2015,5.99
MFN applied tariffs,TP_A_0010,Simple average MFN applied tariff - all products,222,SLV,El Salvador,Percent,2017,5.98
MFN applied tariffs,TP_A_0010,Simple average MFN applied tariff - all products,222,SLV,El Salvador,Percent,2018,5.98
MFN applied tariffs,TP_A_0010,Simple average MFN applied tariff - all products,222,SLV,El Salvador,Percent,2019,6
MFN applied tariffs,TP_A_0010,Simple average MFN applied tariff - all products,222,SLV,El Salvador,Percent,2020,6
MFN applied tariffs,TP_A_0010,Simple average MFN applied tariff - all products,222,SLV,El Salvador,Percent,2021,6.01
MFN applied tariffs,TP_A_0010,Simple average MFN applied tariff - all products,222,SLV,El Salvador,Percent,2022,5.922543555
MFN applied tariffs,TP_A_0010,Simple average MFN applied tariff - all products,222,SLV,El Salvador,Percent,2023,5.653791091
MFN applied tariffs,TP_A_0010,Simple average MFN applied tariff - all products,222,SLV,El Salvador,Percent,2024,5.651784958
MFN applied tariffs,TP_A_0010,Simple average MFN applied tariff - all products,231,ETH,Ethiopia,Percent,2015,17.41
MFN applied tariffs,TP_A_0010,Simple average MFN applied tariff - all products,231,ETH,Ethiopia,Percent,2018,17.41
MFN applied tariffs,TP_A_0010,Simple average MFN applied tariff - all products,231,ETH,Ethiopia,Percent,2021,17.02205232
MFN applied tariffs,TP_A_0010,Simple average MFN applied tariff - all products,242,FJI,Fiji,Percent,2015,11.73
MFN applied tariffs,TP_A_0010,Simple average MFN applied tariff - all products,242,FJI,Fiji,Percent,2017,11.09
MFN applied tariffs,TP_A_0010,Simple average MFN applied tariff - all products,242,FJI,Fiji,Percent,2018,11.08
MFN applied tariffs,TP_A_0010,Simple average MFN applied tariff - all products,242,FJI,Fiji,Percent,2019,11.4
MFN applied tariffs,TP_A_0010,Simple average MFN applied tariff - all products,242,FJI,Fiji,Percent,2021,7.94
MFN applied tariffs,TP_A_0010,Simple average MFN applied tariff - all products,242,FJI,Fiji,Percent,2022,7.404293841
MFN applied tariffs,TP_A_0010,Simple average MFN applied tariff - all products,242,FJI,Fiji,Percent,2023,8.204309187
MFN applied tariffs,TP_A_0010,Simple average MFN applied tariff - all products,242,FJI,Fiji,Percent,2024,8.430677451
MFN applied tariffs,TP_A_0010,Simple average MFN applied tariff - all products,266,GAB,Gabon,Percent,2015,17.69
MFN applied tariffs,TP_A_0010,Simple average MFN applied tariff - all products,266,GAB,Gabon,Percent,2016,17.69
MFN applied tariffs,TP_A_0010,Simple average MFN applied tariff - all products,266,GAB,Gabon,Percent,2019,17.7
MFN applied tariffs,TP_A_0010,Simple average MFN applied tariff - all products,266,GAB,Gabon,Percent,2022,18.05525192
MFN applied tariffs,TP_A_0010,Simple average MFN applied tariff - all products,266,GAB,Gabon,Percent,2023,18.05525192
MFN applied tariffs,TP_A_0010,Simple average MFN applied tariff - all products,266,GAB,Gabon,Percent,2024,18.05525192
MFN applied tariffs,TP_A_0010,Simple average MFN applied tariff - all products,268,GEO,Georgia,Percent,2015,1.51
MFN applied tariffs,TP_A_0010,Simple average MFN applied tariff - all products,268,GEO,Georgia,Percent,2016,1.51
MFN applied tariffs,TP_A_0010,Simple average MFN applied tariff - all products,268,GEO,Georgia,Percent,2017,1.46
MFN applied tariffs,TP_A_0010,Simple average MFN applied tariff - all products,268,GEO,Georgia,Percent,2018,1.45
MFN applied tariffs,TP_A_0010,Simple average MFN applied tariff - all products,268,GEO,Georgia,Percent,2019,1.36
MFN applied tariffs,TP_A_0010,Simple average MFN applied tariff - all products,268,GEO,Georgia,Percent,2020,1.37
MFN applied tariffs,TP_A_0010,Simple average MFN applied tariff - all products,268,GEO,Georgia,Percent,2021,1.43
MFN applied tariffs,TP_A_0010,Simple average MFN applied tariff - all products,268,GEO,Georgia,Percent,2022,1.426165697
MFN applied tariffs,TP_A_0010,Simple average MFN applied tariff - all products,268,GEO,Georgia,Percent,2023,1.470735885
MFN applied tariffs,TP_A_0010,Simple average MFN applied tariff - all products,268,GEO,Georgia,Percent,2024,1.42642365
MFN applied tariffs,TP_A_0010,Simple average MFN applied tariff - all products,270,GMB,The Gambia,Percent,2017,12.16
MFN applied tariffs,TP_A_0010,Simple average MFN applied tariff - all products,270,GMB,The Gambia,Percent,2018,12.16
MFN applied tariffs,TP_A_0010,Simple average MFN applied tariff - all products,270,GMB,The Gambia,Percent,2019,12.06
MFN applied tariffs,TP_A_0010,Simple average MFN applied tariff - all products,270,GMB,The Gambia,Percent,2020,12.06
MFN applied tariffs,TP_A_0010,Simple average MFN applied tariff - all products,270,GMB,The Gambia,Percent,2021,12.06
MFN applied tariffs,TP_A_0010,Simple average MFN applied tariff - all products,270,GMB,The Gambia,Percent,2022,12.03975389
MFN applied tariffs,TP_A_0010,Simple average MFN applied tariff - all products,270,GMB,The Gambia,Percent,2023,12.03975389
MFN applied tariffs,TP_A_0010,Simple average MFN applied tariff - all products,270,GMB,The Gambia,Percent,2024,12.03975389
MFN applied tariffs,TP_A_0010,Simple average MFN applied tariff - all products,288,GHA,Ghana,Percent,2016,12.15
MFN applied tariffs,TP_A_0010,Simple average MFN applied tariff - all products,288,GHA,Ghana,Percent,2023,12.03975389
MFN applied tariffs,TP_A_0010,Simple average MFN applied tariff - all products,288,GHA,Ghana,Percent,2024,12.03975389
MFN applied tariffs,TP_A_0010,Simple average MFN applied tariff - all products,288,GHA,Ghana,Percent,2017,12.05
MFN applied tariffs,TP_A_0010,Simple average MFN applied tariff - all products,288,GHA,Ghana,Percent,2018,11.95
MFN applied tariffs,TP_A_0010,Simple average MFN applied tariff - all products,288,GHA,Ghana,Percent,2019,12.06
MFN applied tariffs,TP_A_0010,Simple average MFN applied tariff - all products,288,GHA,Ghana,Percent,2020,12.06
MFN applied tariffs,TP_A_0010,Simple average MFN applied tariff - all products,288,GHA,Ghana,Percent,2021,12.06
MFN applied tariffs,TP_A_0010,Simple average MFN applied tariff - all products,288,GHA,Ghana,Percent,2022,12.03975389
MFN applied tariffs,TP_A_0010,Simple average MFN applied tariff - all products,296,KIR,Kiribati,Percent,2019,0
MFN applied tariffs,TP_A_0010,Simple average MFN applied tariff - all products,296,KIR,Kiribati,Percent,2021,0
MFN applied tariffs,TP_A_0010,Simple average MFN applied tariff - all products,296,KIR,Kiribati,Percent,2022,0
MFN applied tariffs,TP_A_0010,Simple average MFN applied tariff - all products,296,KIR,Kiribati,Percent,2023,7.97E-05
MFN applied tariffs,TP_A_0010,Simple average MFN applied tariff - all products,296,KIR,Kiribati,Percent,2024,7.32E-05
MFN applied tariffs,TP_A_0010,Simple average MFN applied tariff - all products,308,GRD,Grenada,Percent,2015,10.99
MFN applied tariffs,TP_A_0010,Simple average MFN applied tariff - all products,308,GRD,Grenada,Percent,2016,11
MFN applied tariffs,TP_A_0010,Simple average MFN applied tariff - all products,308,GRD,Grenada,Percent,2019,10.99
MFN applied tariffs,TP_A_0010,Simple average MFN applied tariff - all products,308,GRD,Grenada,Percent,2022,10.99385163
MFN applied tariffs,TP_A_0010,Simple average MFN applied tariff - all products,308,GRD,Grenada,Percent,2023,10.99377371
MFN applied tariffs,TP_A_0010,Simple average MFN applied tariff - all products,308,GRD,Grenada,Percent,2024,10.99371291
MFN applied tariffs,TP_A_0010,Simple average MFN applied tariff - all products,320,GTM,Guatemala,Percent,2015,5.6
MFN applied tariffs,TP_A_0010,Simple average MFN applied tariff - all products,320,GTM,Guatemala,Percent,2021,5.56
MFN applied tariffs,TP_A_0010,Simple average MFN applied tariff - all products,320,GTM,Guatemala,Percent,2022,5.523036283
MFN applied tariffs,TP_A_0010,Simple average MFN applied tariff - all products,320,GTM,Guatemala,Percent,2023,5.63114312
MFN applied tariffs,TP_A_0010,Simple average MFN applied tariff - all products,320,GTM,Guatemala,Percent,2024,5.523303996
MFN applied tariffs,TP_A_0010,Simple average MFN applied tariff - all products,324,GIN,Guinea,Percent,2023,12.03975389
MFN applied tariffs,TP_A_0010,Simple average MFN applied tariff - all products,324,GIN,Guinea,Percent,2024,12.03975389
MFN applied tariffs,TP_A_0010,Simple average MFN applied tariff - all products,324,GIN,Guinea,Percent,2017,12.06
MFN applied tariffs,TP_A_0010,Simple average MFN applied tariff - all products,324,GIN,Guinea,Percent,2018,12.06
MFN applied tariffs,TP_A_0010,Simple average MFN applied tariff - all products,324,GIN,Guinea,Percent,2019,12.06
MFN applied tariffs,TP_A_0010,Simple average MFN applied tariff - all products,324,GIN,Guinea,Percent,2020,12.06
MFN applied tariffs,TP_A_0010,Simple average MFN applied tariff - all products,324,GIN,Guinea,Percent,2021,12.06
MFN applied tariffs,TP_A_0010,Simple average MFN applied tariff - all products,324,GIN,Guinea,Percent,2022,12.03975389
MFN applied tariffs,TP_A_0010,Simple average MFN applied tariff - all products,328,GUY,Guyana,Percent,2015,10.95
MFN applied tariffs,TP_A_0010,Simple average MFN applied tariff - all products,328,GUY,Guyana,Percent,2016,10.95
MFN applied tariffs,TP_A_0010,Simple average MFN applied tariff - all products,328,GUY,Guyana,Percent,2017,10.95
MFN applied tariffs,TP_A_0010,Simple average MFN applied tariff - all products,328,GUY,Guyana,Percent,2018,10.95
MFN applied tariffs,TP_A_0010,Simple average MFN applied tariff - all products,328,GUY,Guyana,Percent,2019,11.69
MFN applied tariffs,TP_A_0010,Simple average MFN applied tariff - all products,328,GUY,Guyana,Percent,2021,11.7
MFN applied tariffs,TP_A_0010,Simple average MFN applied tariff - all products,328,GUY,Guyana,Percent,2022,11.70396562
MFN applied tariffs,TP_A_0010,Simple average MFN applied tariff - all products,328,GUY,Guyana,Percent,2023,11.69330282
MFN applied tariffs,TP_A_0010,Simple average MFN applied tariff - all products,332,HTI,Haiti,Percent,2015,4.76
MFN applied tariffs,TP_A_0010,Simple average MFN applied tariff - all products,332,HTI,Haiti,Percent,2016,8.78
MFN applied tariffs,TP_A_0010,Simple average MFN applied tariff - all products,332,HTI,Haiti,Percent,2020,4.92
MFN applied tariffs,TP_A_0010,Simple average MFN applied tariff - all products,332,HTI,Haiti,Percent,2023,4.93963941
MFN applied tariffs,TP_A_0010,Simple average MFN applied tariff - all products,332,HTI,Haiti,Percent,2024,4.93963941
MFN applied tariffs,TP_A_0010,Simple average MFN applied tariff - all products,340,HND,Honduras,Percent,2015,5.74
MFN applied tariffs,TP_A_0010,Simple average MFN applied tariff - all products,340,HND,Honduras,Percent,2018,5.69
MFN applied tariffs,TP_A_0010,Simple average MFN applied tariff - all products,340,HND,Honduras,Percent,2019,5.69
MFN applied tariffs,TP_A_0010,Simple average MFN applied tariff - all products,340,HND,Honduras,Percent,2020,5.77
MFN applied tariffs,TP_A_0010,Simple average MFN applied tariff - all products,340,HND,Honduras,Percent,2021,5.76
MFN applied tariffs,TP_A_0010,Simple average MFN applied tariff - all products,340,HND,Honduras,Percent,2022,5.700315635
MFN applied tariffs,TP_A_0010,Simple average MFN applied tariff - all products,340,HND,Honduras,Percent,2023,5.711498842
MFN applied tariffs,TP_A_0010,Simple average MFN applied tariff - all products,340,HND,Honduras,Percent,2024,5.628548942
MFN applied tariffs,TP_A_0010,Simple average MFN applied tariff - all products,344,HKG,"Hong Kong, China",Percent,2015,0
MFN applied tariffs,TP_A_0010,Simple average MFN applied tariff - all products,344,HKG,"Hong Kong, China",Percent,2016,0
MFN applied tariffs,TP_A_0010,Simple average MFN applied tariff - all products,344,HKG,"Hong Kong, China",Percent,2017,0
MFN applied tariffs,TP_A_0010,Simple average MFN applied tariff - all products,344,HKG,"Hong Kong, China",Percent,2018,0
MFN applied tariffs,TP_A_0010,Simple average MFN applied tariff - all products,344,HKG,"Hong Kong, China",Percent,2019,0
MFN applied tariffs,TP_A_0010,Simple average MFN applied tariff - all products,344,HKG,"Hong Kong, China",Percent,2020,0
MFN applied tariffs,TP_A_0010,Simple average MFN applied tariff - all products,344,HKG,"Hong Kong, China",Percent,2021,0
MFN applied tariffs,TP_A_0010,Simple average MFN applied tariff - all products,344,HKG,"Hong Kong, China",Percent,2022,0
MFN applied tariffs,TP_A_0010,Simple average MFN applied tariff - all products,344,HKG,"Hong Kong, China",Percent,2023,0
MFN applied tariffs,TP_A_0010,Simple average MFN applied tariff - all products,344,HKG,"Hong Kong, China",Percent,2024,0
MFN applied tariffs,TP_A_0010,Simple average MFN applied tariff - all products,352,ISL,Iceland,Percent,2015,5.18
MFN applied tariffs,TP_A_0010,Simple average MFN applied tariff - all products,352,ISL,Iceland,Percent,2016,4.66
MFN applied tariffs,TP_A_0010,Simple average MFN applied tariff - all products,352,ISL,Iceland,Percent,2017,3.99
MFN applied tariffs,TP_A_0010,Simple average MFN applied tariff - all products,352,ISL,Iceland,Percent,2018,4.29
MFN applied tariffs,TP_A_0010,Simple average MFN applied tariff - all products,352,ISL,Iceland,Percent,2019,3.12
MFN applied tariffs,TP_A_0010,Simple average MFN applied tariff - all products,352,ISL,Iceland,Percent,2021,3.14
MFN applied tariffs,TP_A_0010,Simple average MFN applied tariff - all products,352,ISL,Iceland,Percent,2022,3.331427085
MFN applied tariffs,TP_A_0010,Simple average MFN applied tariff - all products,352,ISL,Iceland,Percent,2023,3.285431578
MFN applied tariffs,TP_A_0010,Simple average MFN applied tariff - all products,352,ISL,Iceland,Percent,2024,2.768297492
MFN applied tariffs,TP_A_0010,Simple average MFN applied tariff - all products,356,IND,India,Percent,2021,18.29
MFN applied tariffs,TP_A_0010,Simple average MFN applied tariff - all products,356,IND,India,Percent,2022,18.08332097
MFN applied tariffs,TP_A_0010,Simple average MFN applied tariff - all products,356,IND,India,Percent,2023,17.01737039
MFN applied tariffs,TP_A_0010,Simple average MFN applied tariff - all products,356,IND,India,Percent,2024,16.20696259
MFN applied tariffs,TP_A_0010,Simple average MFN applied tariff - all products,356,IND,India,Percent,2015,13.37
MFN applied tariffs,TP_A_0010,Simple average MFN applied tariff - all products,356,IND,India,Percent,2016,13.39
MFN applied tariffs,TP_A_0010,Simple average MFN applied tariff - all products,356,IND,India,Percent,2017,13.79
MFN applied tariffs,TP_A_0010,Simple average MFN applied tariff - all products,356,IND,India,Percent,2018,17.14
MFN applied tariffs,TP_A_0010,Simple average MFN applied tariff - all products,356,IND,India,Percent,2019,17.57
MFN applied tariffs,TP_A_0010,Simple average MFN applied tariff - all products,356,IND,India,Percent,2020,15.02
MFN applied tariffs,TP_A_0010,Simple average MFN applied tariff - all products,360,IDN,Indonesia,Percent,2016,7.88
MFN applied tariffs,TP_A_0010,Simple average MFN applied tariff - all products,360,IDN,Indonesia,Percent,2017,8.06
MFN applied tariffs,TP_A_0010,Simple average MFN applied tariff - all products,360,IDN,Indonesia,Percent,2018,8.06
MFN applied tariffs,TP_A_0010,Simple average MFN applied tariff - all products,360,IDN,Indonesia,Percent,2019,8.06
MFN applied tariffs,TP_A_0010,Simple average MFN applied tariff - all products,360,IDN,Indonesia,Percent,2021,8.06
MFN applied tariffs,TP_A_0010,Simple average MFN applied tariff - all products,360,IDN,Indonesia,Percent,2022,7.964909841
MFN applied tariffs,TP_A_0010,Simple average MFN applied tariff - all products,360,IDN,Indonesia,Percent,2023,7.962965081
MFN applied tariffs,TP_A_0010,Simple average MFN applied tariff - all products,360,IDN,Indonesia,Percent,2024,7.959442259
MFN applied tariffs,TP_A_0010,Simple average MFN applied tariff - all products,364,IRN,Iran,Percent,2019,20.09
MFN applied tariffs,TP_A_0010,Simple average MFN applied tariff - all products,364,IRN,Iran,Percent,2020,20.09
MFN applied tariffs,TP_A_0010,Simple average MFN applied tariff - all products,376,ISR,Israel,Percent,2015,4.51
MFN applied tariffs,TP_A_0010,Simple average MFN applied tariff - all products,376,ISR,Israel,Percent,2016,3.87
MFN applied tariffs,TP_A_0010,Simple average MFN applied tariff - all products,376,ISR,Israel,Percent,2017,3.91
MFN applied tariffs,TP_A_0010,Simple average MFN applied tariff - all products,376,ISR,Israel,Percent,2019,3.63
MFN applied tariffs,TP_A_0010,Simple average MFN applied tariff - all products,376,ISR,Israel,Percent,2020,3.5
MFN applied tariffs,TP_A_0010,Simple average MFN applied tariff - all products,376,ISR,Israel,Percent,2021,3.57
MFN applied tariffs,TP_A_0010,Simple average MFN applied tariff - all products,376,ISR,Israel,Percent,2022,3.430619183
MFN applied tariffs,TP_A_0010,Simple average MFN applied tariff - all products,376,ISR,Israel,Percent,2023,1.267292465
MFN applied tariffs,TP_A_0010,Simple average MFN applied tariff - all products,384,CIV,Côte d'Ivoire,Percent,2015,12.16
MFN applied tariffs,TP_A_0010,Simple average MFN applied tariff - all products,384,CIV,Côte d'Ivoire,Percent,2016,12.16
MFN applied tariffs,TP_A_0010,Simple average MFN applied tariff - all products,384,CIV,Côte d'Ivoire,Percent,2017,12.16
MFN applied tariffs,TP_A_0010,Simple average MFN applied tariff - all products,384,CIV,Côte d'Ivoire,Percent,2018,12.16
MFN applied tariffs,TP_A_0010,Simple average MFN applied tariff - all products,384,CIV,Côte d'Ivoire,Percent,2019,12.06
MFN applied tariffs,TP_A_0010,Simple average MFN applied tariff - all products,384,CIV,Côte d'Ivoire,Percent,2020,12.06
MFN applied tariffs,TP_A_0010,Simple average MFN applied tariff - all products,384,CIV,Côte d'Ivoire,Percent,2021,12.06
MFN applied tariffs,TP_A_0010,Simple average MFN applied tariff - all products,384,CIV,Côte d'Ivoire,Percent,2022,12.05689787
MFN applied tariffs,TP_A_0010,Simple average MFN applied tariff - all products,384,CIV,Côte d'Ivoire,Percent,2023,12.05680946
MFN applied tariffs,TP_A_0010,Simple average MFN applied tariff - all products,384,CIV,Côte d'Ivoire,Percent,2024,12.03574391
MFN applied tariffs,TP_A_0010,Simple average MFN applied tariff - all products,388,JAM,Jamaica,Percent,2015,8.5
MFN applied tariffs,TP_A_0010,Simple average MFN applied tariff - all products,388,JAM,Jamaica,Percent,2016,8.5
MFN applied tariffs,TP_A_0010,Simple average MFN applied tariff - all products,388,JAM,Jamaica,Percent,2019,8.57
MFN applied tariffs,TP_A_0010,Simple average MFN applied tariff - all products,388,JAM,Jamaica,Percent,2021,8.60096636
MFN applied tariffs,TP_A_0010,Simple average MFN applied tariff - all products,388,JAM,Jamaica,Percent,2023,8.521859099
MFN applied tariffs,TP_A_0010,Simple average MFN applied tariff - all products,388,JAM,Jamaica,Percent,2024,8.523641313
MFN applied tariffs,TP_A_0010,Simple average MFN applied tariff - all products,392,JPN,Japan,Percent,2015,3.99
MFN applied tariffs,TP_A_0010,Simple average MFN applied tariff - all products,392,JPN,Japan,Percent,2016,4.03
MFN applied tariffs,TP_A_0010,Simple average MFN applied tariff - all products,392,JPN,Japan,Percent,2017,3.98
MFN applied tariffs,TP_A_0010,Simple average MFN applied tariff - all products,392,JPN,Japan,Percent,2018,4.36
MFN applied tariffs,TP_A_0010,Simple average MFN applied tariff - all products,392,JPN,Japan,Percent,2019,4.31
MFN applied tariffs,TP_A_0010,Simple average MFN applied tariff - all products,392,JPN,Japan,Percent,2020,4.37
MFN applied tariffs,TP_A_0010,Simple average MFN applied tariff - all products,392,JPN,Japan,Percent,2021,4.24
MFN applied tariffs,TP_A_0010,Simple average MFN applied tariff - all products,392,JPN,Japan,Percent,2022,3.892400426
MFN applied tariffs,TP_A_0010,Simple average MFN applied tariff - all products,392,JPN,Japan,Percent,2023,3.720767544
MFN applied tariffs,TP_A_0010,Simple average MFN applied tariff - all products,392,JPN,Japan,Percent,2024,3.680391053
MFN applied tariffs,TP_A_0010,Simple average MFN applied tariff - all products,398,KAZ,Kazakhstan,Percent,2015,7.81
MFN applied tariffs,TP_A_0010,Simple average MFN applied tariff - all products,398,KAZ,Kazakhstan,Percent,2016,6.9
MFN applied tariffs,TP_A_0010,Simple average MFN applied tariff - all products,398,KAZ,Kazakhstan,Percent,2017,6.54
MFN applied tariffs,TP_A_0010,Simple average MFN applied tariff - all products,398,KAZ,Kazakhstan,Percent,2018,6.37
MFN applied tariffs,TP_A_0010,Simple average MFN applied tariff - all products,398,KAZ,Kazakhstan,Percent,2019,6.14
MFN applied tariffs,TP_A_0010,Simple average MFN applied tariff - all products,398,KAZ,Kazakhstan,Percent,2021,5.66
MFN applied tariffs,TP_A_0010,Simple average MFN applied tariff - all products,398,KAZ,Kazakhstan,Percent,2022,6.212293118
MFN applied tariffs,TP_A_0010,Simple average MFN applied tariff - all products,398,KAZ,Kazakhstan,Percent,2023,5.556148787
MFN applied tariffs,TP_A_0010,Simple average MFN applied tariff - all products,398,KAZ,Kazakhstan,Percent,2024,5.587945609
MFN applied tariffs,TP_A_0010,Simple average MFN applied tariff - all products,400,JOR,Jordan,Percent,2015,9.95
MFN applied tariffs,TP_A_0010,Simple average MFN applied tariff - all products,400,JOR,Jordan,Percent,2016,9.73
MFN applied tariffs,TP_A_0010,Simple average MFN applied tariff - all products,400,JOR,Jordan,Percent,2017,9.93
MFN applied tariffs,TP_A_0010,Simple average MFN applied tariff - all products,400,JOR,Jordan,Percent,2018,10.11
MFN applied tariffs,TP_A_0010,Simple average MFN applied tariff - all products,400,JOR,Jordan,Percent,2019,10.1
MFN applied tariffs,TP_A_0010,Simple average MFN applied tariff - all products,400,JOR,Jordan,Percent,2020,10.14
MFN applied tariffs,TP_A_0010,Simple average MFN applied tariff - all products,400,JOR,Jordan,Percent,2023,4.000166505
MFN applied tariffs,TP_A_0010,Simple average MFN applied tariff - all products,400,JOR,Jordan,Percent,2024,3.962877714
MFN applied tariffs,TP_A_0010,Simple average MFN applied tariff - all products,404,KEN,Kenya,Percent,2015,12.89
MFN applied tariffs,TP_A_0010,Simple average MFN applied tariff - all products,404,KEN,Kenya,Percent,2022,14.34396598
MFN applied tariffs,TP_A_0010,Simple average MFN applied tariff - all products,404,KEN,Kenya,Percent,2023,13.84481036
MFN applied tariffs,TP_A_0010,Simple average MFN applied tariff - all products,404,KEN,Kenya,Percent,2024,14.77597022
MFN applied tariffs,TP_A_0010,Simple average MFN applied tariff - all products,404,KEN,Kenya,Percent,2016,12.81
MFN applied tariffs,TP_A_0010,Simple average MFN applied tariff - all products,404,KEN,Kenya,Percent,2017,12.83
MFN applied tariffs,TP_A_0010,Simple average MFN applied tariff - all products,404,KEN,Kenya,Percent,2018,13.53
MFN applied tariffs,TP_A_0010,Simple average MFN applied tariff - all products,404,KEN,Kenya,Percent,2019,13.4
MFN applied tariffs,TP_A_0010,Simple average MFN applied tariff - all products,404,KEN,Kenya,Percent,2020,13.46
MFN applied tariffs,TP_A_0010,Simple average MFN applied tariff - all products,404,KEN,Kenya,Percent,2021,13.22
MFN applied tariffs,TP_A_0010,Simple average MFN applied tariff - all products,410,KOR,"Korea, Republic of",Percent,2015,13.91
MFN applied tariffs,TP_A_0010,Simple average MFN applied tariff - all products,410,KOR,"Korea, Republic of",Percent,2016,13.9
MFN applied tariffs,TP_A_0010,Simple average MFN applied tariff - all products,410,KOR,"Korea, Republic of",Percent,2017,13.72
MFN applied tariffs,TP_A_0010,Simple average MFN applied tariff - all products,410,KOR,"Korea, Republic of",Percent,2024,13.43114459
MFN applied tariffs,TP_A_0010,Simple average MFN applied tariff - all products,410,KOR,"Korea, Republic of",Percent,2018,13.7
MFN applied tariffs,TP_A_0010,Simple average MFN applied tariff - all products,410,KOR,"Korea, Republic of",Percent,2019,13.59
MFN applied tariffs,TP_A_0010,Simple average MFN applied tariff - all products,410,KOR,"Korea, Republic of",Percent,2020,13.59
MFN applied tariffs,TP_A_0010,Simple average MFN applied tariff - all products,410,KOR,"Korea, Republic of",Percent,2021,13.58
MFN applied tariffs,TP_A_0010,Simple average MFN applied tariff - all products,410,KOR,"Korea, Republic of",Percent,2022,13.42279684
MFN applied tariffs,TP_A_0010,Simple average MFN applied tariff - all products,410,KOR,"Korea, Republic of",Percent,2023,13.41830742
MFN applied tariffs,TP_A_0010,Simple average MFN applied tariff - all products,414,KWT,"Kuwait, the State of",Percent,2015,4.66
MFN applied tariffs,TP_A_0010,Simple average MFN applied tariff - all products,414,KWT,"Kuwait, the State of",Percent,2016,4.66
MFN applied tariffs,TP_A_0010,Simple average MFN applied tariff - all products,414,KWT,"Kuwait, the State of",Percent,2017,4.72
MFN applied tariffs,TP_A_0010,Simple average MFN applied tariff - all products,414,KWT,"Kuwait, the State of",Percent,2018,4.65
MFN applied tariffs,TP_A_0010,Simple average MFN applied tariff - all products,414,KWT,"Kuwait, the State of",Percent,2019,4.66
MFN applied tariffs,TP_A_0010,Simple average MFN applied tariff - all products,414,KWT,"Kuwait, the State of",Percent,2021,4.65
MFN applied tariffs,TP_A_0010,Simple average MFN applied tariff - all products,414,KWT,"Kuwait, the State of",Percent,2022,4.704841868
MFN applied tariffs,TP_A_0010,Simple average MFN applied tariff - all products,414,KWT,"Kuwait, the State of",Percent,2023,4.704841868
MFN applied tariffs,TP_A_0010,Simple average MFN applied tariff - all products,414,KWT,"Kuwait, the State of",Percent,2024,4.704841868
MFN applied tariffs,TP_A_0010,Simple average MFN applied tariff - all products,417,KGZ,Kyrgyz Republic,Percent,2015,7.43
MFN applied tariffs,TP_A_0010,Simple average MFN applied tariff - all products,417,KGZ,Kyrgyz Republic,Percent,2016,6.87
MFN applied tariffs,TP_A_0010,Simple average MFN applied tariff - all products,417,KGZ,Kyrgyz Republic,Percent,2017,6.6
MFN applied tariffs,TP_A_0010,Simple average MFN applied tariff - all products,417,KGZ,Kyrgyz Republic,Percent,2018,6.54
MFN applied tariffs,TP_A_0010,Simple average MFN applied tariff - all products,417,KGZ,Kyrgyz Republic,Percent,2019,6.57
MFN applied tariffs,TP_A_0010,Simple average MFN applied tariff - all products,417,KGZ,Kyrgyz Republic,Percent,2020,6.6
MFN applied tariffs,TP_A_0010,Simple average MFN applied tariff - all products,417,KGZ,Kyrgyz Republic,Percent,2021,6.54
MFN applied tariffs,TP_A_0010,Simple average MFN applied tariff - all products,417,KGZ,Kyrgyz Republic,Percent,2022,6.478094969
MFN applied tariffs,TP_A_0010,Simple average MFN applied tariff - all products,417,KGZ,Kyrgyz Republic,Percent,2023,6.429865733
MFN applied tariffs,TP_A_0010,Simple average MFN applied tariff - all products,417,KGZ,Kyrgyz Republic,Percent,2024,6.402383051
MFN applied tariffs,TP_A_0010,Simple average MFN applied tariff - all products,418,LAO,Lao People's Democratic Republic,Percent,2015,10.01
MFN applied tariffs,TP_A_0010,Simple average MFN applied tariff - all products,418,LAO,Lao People's Democratic Republic,Percent,2016,8.54
MFN applied tariffs,TP_A_0010,Simple average MFN applied tariff - all products,418,LAO,Lao People's Democratic Republic,Percent,2017,8.54
MFN applied tariffs,TP_A_0010,Simple average MFN applied tariff - all products,418,LAO,Lao People's Democratic Republic,Percent,2018,8.54
MFN applied tariffs,TP_A_0010,Simple average MFN applied tariff - all products,418,LAO,Lao People's Democratic Republic,Percent,2019,8.58
MFN applied tariffs,TP_A_0010,Simple average MFN applied tariff - all products,418,LAO,Lao People's Democratic Republic,Percent,2021,8.56
MFN applied tariffs,TP_A_0010,Simple average MFN applied tariff - all products,418,LAO,Lao People's Democratic Republic,Percent,2022,8.561239848
MFN applied tariffs,TP_A_0010,Simple average MFN applied tariff - all products,418,LAO,Lao People's Democratic Republic,Percent,2023,8.561239848
MFN applied tariffs,TP_A_0010,Simple average MFN applied tariff - all products,418,LAO,Lao People's Democratic Republic,Percent,2024,8.595936742
MFN applied tariffs,TP_A_0010,Simple average MFN applied tariff - all products,422,LBN,Lebanese Republic,Percent,2015,5.64
MFN applied tariffs,TP_A_0010,Simple average MFN applied tariff - all products,422,LBN,Lebanese Republic,Percent,2023,10.84439165
MFN applied tariffs,TP_A_0010,Simple average MFN applied tariff - all products,422,LBN,Lebanese Republic,Percent,2016,5.66
MFN applied tariffs,TP_A_0010,Simple average MFN applied tariff - all products,422,LBN,Lebanese Republic,Percent,2017,6
MFN applied tariffs,TP_A_0010,Simple average MFN applied tariff - all products,422,LBN,Lebanese Republic,Percent,2018,5.67
MFN applied tariffs,TP_A_0010,Simple average MFN applied tariff - all products,422,LBN,Lebanese Republic,Percent,2019,5.96
MFN applied tariffs,TP_A_0010,Simple average MFN applied tariff - all products,422,LBN,Lebanese Republic,Percent,2020,6.02
MFN applied tariffs,TP_A_0010,Simple average MFN applied tariff - all products,422,LBN,Lebanese Republic,Percent,2022,5.988885662
MFN applied tariffs,TP_A_0010,Simple average MFN applied tariff - all products,426,LSO,Lesotho,Percent,2015,7.59
MFN applied tariffs,TP_A_0010,Simple average MFN applied tariff - all products,426,LSO,Lesotho,Percent,2016,7.63
MFN applied tariffs,TP_A_0010,Simple average MFN applied tariff - all products,426,LSO,Lesotho,Percent,2017,7.63
MFN applied tariffs,TP_A_0010,Simple average MFN applied tariff - all products,426,LSO,Lesotho,Percent,2018,7.67
MFN applied tariffs,TP_A_0010,Simple average MFN applied tariff - all products,426,LSO,Lesotho,Percent,2019,7.67
MFN applied tariffs,TP_A_0010,Simple average MFN applied tariff - all products,426,LSO,Lesotho,Percent,2020,7.67
MFN applied tariffs,TP_A_0010,Simple average MFN applied tariff - all products,426,LSO,Lesotho,Percent,2021,7.71
MFN applied tariffs,TP_A_0010,Simple average MFN applied tariff - all products,426,LSO,Lesotho,Percent,2022,7.546024309
MFN applied tariffs,TP_A_0010,Simple average MFN applied tariff - all products,426,LSO,Lesotho,Percent,2023,7.52271823
MFN applied tariffs,TP_A_0010,Simple average MFN applied tariff - all products,426,LSO,Lesotho,Percent,2024,7.528196351
MFN applied tariffs,TP_A_0010,Simple average MFN applied tariff - all products,430,LBR,Liberia,Percent,2018,9.68
MFN applied tariffs,TP_A_0010,Simple average MFN applied tariff - all products,430,LBR,Liberia,Percent,2019,12.06
MFN applied tariffs,TP_A_0010,Simple average MFN applied tariff - all products,430,LBR,Liberia,Percent,2020,12.06
MFN applied tariffs,TP_A_0010,Simple average MFN applied tariff - all products,430,LBR,Liberia,Percent,2021,12.06
MFN applied tariffs,TP_A_0010,Simple average MFN applied tariff - all products,430,LBR,Liberia,Percent,2022,12.03975389
MFN applied tariffs,TP_A_0010,Simple average MFN applied tariff - all products,430,LBR,Liberia,Percent,2023,12.03975389
MFN applied tariffs,TP_A_0010,Simple average MFN applied tariff - all products,430,LBR,Liberia,Percent,2024,12.03975389
MFN applied tariffs,TP_A_0010,Simple average MFN applied tariff - all products,434,LBY,Libya,Percent,2021,5.19
MFN applied tariffs,TP_A_0010,Simple average MFN applied tariff - all products,434,LBY,Libya,Percent,2022,4.461858135
MFN applied tariffs,TP_A_0010,Simple average MFN applied tariff - all products,434,LBY,Libya,Percent,2023,4.461858135
MFN applied tariffs,TP_A_0010,Simple average MFN applied tariff - all products,434,LBY,Libya,Percent,2024,4.461858135
MFN applied tariffs,TP_A_0010,Simple average MFN applied tariff - all products,446,MAC,"Macao, China",Percent,2015,0
MFN applied tariffs,TP_A_0010,Simple average MFN applied tariff - all products,446,MAC,"Macao, China",Percent,2016,0
MFN applied tariffs,TP_A_0010,Simple average MFN applied tariff - all products,446,MAC,"Macao, China",Percent,2017,0
MFN applied tariffs,TP_A_0010,Simple average MFN applied tariff - all products,446,MAC,"Macao, China",Percent,2018,0
MFN applied tariffs,TP_A_0010,Simple average MFN applied tariff - all products,446,MAC,"Macao, China",Percent,2019,0
MFN applied tariffs,TP_A_0010,Simple average MFN applied tariff - all products,446,MAC,"Macao, China",Percent,2020,0
MFN applied tariffs,TP_A_0010,Simple average MFN applied tariff - all products,446,MAC,"Macao, China",Percent,2021,0
MFN applied tariffs,TP_A_0010,Simple average MFN applied tariff - all products,446,MAC,"Macao, China",Percent,2022,0
MFN applied tariffs,TP_A_0010,Simple average MFN applied tariff - all products,446,MAC,"Macao, China",Percent,2023,0
MFN applied tariffs,TP_A_0010,Simple average MFN applied tariff - all products,446,MAC,"Macao, China",Percent,2024,0
MFN applied tariffs,TP_A_0010,Simple average MFN applied tariff - all products,450,MDG,Madagascar,Percent,2015,11.74
MFN applied tariffs,TP_A_0010,Simple average MFN applied tariff - all products,450,MDG,Madagascar,Percent,2016,11.66
MFN applied tariffs,TP_A_0010,Simple average MFN applied tariff - all products,450,MDG,Madagascar,Percent,2017,11.63
MFN applied tariffs,TP_A_0010,Simple average MFN applied tariff - all products,450,MDG,Madagascar,Percent,2018,11.64
MFN applied tariffs,TP_A_0010,Simple average MFN applied tariff - all products,450,MDG,Madagascar,Percent,2019,11.64
MFN applied tariffs,TP_A_0010,Simple average MFN applied tariff - all products,450,MDG,Madagascar,Percent,2021,11.65
MFN applied tariffs,TP_A_0010,Simple average MFN applied tariff - all products,450,MDG,Madagascar,Percent,2022,11.81197747
MFN applied tariffs,TP_A_0010,Simple average MFN applied tariff - all products,450,MDG,Madagascar,Percent,2023,11.98652185
MFN applied tariffs,TP_A_0010,Simple average MFN applied tariff - all products,450,MDG,Madagascar,Percent,2024,12.011249
MFN applied tariffs,TP_A_0010,Simple average MFN applied tariff - all products,454,MWI,Malawi,Percent,2015,12.57
MFN applied tariffs,TP_A_0010,Simple average MFN applied tariff - all products,454,MWI,Malawi,Percent,2016,12.37
MFN applied tariffs,TP_A_0010,Simple average MFN applied tariff - all products,454,MWI,Malawi,Percent,2017,12.37
MFN applied tariffs,TP_A_0010,Simple average MFN applied tariff - all products,454,MWI,Malawi,Percent,2019,12.18
MFN applied tariffs,TP_A_0010,Simple average MFN applied tariff - all products,454,MWI,Malawi,Percent,2021,12.18
MFN applied tariffs,TP_A_0010,Simple average MFN applied tariff - all products,454,MWI,Malawi,Percent,2022,12.18316671
MFN applied tariffs,TP_A_0010,Simple average MFN applied tariff - all products,454,MWI,Malawi,Percent,2023,12.15219675
MFN applied tariffs,TP_A_0010,Simple average MFN applied tariff - all products,458,MYS,Malaysia,Percent,2016,5.82
MFN applied tariffs,TP_A_0010,Simple average MFN applied tariff - all products,458,MYS,Malaysia,Percent,2017,5.64
MFN applied tariffs,TP_A_0010,Simple average MFN applied tariff - all products,458,MYS,Malaysia,Percent,2019,5.59
MFN applied tariffs,TP_A_0010,Simple average MFN applied tariff - all products,458,MYS,Malaysia,Percent,2020,5.73
MFN applied tariffs,TP_A_0010,Simple average MFN applied tariff - all products,458,MYS,Malaysia,Percent,2021,5.6
MFN applied tariffs,TP_A_0010,Simple average MFN applied tariff - all products,458,MYS,Malaysia,Percent,2022,5.62323202
MFN applied tariffs,TP_A_0010,Simple average MFN applied tariff - all products,458,MYS,Malaysia,Percent,2023,5.564963656
MFN applied tariffs,TP_A_0010,Simple average MFN applied tariff - all products,458,MYS,Malaysia,Percent,2024,5.499656761
MFN applied tariffs,TP_A_0010,Simple average MFN applied tariff - all products,462,MDV,Maldives,Percent,2017,12.97
MFN applied tariffs,TP_A_0010,Simple average MFN applied tariff - all products,462,MDV,Maldives,Percent,2018,12.96
MFN applied tariffs,TP_A_0010,Simple average MFN applied tariff - all products,462,MDV,Maldives,Percent,2019,12.95
MFN applied tariffs,TP_A_0010,Simple average MFN applied tariff - all products,462,MDV,Maldives,Percent,2021,11.4
MFN applied tariffs,TP_A_0010,Simple average MFN applied tariff - all products,462,MDV,Maldives,Percent,2022,11.73015997
MFN applied tariffs,TP_A_0010,Simple average MFN applied tariff - all products,462,MDV,Maldives,Percent,2023,11.59564705
MFN applied tariffs,TP_A_0010,Simple average MFN applied tariff - all products,462,MDV,Maldives,Percent,2024,11.74286127
MFN applied tariffs,TP_A_0010,Simple average MFN applied tariff - all products,466,MLI,Mali,Percent,2015,12.16
MFN applied tariffs,TP_A_0010,Simple average MFN applied tariff - all products,466,MLI,Mali,Percent,2016,12.16
MFN applied tariffs,TP_A_0010,Simple average MFN applied tariff - all products,466,MLI,Mali,Percent,2017,12.16
MFN applied tariffs,TP_A_0010,Simple average MFN applied tariff - all products,466,MLI,Mali,Percent,2024,12.03975389
MFN applied tariffs,TP_A_0010,Simple average MFN applied tariff - all products,466,MLI,Mali,Percent,2018,12.06
MFN applied tariffs,TP_A_0010,Simple average MFN applied tariff - all products,466,MLI,Mali,Percent,2019,12.06
MFN applied tariffs,TP_A_0010,Simple average MFN applied tariff - all products,466,MLI,Mali,Percent,2020,12.06
MFN applied tariffs,TP_A_0010,Simple average MFN applied tariff - all products,466,MLI,Mali,Percent,2021,12.06
MFN applied tariffs,TP_A_0010,Simple average MFN applied tariff - all products,466,MLI,Mali,Percent,2022,12.03975389
MFN applied tariffs,TP_A_0010,Simple average MFN applied tariff - all products,466,MLI,Mali,Percent,2023,12.03975389
MFN applied tariffs,TP_A_0010,Simple average MFN applied tariff - all products,478,MRT,Mauritania,Percent,2015,12.04
MFN applied tariffs,TP_A_0010,Simple average MFN applied tariff - all products,478,MRT,Mauritania,Percent,2018,12.08
MFN applied tariffs,TP_A_0010,Simple average MFN applied tariff - all products,478,MRT,Mauritania,Percent,2019,12.08
MFN applied tariffs,TP_A_0010,Simple average MFN applied tariff - all products,478,MRT,Mauritania,Percent,2021,11.97019193
MFN applied tariffs,TP_A_0010,Simple average MFN applied tariff - all products,478,MRT,Mauritania,Percent,2023,11.99095564
MFN applied tariffs,TP_A_0010,Simple average MFN applied tariff - all products,480,MUS,Mauritius,Percent,2021,0.8
MFN applied tariffs,TP_A_0010,Simple average MFN applied tariff - all products,480,MUS,Mauritius,Percent,2022,0.815679657
MFN applied tariffs,TP_A_0010,Simple average MFN applied tariff - all products,480,MUS,Mauritius,Percent,2023,0.814821844
MFN applied tariffs,TP_A_0010,Simple average MFN applied tariff - all products,480,MUS,Mauritius,Percent,2024,0.807323817
MFN applied tariffs,TP_A_0010,Simple average MFN applied tariff - all products,480,MUS,Mauritius,Percent,2015,1.01
MFN applied tariffs,TP_A_0010,Simple average MFN applied tariff - all products,480,MUS,Mauritius,Percent,2016,1.01
MFN applied tariffs,TP_A_0010,Simple average MFN applied tariff - all products,480,MUS,Mauritius,Percent,2017,0.74
MFN applied tariffs,TP_A_0010,Simple average MFN applied tariff - all products,480,MUS,Mauritius,Percent,2018,0.78
MFN applied tariffs,TP_A_0010,Simple average MFN applied tariff - all products,480,MUS,Mauritius,Percent,2019,0.78
MFN applied tariffs,TP_A_0010,Simple average MFN applied tariff - all products,480,MUS,Mauritius,Percent,2020,0.78
MFN applied tariffs,TP_A_0010,Simple average MFN applied tariff - all products,484,MEX,Mexico,Percent,2015,7.11
MFN applied tariffs,TP_A_0010,Simple average MFN applied tariff - all products,484,MEX,Mexico,Percent,2016,7.01
MFN applied tariffs,TP_A_0010,Simple average MFN applied tariff - all products,484,MEX,Mexico,Percent,2023,6.776366651
MFN applied tariffs,TP_A_0010,Simple average MFN applied tariff - all products,484,MEX,Mexico,Percent,2024,7.409450154
MFN applied tariffs,TP_A_0010,Simple average MFN applied tariff - all products,484,MEX,Mexico,Percent,2017,6.91
MFN applied tariffs,TP_A_0010,Simple average MFN applied tariff - all products,484,MEX,Mexico,Percent,2018,6.98
MFN applied tariffs,TP_A_0010,Simple average MFN applied tariff - all products,484,MEX,Mexico,Percent,2019,7.09
MFN applied tariffs,TP_A_0010,Simple average MFN applied tariff - all products,484,MEX,Mexico,Percent,2020,7.11
MFN applied tariffs,TP_A_0010,Simple average MFN applied tariff - all products,484,MEX,Mexico,Percent,2021,7.06
MFN applied tariffs,TP_A_0010,Simple average MFN applied tariff - all products,484,MEX,Mexico,Percent,2022,7.060839475
MFN applied tariffs,TP_A_0010,Simple average MFN applied tariff - all products,496,MNG,Mongolia,Percent,2015,4.98
MFN applied tariffs,TP_A_0010,Simple average MFN applied tariff - all products,496,MNG,Mongolia,Percent,2016,5.18
MFN applied tariffs,TP_A_0010,Simple average MFN applied tariff - all products,496,MNG,Mongolia,Percent,2017,5.18
MFN applied tariffs,TP_A_0010,Simple average MFN applied tariff - all products,496,MNG,Mongolia,Percent,2018,5.22
MFN applied tariffs,TP_A_0010,Simple average MFN applied tariff - all products,496,MNG,Mongolia,Percent,2019,5.22
MFN applied tariffs,TP_A_0010,Simple average MFN applied tariff - all products,496,MNG,Mongolia,Percent,2020,5.23
MFN applied tariffs,TP_A_0010,Simple average MFN applied tariff - all products,496,MNG,Mongolia,Percent,2021,5.2
MFN applied tariffs,TP_A_0010,Simple average MFN applied tariff - all products,496,MNG,Mongolia,Percent,2022,5.199247864
MFN applied tariffs,TP_A_0010,Simple average MFN applied tariff - all products,496,MNG,Mongolia,Percent,2023,5.202696687
MFN applied tariffs,TP_A_0010,Simple average MFN applied tariff - all products,496,MNG,Mongolia,Percent,2024,5.200156304
MFN applied tariffs,TP_A_0010,Simple average MFN applied tariff - all products,498,MDA,"Moldova, Republic of",Percent,2015,5.45
MFN applied tariffs,TP_A_0010,Simple average MFN applied tariff - all products,498,MDA,"Moldova, Republic of",Percent,2016,5.42
MFN applied tariffs,TP_A_0010,Simple average MFN applied tariff - all products,498,MDA,"Moldova, Republic of",Percent,2017,5.32
MFN applied tariffs,TP_A_0010,Simple average MFN applied tariff - all products,498,MDA,"Moldova, Republic of",Percent,2018,5.35
MFN applied tariffs,TP_A_0010,Simple average MFN applied tariff - all products,498,MDA,"Moldova, Republic of",Percent,2019,5.34
MFN applied tariffs,TP_A_0010,Simple average MFN applied tariff - all products,498,MDA,"Moldova, Republic of",Percent,2020,5.34
MFN applied tariffs,TP_A_0010,Simple average MFN applied tariff - all products,498,MDA,"Moldova, Republic of",Percent,2021,5.35
MFN applied tariffs,TP_A_0010,Simple average MFN applied tariff - all products,498,MDA,"Moldova, Republic of",Percent,2022,5.329636705
MFN applied tariffs,TP_A_0010,Simple average MFN applied tariff - all products,498,MDA,"Moldova, Republic of",Percent,2024,5.409726424
MFN applied tariffs,TP_A_0010,Simple average MFN applied tariff - all products,504,MAR,Morocco,Percent,2015,11.54
MFN applied tariffs,TP_A_0010,Simple average MFN applied tariff - all products,504,MAR,Morocco,Percent,2016,11.54
MFN applied tariffs,TP_A_0010,Simple average MFN applied tariff - all products,504,MAR,Morocco,Percent,2017,11.42
MFN applied tariffs,TP_A_0010,Simple average MFN applied tariff - all products,504,MAR,Morocco,Percent,2019,11.42
MFN applied tariffs,TP_A_0010,Simple average MFN applied tariff - all products,504,MAR,Morocco,Percent,2020,12.34
MFN applied tariffs,TP_A_0010,Simple average MFN applied tariff - all products,504,MAR,Morocco,Percent,2021,14.23
MFN applied tariffs,TP_A_0010,Simple average MFN applied tariff - all products,504,MAR,Morocco,Percent,2022,13.97512318
MFN applied tariffs,TP_A_0010,Simple average MFN applied tariff - all products,504,MAR,Morocco,Percent,2023,13.98364119
MFN applied tariffs,TP_A_0010,Simple average MFN applied tariff - all products,504,MAR,Morocco,Percent,2024,12.32884812
MFN applied tariffs,TP_A_0010,Simple average MFN applied tariff - all products,508,MOZ,Mozambique,Percent,2024,10.26940263
MFN applied tariffs,TP_A_0010,Simple average MFN applied tariff - all products,508,MOZ,Mozambique,Percent,2016,10.06
MFN applied tariffs,TP_A_0010,Simple average MFN applied tariff - all products,508,MOZ,Mozambique,Percent,2018,10.31
MFN applied tariffs,TP_A_0010,Simple average MFN applied tariff - all products,508,MOZ,Mozambique,Percent,2019,10.31
MFN applied tariffs,TP_A_0010,Simple average MFN applied tariff - all products,508,MOZ,Mozambique,Percent,2021,10.31
MFN applied tariffs,TP_A_0010,Simple average MFN applied tariff - all products,508,MOZ,Mozambique,Percent,2022,10.31106755
MFN applied tariffs,TP_A_0010,Simple average MFN applied tariff - all products,508,MOZ,Mozambique,Percent,2023,10.26940263
MFN applied tariffs,TP_A_0010,Simple average MFN applied tariff - all products,512,OMN,Oman,Percent,2015,5.54
MFN applied tariffs,TP_A_0010,Simple average MFN applied tariff - all products,512,OMN,Oman,Percent,2016,5.55
MFN applied tariffs,TP_A_0010,Simple average MFN applied tariff - all products,512,OMN,Oman,Percent,2017,5.62
MFN applied tariffs,TP_A_0010,Simple average MFN applied tariff - all products,512,OMN,Oman,Percent,2018,5.61
MFN applied tariffs,TP_A_0010,Simple average MFN applied tariff - all products,512,OMN,Oman,Percent,2019,5.62
MFN applied tariffs,TP_A_0010,Simple average MFN applied tariff - all products,512,OMN,Oman,Percent,2021,5.58
MFN applied tariffs,TP_A_0010,Simple average MFN applied tariff - all products,512,OMN,Oman,Percent,2022,5.619526891
MFN applied tariffs,TP_A_0010,Simple average MFN applied tariff - all products,512,OMN,Oman,Percent,2023,5.588766609
MFN applied tariffs,TP_A_0010,Simple average MFN applied tariff - all products,512,OMN,Oman,Percent,2024,5.617109679
MFN applied tariffs,TP_A_0010,Simple average MFN applied tariff - all products,516,NAM,Namibia,Percent,2015,7.6
MFN applied tariffs,TP_A_0010,Simple average MFN applied tariff - all products,516,NAM,Namibia,Percent,2016,7.64
MFN applied tariffs,TP_A_0010,Simple average MFN applied tariff - all products,516,NAM,Namibia,Percent,2017,7.64
MFN applied tariffs,TP_A_0010,Simple average MFN applied tariff - all products,516,NAM,Namibia,Percent,2018,7.7
MFN applied tariffs,TP_A_0010,Simple average MFN applied tariff - all products,516,NAM,Namibia,Percent,2019,7.67
MFN applied tariffs,TP_A_0010,Simple average MFN applied tariff - all products,516,NAM,Namibia,Percent,2020,7.7
MFN applied tariffs,TP_A_0010,Simple average MFN applied tariff - all products,516,NAM,Namibia,Percent,2021,7.73
MFN applied tariffs,TP_A_0010,Simple average MFN applied tariff - all products,516,NAM,Namibia,Percent,2022,7.555166205
MFN applied tariffs,TP_A_0010,Simple average MFN applied tariff - all products,516,NAM,Namibia,Percent,2023,7.524823134
MFN applied tariffs,TP_A_0010,Simple average MFN applied tariff - all products,516,NAM,Namibia,Percent,2024,7.529412147
MFN applied tariffs,TP_A_0010,Simple average MFN applied tariff - all products,520,NRU,Nauru,Percent,2016,11.9
MFN applied tariffs,TP_A_0010,Simple average MFN applied tariff - all products,520,NRU,Nauru,Percent,2017,12.15
MFN applied tariffs,TP_A_0010,Simple average MFN applied tariff - all products,520,NRU,Nauru,Percent,2018,12.28
MFN applied tariffs,TP_A_0010,Simple average MFN applied tariff - all products,520,NRU,Nauru,Percent,2019,12.72
MFN applied tariffs,TP_A_0010,Simple average MFN applied tariff - all products,520,NRU,Nauru,Percent,2021,12.95
MFN applied tariffs,TP_A_0010,Simple average MFN applied tariff - all products,520,NRU,Nauru,Percent,2022,12.8739397
MFN applied tariffs,TP_A_0010,Simple average MFN applied tariff - all products,520,NRU,Nauru,Percent,2023,12.59469228
MFN applied tariffs,TP_A_0010,Simple average MFN applied tariff - all products,520,NRU,Nauru,Percent,2024,10.78519753
MFN applied tariffs,TP_A_0010,Simple average MFN applied tariff - all products,524,NPL,Nepal,Percent,2015,12.31
MFN applied tariffs,TP_A_0010,Simple average MFN applied tariff - all products,524,NPL,Nepal,Percent,2016,12.08
MFN applied tariffs,TP_A_0010,Simple average MFN applied tariff - all products,524,NPL,Nepal,Percent,2018,12.11
MFN applied tariffs,TP_A_0010,Simple average MFN applied tariff - all products,524,NPL,Nepal,Percent,2019,12.2
MFN applied tariffs,TP_A_0010,Simple average MFN applied tariff - all products,524,NPL,Nepal,Percent,2021,12.67
MFN applied tariffs,TP_A_0010,Simple average MFN applied tariff - all products,524,NPL,Nepal,Percent,2022,12.58948546
MFN applied tariffs,TP_A_0010,Simple average MFN applied tariff - all products,524,NPL,Nepal,Percent,2023,12.73667427
MFN applied tariffs,TP_A_0010,Simple average MFN applied tariff - all products,524,NPL,Nepal,Percent,2024,12.85545606
MFN applied tariffs,TP_A_0010,Simple average MFN applied tariff - all products,548,VUT,Vanuatu,Percent,2015,7.45
MFN applied tariffs,TP_A_0010,Simple average MFN applied tariff - all products,548,VUT,Vanuatu,Percent,2016,7.46
MFN applied tariffs,TP_A_0010,Simple average MFN applied tariff - all products,548,VUT,Vanuatu,Percent,2017,9.16
MFN applied tariffs,TP_A_0010,Simple average MFN applied tariff - all products,548,VUT,Vanuatu,Percent,2018,9.16
MFN applied tariffs,TP_A_0010,Simple average MFN applied tariff - all products,548,VUT,Vanuatu,Percent,2020,9.16
MFN applied tariffs,TP_A_0010,Simple average MFN applied tariff - all products,548,VUT,Vanuatu,Percent,2021,9.16
MFN applied tariffs,TP_A_0010,Simple average MFN applied tariff - all products,548,VUT,Vanuatu,Percent,2022,9.161706276
MFN applied tariffs,TP_A_0010,Simple average MFN applied tariff - all products,548,VUT,Vanuatu,Percent,2023,9.033276899
MFN applied tariffs,TP_A_0010,Simple average MFN applied tariff - all products,548,VUT,Vanuatu,Percent,2024,9.032876373
MFN applied tariffs,TP_A_0010,Simple average MFN applied tariff - all products,554,NZL,New Zealand,Percent,2015,2.04
MFN applied tariffs,TP_A_0010,Simple average MFN applied tariff - all products,554,NZL,New Zealand,Percent,2016,2.04
MFN applied tariffs,TP_A_0010,Simple average MFN applied tariff - all products,554,NZL,New Zealand,Percent,2017,2.01
MFN applied tariffs,TP_A_0010,Simple average MFN applied tariff - all products,554,NZL,New Zealand,Percent,2018,1.98
MFN applied tariffs,TP_A_0010,Simple average MFN applied tariff - all products,554,NZL,New Zealand,Percent,2019,1.98
MFN applied tariffs,TP_A_0010,Simple average MFN applied tariff - all products,554,NZL,New Zealand,Percent,2020,1.93
MFN applied tariffs,TP_A_0010,Simple average MFN applied tariff - all products,554,NZL,New Zealand,Percent,2021,1.93
MFN applied tariffs,TP_A_0010,Simple average MFN applied tariff - all products,554,NZL,New Zealand,Percent,2022,1.915416325
MFN applied tariffs,TP_A_0010,Simple average MFN applied tariff - all products,554,NZL,New Zealand,Percent,2023,1.913412411
MFN applied tariffs,TP_A_0010,Simple average MFN applied tariff - all products,554,NZL,New Zealand,Percent,2024,1.913535046
MFN applied tariffs,TP_A_0010,Simple average MFN applied tariff - all products,558,NIC,Nicaragua,Percent,2015,5.72
MFN applied tariffs,TP_A_0010,Simple average MFN applied tariff - all products,558,NIC,Nicaragua,Percent,2016,5.73
MFN applied tariffs,TP_A_0010,Simple average MFN applied tariff - all products,558,NIC,Nicaragua,Percent,2017,5.68
MFN applied tariffs,TP_A_0010,Simple average MFN applied tariff - all products,558,NIC,Nicaragua,Percent,2018,5.68
MFN applied tariffs,TP_A_0010,Simple average MFN applied tariff - all products,558,NIC,Nicaragua,Percent,2019,5.68
MFN applied tariffs,TP_A_0010,Simple average MFN applied tariff - all products,558,NIC,Nicaragua,Percent,2020,5.69
MFN applied tariffs,TP_A_0010,Simple average MFN applied tariff - all products,558,NIC,Nicaragua,Percent,2021,5.69
MFN applied tariffs,TP_A_0010,Simple average MFN applied tariff - all products,558,NIC,Nicaragua,Percent,2022,5.644720543
MFN applied tariffs,TP_A_0010,Simple average MFN applied tariff - all products,558,NIC,Nicaragua,Percent,2023,5.643371153
MFN applied tariffs,TP_A_0010,Simple average MFN applied tariff - all products,558,NIC,Nicaragua,Percent,2024,5.642034493
MFN applied tariffs,TP_A_0010,Simple average MFN applied tariff - all products,562,NER,Niger,Percent,2015,12.16
MFN applied tariffs,TP_A_0010,Simple average MFN applied tariff - all products,562,NER,Niger,Percent,2022,12.03975389
MFN applied tariffs,TP_A_0010,Simple average MFN applied tariff - all products,562,NER,Niger,Percent,2023,12.03975389
MFN applied tariffs,TP_A_0010,Simple average MFN applied tariff - all products,562,NER,Niger,Percent,2024,12.03975389
MFN applied tariffs,TP_A_0010,Simple average MFN applied tariff - all products,562,NER,Niger,Percent,2016,12.16
MFN applied tariffs,TP_A_0010,Simple average MFN applied tariff - all products,562,NER,Niger,Percent,2017,12.16
MFN applied tariffs,TP_A_0010,Simple average MFN applied tariff - all products,562,NER,Niger,Percent,2018,12.16
MFN applied tariffs,TP_A_0010,Simple average MFN applied tariff - all products,562,NER,Niger,Percent,2019,12.06
MFN applied tariffs,TP_A_0010,Simple average MFN applied tariff - all products,562,NER,Niger,Percent,2020,12.06
MFN applied tariffs,TP_A_0010,Simple average MFN applied tariff - all products,562,NER,Niger,Percent,2021,12.06
MFN applied tariffs,TP_A_0010,Simple average MFN applied tariff - all products,566,NGA,Nigeria,Percent,2015,12.06
MFN applied tariffs,TP_A_0010,Simple average MFN applied tariff - all products,566,NGA,Nigeria,Percent,2016,12.13
MFN applied tariffs,TP_A_0010,Simple average MFN applied tariff - all products,566,NGA,Nigeria,Percent,2019,12.06
MFN applied tariffs,TP_A_0010,Simple average MFN applied tariff - all products,566,NGA,Nigeria,Percent,2020,12.06
MFN applied tariffs,TP_A_0010,Simple average MFN applied tariff - all products,566,NGA,Nigeria,Percent,2021,12.06
MFN applied tariffs,TP_A_0010,Simple average MFN applied tariff - all products,566,NGA,Nigeria,Percent,2022,12.03975389
MFN applied tariffs,TP_A_0010,Simple average MFN applied tariff - all products,566,NGA,Nigeria,Percent,2023,12.03975389
MFN applied tariffs,TP_A_0010,Simple average MFN applied tariff - all products,566,NGA,Nigeria,Percent,2024,12.03975389
MFN applied tariffs,TP_A_0010,Simple average MFN applied tariff - all products,578,NOR,Norway,Percent,2015,6.62
MFN applied tariffs,TP_A_0010,Simple average MFN applied tariff - all products,578,NOR,Norway,Percent,2016,6.09
MFN applied tariffs,TP_A_0010,Simple average MFN applied tariff - all products,578,NOR,Norway,Percent,2017,6.24
MFN applied tariffs,TP_A_0010,Simple average MFN applied tariff - all products,578,NOR,Norway,Percent,2018,6.63
MFN applied tariffs,TP_A_0010,Simple average MFN applied tariff - all products,578,NOR,Norway,Percent,2019,5.96
MFN applied tariffs,TP_A_0010,Simple average MFN applied tariff - all products,578,NOR,Norway,Percent,2020,5.91
MFN applied tariffs,TP_A_0010,Simple average MFN applied tariff - all products,578,NOR,Norway,Percent,2021,5.88
MFN applied tariffs,TP_A_0010,Simple average MFN applied tariff - all products,578,NOR,Norway,Percent,2022,5.162960036
MFN applied tariffs,TP_A_0010,Simple average MFN applied tariff - all products,578,NOR,Norway,Percent,2023,4.557366867
MFN applied tariffs,TP_A_0010,Simple average MFN applied tariff - all products,578,NOR,Norway,Percent,2024,4.404506616
MFN applied tariffs,TP_A_0010,Simple average MFN applied tariff - all products,583,FSM,"Micronesia, Federated States of",Percent,2019,5.07
MFN applied tariffs,TP_A_0010,Simple average MFN applied tariff - all products,583,FSM,"Micronesia, Federated States of",Percent,2021,5.1
MFN applied tariffs,TP_A_0010,Simple average MFN applied tariff - all products,583,FSM,"Micronesia, Federated States of",Percent,2022,5.088327932
MFN applied tariffs,TP_A_0010,Simple average MFN applied tariff - all products,583,FSM,"Micronesia, Federated States of",Percent,2023,5.038772763
MFN applied tariffs,TP_A_0010,Simple average MFN applied tariff - all products,583,FSM,"Micronesia, Federated States of",Percent,2024,5.013144462
MFN applied tariffs,TP_A_0010,Simple average MFN applied tariff - all products,585,PLW,Palau,Percent,2015,3.21
MFN applied tariffs,TP_A_0010,Simple average MFN applied tariff - all products,585,PLW,Palau,Percent,2016,3.63
MFN applied tariffs,TP_A_0010,Simple average MFN applied tariff - all products,585,PLW,Palau,Percent,2017,3.62
MFN applied tariffs,TP_A_0010,Simple average MFN applied tariff - all products,585,PLW,Palau,Percent,2018,3.81
MFN applied tariffs,TP_A_0010,Simple average MFN applied tariff - all products,585,PLW,Palau,Percent,2019,3.83
MFN applied tariffs,TP_A_0010,Simple average MFN applied tariff - all products,585,PLW,Palau,Percent,2021,4.02
MFN applied tariffs,TP_A_0010,Simple average MFN applied tariff - all products,585,PLW,Palau,Percent,2022,3.955146264
MFN applied tariffs,TP_A_0010,Simple average MFN applied tariff - all products,585,PLW,Palau,Percent,2024,0.049545536
MFN applied tariffs,TP_A_0010,Simple average MFN applied tariff - all products,586,PAK,Pakistan,Percent,2015,12.35
MFN applied tariffs,TP_A_0010,Simple average MFN applied tariff - all products,586,PAK,Pakistan,Percent,2016,12.1
MFN applied tariffs,TP_A_0010,Simple average MFN applied tariff - all products,586,PAK,Pakistan,Percent,2018,12.1
MFN applied tariffs,TP_A_0010,Simple average MFN applied tariff - all products,586,PAK,Pakistan,Percent,2019,12.1
MFN applied tariffs,TP_A_0010,Simple average MFN applied tariff - all products,586,PAK,Pakistan,Percent,2021,11.23
MFN applied tariffs,TP_A_0010,Simple average MFN applied tariff - all products,586,PAK,Pakistan,Percent,2022,10.34735553
MFN applied tariffs,TP_A_0010,Simple average MFN applied tariff - all products,586,PAK,Pakistan,Percent,2023,10.34127234
MFN applied tariffs,TP_A_0010,Simple average MFN applied tariff - all products,586,PAK,Pakistan,Percent,2024,10.33145756
MFN applied tariffs,TP_A_0010,Simple average MFN applied tariff - all products,591,PAN,Panama,Percent,2022,5.085675909
MFN applied tariffs,TP_A_0010,Simple average MFN applied tariff - all products,591,PAN,Panama,Percent,2023,5.089338088
MFN applied tariffs,TP_A_0010,Simple average MFN applied tariff - all products,591,PAN,Panama,Percent,2024,5.108531362
MFN applied tariffs,TP_A_0010,Simple average MFN applied tariff - all products,591,PAN,Panama,Percent,2015,6.85
MFN applied tariffs,TP_A_0010,Simple average MFN applied tariff - all products,591,PAN,Panama,Percent,2017,6.85
MFN applied tariffs,TP_A_0010,Simple average MFN applied tariff - all products,591,PAN,Panama,Percent,2018,5.07
MFN applied tariffs,TP_A_0010,Simple average MFN applied tariff - all products,591,PAN,Panama,Percent,2019,5.07
MFN applied tariffs,TP_A_0010,Simple average MFN applied tariff - all products,591,PAN,Panama,Percent,2020,5.1
MFN applied tariffs,TP_A_0010,Simple average MFN applied tariff - all products,591,PAN,Panama,Percent,2021,5.11
MFN applied tariffs,TP_A_0010,Simple average MFN applied tariff - all products,598,PNG,Papua New Guinea,Percent,2018,4.28
MFN applied tariffs,TP_A_0010,Simple average MFN applied tariff - all products,598,PNG,Papua New Guinea,Percent,2019,4.03
MFN applied tariffs,TP_A_0010,Simple average MFN applied tariff - all products,598,PNG,Papua New Guinea,Percent,2021,4.23
MFN applied tariffs,TP_A_0010,Simple average MFN applied tariff - all products,598,PNG,Papua New Guinea,Percent,2022,4.124923138
MFN applied tariffs,TP_A_0010,Simple average MFN applied tariff - all products,598,PNG,Papua New Guinea,Percent,2023,4.151986702
MFN applied tariffs,TP_A_0010,Simple average MFN applied tariff - all products,598,PNG,Papua New Guinea,Percent,2024,4.105468195
MFN applied tariffs,TP_A_0010,Simple average MFN applied tariff - all products,600,PRY,Paraguay,Percent,2015,9.83
MFN applied tariffs,TP_A_0010,Simple average MFN applied tariff - all products,600,PRY,Paraguay,Percent,2016,9.83
MFN applied tariffs,TP_A_0010,Simple average MFN applied tariff - all products,600,PRY,Paraguay,Percent,2017,9.76
MFN applied tariffs,TP_A_0010,Simple average MFN applied tariff - all products,600,PRY,Paraguay,Percent,2018,9.76
MFN applied tariffs,TP_A_0010,Simple average MFN applied tariff - all products,600,PRY,Paraguay,Percent,2019,9.76
MFN applied tariffs,TP_A_0010,Simple average MFN applied tariff - all products,600,PRY,Paraguay,Percent,2020,9.58
MFN applied tariffs,TP_A_0010,Simple average MFN applied tariff - all products,600,PRY,Paraguay,Percent,2021,9.573733573
MFN applied tariffs,TP_A_0010,Simple average MFN applied tariff - all products,600,PRY,Paraguay,Percent,2023,8.623374026
MFN applied tariffs,TP_A_0010,Simple average MFN applied tariff - all products,600,PRY,Paraguay,Percent,2024,8.620121648
MFN applied tariffs,TP_A_0010,Simple average MFN applied tariff - all products,604,PER,Peru,Percent,2023,2.326508374
MFN applied tariffs,TP_A_0010,Simple average MFN applied tariff - all products,604,PER,Peru,Percent,2015,2.44
MFN applied tariffs,TP_A_0010,Simple average MFN applied tariff - all products,604,PER,Peru,Percent,2017,2.39
MFN applied tariffs,TP_A_0010,Simple average MFN applied tariff - all products,604,PER,Peru,Percent,2018,2.39
MFN applied tariffs,TP_A_0010,Simple average MFN applied tariff - all products,604,PER,Peru,Percent,2019,2.39
MFN applied tariffs,TP_A_0010,Simple average MFN applied tariff - all products,604,PER,Peru,Percent,2021,2.39
MFN applied tariffs,TP_A_0010,Simple average MFN applied tariff - all products,604,PER,Peru,Percent,2022,2.332359703
MFN applied tariffs,TP_A_0010,Simple average MFN applied tariff - all products,608,PHL,Philippines,Percent,2015,6.31
MFN applied tariffs,TP_A_0010,Simple average MFN applied tariff - all products,608,PHL,Philippines,Percent,2016,6.3
MFN applied tariffs,TP_A_0010,Simple average MFN applied tariff - all products,608,PHL,Philippines,Percent,2017,6.31
MFN applied tariffs,TP_A_0010,Simple average MFN applied tariff - all products,608,PHL,Philippines,Percent,2018,6.16
MFN applied tariffs,TP_A_0010,Simple average MFN applied tariff - all products,608,PHL,Philippines,Percent,2019,6.14
MFN applied tariffs,TP_A_0010,Simple average MFN applied tariff - all products,608,PHL,Philippines,Percent,2020,6.13
MFN applied tariffs,TP_A_0010,Simple average MFN applied tariff - all products,608,PHL,Philippines,Percent,2021,6.12
MFN applied tariffs,TP_A_0010,Simple average MFN applied tariff - all products,608,PHL,Philippines,Percent,2022,6.10819702
MFN applied tariffs,TP_A_0010,Simple average MFN applied tariff - all products,608,PHL,Philippines,Percent,2023,6.018976641
MFN applied tariffs,TP_A_0010,Simple average MFN applied tariff - all products,608,PHL,Philippines,Percent,2024,5.998572593
MFN applied tariffs,TP_A_0010,Simple average MFN applied tariff - all products,624,GNB,Guinea-Bissau,Percent,2017,12.16
MFN applied tariffs,TP_A_0010,Simple average MFN applied tariff - all products,624,GNB,Guinea-Bissau,Percent,2018,12.16
MFN applied tariffs,TP_A_0010,Simple average MFN applied tariff - all products,624,GNB,Guinea-Bissau,Percent,2019,12.06
MFN applied tariffs,TP_A_0010,Simple average MFN applied tariff - all products,624,GNB,Guinea-Bissau,Percent,2020,12.06
MFN applied tariffs,TP_A_0010,Simple average MFN applied tariff - all products,624,GNB,Guinea-Bissau,Percent,2021,12.06
MFN applied tariffs,TP_A_0010,Simple average MFN applied tariff - all products,624,GNB,Guinea-Bissau,Percent,2022,12.03975389
MFN applied tariffs,TP_A_0010,Simple average MFN applied tariff - all products,624,GNB,Guinea-Bissau,Percent,2023,12.03975389
MFN applied tariffs,TP_A_0010,Simple average MFN applied tariff - all products,624,GNB,Guinea-Bissau,Percent,2024,12.03975389
MFN applied tariffs,TP_A_0010,Simple average MFN applied tariff - all products,626,TLS,Timor-Leste,Percent,2015,2.5
MFN applied tariffs,TP_A_0010,Simple average MFN applied tariff - all products,626,TLS,Timor-Leste,Percent,2016,2.5
MFN applied tariffs,TP_A_0010,Simple average MFN applied tariff - all products,626,TLS,Timor-Leste,Percent,2021,2.53
MFN applied tariffs,TP_A_0010,Simple average MFN applied tariff - all products,626,TLS,Timor-Leste,Percent,2022,2.527020579
MFN applied tariffs,TP_A_0010,Simple average MFN applied tariff - all products,626,TLS,Timor-Leste,Percent,2023,2.527020579
MFN applied tariffs,TP_A_0010,Simple average MFN applied tariff - all products,634,QAT,Qatar,Percent,2015,4.7
MFN applied tariffs,TP_A_0010,Simple average MFN applied tariff - all products,634,QAT,Qatar,Percent,2016,4.74
MFN applied tariffs,TP_A_0010,Simple average MFN applied tariff - all products,634,QAT,Qatar,Percent,2017,4.8
MFN applied tariffs,TP_A_0010,Simple average MFN applied tariff - all products,634,QAT,Qatar,Percent,2018,4.77
MFN applied tariffs,TP_A_0010,Simple average MFN applied tariff - all products,634,QAT,Qatar,Percent,2019,4.8
MFN applied tariffs,TP_A_0010,Simple average MFN applied tariff - all products,634,QAT,Qatar,Percent,2020,5.06
MFN applied tariffs,TP_A_0010,Simple average MFN applied tariff - all products,634,QAT,Qatar,Percent,2021,5.06
MFN applied tariffs,TP_A_0010,Simple average MFN applied tariff - all products,634,QAT,Qatar,Percent,2022,4.704841868
MFN applied tariffs,TP_A_0010,Simple average MFN applied tariff - all products,634,QAT,Qatar,Percent,2023,4.704841868
MFN applied tariffs,TP_A_0010,Simple average MFN applied tariff - all products,634,QAT,Qatar,Percent,2024,4.704841868
MFN applied tariffs,TP_A_0010,Simple average MFN applied tariff - all products,643,RUS,Russian Federation,Percent,2015,7.75
MFN applied tariffs,TP_A_0010,Simple average MFN applied tariff - all products,643,RUS,Russian Federation,Percent,2016,7.15
MFN applied tariffs,TP_A_0010,Simple average MFN applied tariff - all products,643,RUS,Russian Federation,Percent,2017,6.74
MFN applied tariffs,TP_A_0010,Simple average MFN applied tariff - all products,643,RUS,Russian Federation,Percent,2018,6.79
MFN applied tariffs,TP_A_0010,Simple average MFN applied tariff - all products,643,RUS,Russian Federation,Percent,2019,6.69
MFN applied tariffs,TP_A_0010,Simple average MFN applied tariff - all products,643,RUS,Russian Federation,Percent,2020,6.57
MFN applied tariffs,TP_A_0010,Simple average MFN applied tariff - all products,643,RUS,Russian Federation,Percent,2021,6.59
MFN applied tariffs,TP_A_0010,Simple average MFN applied tariff - all products,643,RUS,Russian Federation,Percent,2022,6.590617083
MFN applied tariffs,TP_A_0010,Simple average MFN applied tariff - all products,643,RUS,Russian Federation,Percent,2023,6.576476343
MFN applied tariffs,TP_A_0010,Simple average MFN applied tariff - all products,643,RUS,Russian Federation,Percent,2024,6.612185055
MFN applied tariffs,TP_A_0010,Simple average MFN applied tariff - all products,646,RWA,Rwanda,Percent,2015,12.8
MFN applied tariffs,TP_A_0010,Simple average MFN applied tariff - all products,646,RWA,Rwanda,Percent,2016,12.7
MFN applied tariffs,TP_A_0010,Simple average MFN applied tariff - all products,646,RWA,Rwanda,Percent,2017,12.66
MFN applied tariffs,TP_A_0010,Simple average MFN applied tariff - all products,646,RWA,Rwanda,Percent,2018,11.3
MFN applied tariffs,TP_A_0010,Simple average MFN applied tariff - all products,646,RWA,Rwanda,Percent,2019,11.31
MFN applied tariffs,TP_A_0010,Simple average MFN applied tariff - all products,646,RWA,Rwanda,Percent,2020,12.48
MFN applied tariffs,TP_A_0010,Simple average MFN applied tariff - all products,646,RWA,Rwanda,Percent,2021,12.42
MFN applied tariffs,TP_A_0010,Simple average MFN applied tariff - all products,646,RWA,Rwanda,Percent,2022,13.15750939
MFN applied tariffs,TP_A_0010,Simple average MFN applied tariff - all products,646,RWA,Rwanda,Percent,2023,13.29945552
MFN applied tariffs,TP_A_0010,Simple average MFN applied tariff - all products,646,RWA,Rwanda,Percent,2024,13.79079497
MFN applied tariffs,TP_A_0010,Simple average MFN applied tariff - all products,659,KNA,Saint Kitts and Nevis,Percent,2015,9.14
MFN applied tariffs,TP_A_0010,Simple average MFN applied tariff - all products,659,KNA,Saint Kitts and Nevis,Percent,2016,9.15
MFN applied tariffs,TP_A_0010,Simple average MFN applied tariff - all products,659,KNA,Saint Kitts and Nevis,Percent,2017,9.15
MFN applied tariffs,TP_A_0010,Simple average MFN applied tariff - all products,659,KNA,Saint Kitts and Nevis,Percent,2018,9.12
MFN applied tariffs,TP_A_0010,Simple average MFN applied tariff - all products,659,KNA,Saint Kitts and Nevis,Percent,2019,9.14
MFN applied tariffs,TP_A_0010,Simple average MFN applied tariff - all products,659,KNA,Saint Kitts and Nevis,Percent,2020,9.24
MFN applied tariffs,TP_A_0010,Simple average MFN applied tariff - all products,662,LCA,Saint Lucia,Percent,2015,9.13
MFN applied tariffs,TP_A_0010,Simple average MFN applied tariff - all products,662,LCA,Saint Lucia,Percent,2016,9.12
MFN applied tariffs,TP_A_0010,Simple average MFN applied tariff - all products,662,LCA,Saint Lucia,Percent,2019,9.14
MFN applied tariffs,TP_A_0010,Simple average MFN applied tariff - all products,662,LCA,Saint Lucia,Percent,2020,9.19
MFN applied tariffs,TP_A_0010,Simple average MFN applied tariff - all products,662,LCA,Saint Lucia,Percent,2021,9.190908917
MFN applied tariffs,TP_A_0010,Simple average MFN applied tariff - all products,670,VCT,Saint Vincent and the Grenadines,Percent,2015,9.96
MFN applied tariffs,TP_A_0010,Simple average MFN applied tariff - all products,670,VCT,Saint Vincent and the Grenadines,Percent,2023,10.76878403
MFN applied tariffs,TP_A_0010,Simple average MFN applied tariff - all products,670,VCT,Saint Vincent and the Grenadines,Percent,2016,10.04
MFN applied tariffs,TP_A_0010,Simple average MFN applied tariff - all products,670,VCT,Saint Vincent and the Grenadines,Percent,2017,10.04
MFN applied tariffs,TP_A_0010,Simple average MFN applied tariff - all products,670,VCT,Saint Vincent and the Grenadines,Percent,2018,10.04
MFN applied tariffs,TP_A_0010,Simple average MFN applied tariff - all products,670,VCT,Saint Vincent and the Grenadines,Percent,2019,10.04
MFN applied tariffs,TP_A_0010,Simple average MFN applied tariff - all products,670,VCT,Saint Vincent and the Grenadines,Percent,2020,10.01
MFN applied tariffs,TP_A_0010,Simple average MFN applied tariff - all products,670,VCT,Saint Vincent and the Grenadines,Percent,2021,10.03560668
MFN applied tariffs,TP_A_0010,Simple average MFN applied tariff - all products,678,STP,Sao Tomé and Principe,Percent,2015,10.01
MFN applied tariffs,TP_A_0010,Simple average MFN applied tariff - all products,678,STP,Sao Tomé and Principe,Percent,2016,10.01
MFN applied tariffs,TP_A_0010,Simple average MFN applied tariff - all products,678,STP,Sao Tomé and Principe,Percent,2018,9.91
MFN applied tariffs,TP_A_0010,Simple average MFN applied tariff - all products,678,STP,Sao Tomé and Principe,Percent,2019,9.91
MFN applied tariffs,TP_A_0010,Simple average MFN applied tariff - all products,682,SAU,"Saudi Arabia, Kingdom of",Percent,2015,5.12
MFN applied tariffs,TP_A_0010,Simple average MFN applied tariff - all products,682,SAU,"Saudi Arabia, Kingdom of",Percent,2024,5.857787202
MFN applied tariffs,TP_A_0010,Simple average MFN applied tariff - all products,682,SAU,"Saudi Arabia, Kingdom of",Percent,2017,5.85
MFN applied tariffs,TP_A_0010,Simple average MFN applied tariff - all products,682,SAU,"Saudi Arabia, Kingdom of",Percent,2018,5.25
MFN applied tariffs,TP_A_0010,Simple average MFN applied tariff - all products,682,SAU,"Saudi Arabia, Kingdom of",Percent,2020,5.63
MFN applied tariffs,TP_A_0010,Simple average MFN applied tariff - all products,682,SAU,"Saudi Arabia, Kingdom of",Percent,2021,6.28
MFN applied tariffs,TP_A_0010,Simple average MFN applied tariff - all products,682,SAU,"Saudi Arabia, Kingdom of",Percent,2022,6.283711235
MFN applied tariffs,TP_A_0010,Simple average MFN applied tariff - all products,682,SAU,"Saudi Arabia, Kingdom of",Percent,2023,6.205636527
MFN applied tariffs,TP_A_0010,Simple average MFN applied tariff - all products,686,SEN,Senegal,Percent,2015,12.16
MFN applied tariffs,TP_A_0010,Simple average MFN applied tariff - all products,686,SEN,Senegal,Percent,2016,12.16
MFN applied tariffs,TP_A_0010,Simple average MFN applied tariff - all products,686,SEN,Senegal,Percent,2017,12.16
MFN applied tariffs,TP_A_0010,Simple average MFN applied tariff - all products,686,SEN,Senegal,Percent,2018,12.16
MFN applied tariffs,TP_A_0010,Simple average MFN applied tariff - all products,686,SEN,Senegal,Percent,2019,12.06
MFN applied tariffs,TP_A_0010,Simple average MFN applied tariff - all products,686,SEN,Senegal,Percent,2020,12.06
MFN applied tariffs,TP_A_0010,Simple average MFN applied tariff - all products,686,SEN,Senegal,Percent,2021,12.06
MFN applied tariffs,TP_A_0010,Simple average MFN applied tariff - all products,686,SEN,Senegal,Percent,2022,12.04042222
MFN applied tariffs,TP_A_0010,Simple average MFN applied tariff - all products,686,SEN,Senegal,Percent,2023,12.0415361
MFN applied tariffs,TP_A_0010,Simple average MFN applied tariff - all products,686,SEN,Senegal,Percent,2024,12.0415361
MFN applied tariffs,TP_A_0010,Simple average MFN applied tariff - all products,690,SYC,Seychelles,Percent,2015,2.93
MFN applied tariffs,TP_A_0010,Simple average MFN applied tariff - all products,690,SYC,Seychelles,Percent,2016,2.75
MFN applied tariffs,TP_A_0010,Simple average MFN applied tariff - all products,690,SYC,Seychelles,Percent,2017,2.68
MFN applied tariffs,TP_A_0010,Simple average MFN applied tariff - all products,690,SYC,Seychelles,Percent,2018,3.2
MFN applied tariffs,TP_A_0010,Simple average MFN applied tariff - all products,690,SYC,Seychelles,Percent,2019,2.52
MFN applied tariffs,TP_A_0010,Simple average MFN applied tariff - all products,690,SYC,Seychelles,Percent,2020,2.5
MFN applied tariffs,TP_A_0010,Simple average MFN applied tariff - all products,690,SYC,Seychelles,Percent,2021,2.42
MFN applied tariffs,TP_A_0010,Simple average MFN applied tariff - all products,690,SYC,Seychelles,Percent,2022,2.5149503
MFN applied tariffs,TP_A_0010,Simple average MFN applied tariff - all products,690,SYC,Seychelles,Percent,2023,2.570480517
MFN applied tariffs,TP_A_0010,Simple average MFN applied tariff - all products,690,SYC,Seychelles,Percent,2024,2.587506819
MFN applied tariffs,TP_A_0010,Simple average MFN applied tariff - all products,694,SLE,Sierra Leone,Percent,2019,12.06
MFN applied tariffs,TP_A_0010,Simple average MFN applied tariff - all products,694,SLE,Sierra Leone,Percent,2020,12.06
MFN applied tariffs,TP_A_0010,Simple average MFN applied tariff - all products,694,SLE,Sierra Leone,Percent,2021,12.06
MFN applied tariffs,TP_A_0010,Simple average MFN applied tariff - all products,694,SLE,Sierra Leone,Percent,2022,12.03975389
MFN applied tariffs,TP_A_0010,Simple average MFN applied tariff - all products,694,SLE,Sierra Leone,Percent,2023,12.03975389
MFN applied tariffs,TP_A_0010,Simple average MFN applied tariff - all products,694,SLE,Sierra Leone,Percent,2024,12.03975389
MFN applied tariffs,TP_A_0010,Simple average MFN applied tariff - all products,702,SGP,Singapore,Percent,2015,0.15
MFN applied tariffs,TP_A_0010,Simple average MFN applied tariff - all products,702,SGP,Singapore,Percent,2016,0.01
MFN applied tariffs,TP_A_0010,Simple average MFN applied tariff - all products,702,SGP,Singapore,Percent,2017,0.02
MFN applied tariffs,TP_A_0010,Simple average MFN applied tariff - all products,702,SGP,Singapore,Percent,2024,0.011942733
MFN applied tariffs,TP_A_0010,Simple average MFN applied tariff - all products,702,SGP,Singapore,Percent,2018,0.02
MFN applied tariffs,TP_A_0010,Simple average MFN applied tariff - all products,702,SGP,Singapore,Percent,2019,0.02
MFN applied tariffs,TP_A_0010,Simple average MFN applied tariff - all products,702,SGP,Singapore,Percent,2020,0.02
MFN applied tariffs,TP_A_0010,Simple average MFN applied tariff - all products,702,SGP,Singapore,Percent,2021,0.01
MFN applied tariffs,TP_A_0010,Simple average MFN applied tariff - all products,702,SGP,Singapore,Percent,2022,0.013281632
MFN applied tariffs,TP_A_0010,Simple average MFN applied tariff - all products,702,SGP,Singapore,Percent,2023,0.013188718
MFN applied tariffs,TP_A_0010,Simple average MFN applied tariff - all products,704,VNM,Viet Nam,Percent,2015,9.52
MFN applied tariffs,TP_A_0010,Simple average MFN applied tariff - all products,704,VNM,Viet Nam,Percent,2016,9.58
MFN applied tariffs,TP_A_0010,Simple average MFN applied tariff - all products,704,VNM,Viet Nam,Percent,2017,9.58
MFN applied tariffs,TP_A_0010,Simple average MFN applied tariff - all products,704,VNM,Viet Nam,Percent,2018,9.51
MFN applied tariffs,TP_A_0010,Simple average MFN applied tariff - all products,704,VNM,Viet Nam,Percent,2019,9.63
MFN applied tariffs,TP_A_0010,Simple average MFN applied tariff - all products,704,VNM,Viet Nam,Percent,2020,9.52
MFN applied tariffs,TP_A_0010,Simple average MFN applied tariff - all products,704,VNM,Viet Nam,Percent,2021,9.62
MFN applied tariffs,TP_A_0010,Simple average MFN applied tariff - all products,704,VNM,Viet Nam,Percent,2022,9.603608766
MFN applied tariffs,TP_A_0010,Simple average MFN applied tariff - all products,704,VNM,Viet Nam,Percent,2023,9.367909557
MFN applied tariffs,TP_A_0010,Simple average MFN applied tariff - all products,704,VNM,Viet Nam,Percent,2024,9.451751888
MFN applied tariffs,TP_A_0010,Simple average MFN applied tariff - all products,706,SOM,Somalia,Percent,2022,15.620956
MFN applied tariffs,TP_A_0010,Simple average MFN applied tariff - all products,706,SOM,Somalia,Percent,2023,15.620956
MFN applied tariffs,TP_A_0010,Simple average MFN applied tariff - all products,706,SOM,Somalia,Percent,2024,15.620956
MFN applied tariffs,TP_A_0010,Simple average MFN applied tariff - all products,710,ZAF,South Africa,Percent,2015,7.6
MFN applied tariffs,TP_A_0010,Simple average MFN applied tariff - all products,710,ZAF,South Africa,Percent,2016,7.66
MFN applied tariffs,TP_A_0010,Simple average MFN applied tariff - all products,710,ZAF,South Africa,Percent,2017,7.64
MFN applied tariffs,TP_A_0010,Simple average MFN applied tariff - all products,710,ZAF,South Africa,Percent,2018,7.73
MFN applied tariffs,TP_A_0010,Simple average MFN applied tariff - all products,710,ZAF,South Africa,Percent,2019,7.71
MFN applied tariffs,TP_A_0010,Simple average MFN applied tariff - all products,710,ZAF,South Africa,Percent,2020,7.7
MFN applied tariffs,TP_A_0010,Simple average MFN applied tariff - all products,710,ZAF,South Africa,Percent,2021,7.76
MFN applied tariffs,TP_A_0010,Simple average MFN applied tariff - all products,710,ZAF,South Africa,Percent,2022,7.583601944
MFN applied tariffs,TP_A_0010,Simple average MFN applied tariff - all products,710,ZAF,South Africa,Percent,2023,7.554564534
MFN applied tariffs,TP_A_0010,Simple average MFN applied tariff - all products,710,ZAF,South Africa,Percent,2024,7.538614184
MFN applied tariffs,TP_A_0010,Simple average MFN applied tariff - all products,716,ZWE,Zimbabwe,Percent,2015,16.82
MFN applied tariffs,TP_A_0010,Simple average MFN applied tariff - all products,716,ZWE,Zimbabwe,Percent,2016,17.37
MFN applied tariffs,TP_A_0010,Simple average MFN applied tariff - all products,716,ZWE,Zimbabwe,Percent,2017,17.47
MFN applied tariffs,TP_A_0010,Simple average MFN applied tariff - all products,716,ZWE,Zimbabwe,Percent,2020,18.15
MFN applied tariffs,TP_A_0010,Simple average MFN applied tariff - all products,716,ZWE,Zimbabwe,Percent,2021,18.00690175
MFN applied tariffs,TP_A_0010,Simple average MFN applied tariff - all products,728,SSD,South Sudan,Percent,2022,10.22966951
MFN applied tariffs,TP_A_0010,Simple average MFN applied tariff - all products,728,SSD,South Sudan,Percent,2023,10.22966951
MFN applied tariffs,TP_A_0010,Simple average MFN applied tariff - all products,728,SSD,South Sudan,Percent,2024,10.68863721
MFN applied tariffs,TP_A_0010,Simple average MFN applied tariff - all products,736,SDN,Sudan,Percent,2017,21.48
MFN applied tariffs,TP_A_0010,Simple average MFN applied tariff - all products,736,SDN,Sudan,Percent,2021,21.61218956
MFN applied tariffs,TP_A_0010,Simple average MFN applied tariff - all products,740,SUR,Suriname,Percent,2016,10.4
MFN applied tariffs,TP_A_0010,Simple average MFN applied tariff - all products,740,SUR,Suriname,Percent,2018,10.4
MFN applied tariffs,TP_A_0010,Simple average MFN applied tariff - all products,740,SUR,Suriname,Percent,2019,10.4
MFN applied tariffs,TP_A_0010,Simple average MFN applied tariff - all products,740,SUR,Suriname,Percent,2021,10.40118664
MFN applied tariffs,TP_A_0010,Simple average MFN applied tariff - all products,740,SUR,Suriname,Percent,2023,10.39615756
MFN applied tariffs,TP_A_0010,Simple average MFN applied tariff - all products,740,SUR,Suriname,Percent,2024,10.39615756
MFN applied tariffs,TP_A_0010,Simple average MFN applied tariff - all products,748,SWZ,Eswatini,Percent,2015,7.6
MFN applied tariffs,TP_A_0010,Simple average MFN applied tariff - all products,748,SWZ,Eswatini,Percent,2016,7.65
MFN applied tariffs,TP_A_0010,Simple average MFN applied tariff - all products,748,SWZ,Eswatini,Percent,2023,7.54611683
MFN applied tariffs,TP_A_0010,Simple average MFN applied tariff - all products,748,SWZ,Eswatini,Percent,2024,7.534015414
MFN applied tariffs,TP_A_0010,Simple average MFN applied tariff - all products,748,SWZ,Eswatini,Percent,2017,7.64
MFN applied tariffs,TP_A_0010,Simple average MFN applied tariff - all products,748,SWZ,Eswatini,Percent,2018,7.68
MFN applied tariffs,TP_A_0010,Simple average MFN applied tariff - all products,748,SWZ,Eswatini,Percent,2019,7.68
MFN applied tariffs,TP_A_0010,Simple average MFN applied tariff - all products,748,SWZ,Eswatini,Percent,2020,7.67
MFN applied tariffs,TP_A_0010,Simple average MFN applied tariff - all products,748,SWZ,Eswatini,Percent,2021,7.73
MFN applied tariffs,TP_A_0010,Simple average MFN applied tariff - all products,748,SWZ,Eswatini,Percent,2022,7.553107214
MFN applied tariffs,TP_A_0010,Simple average MFN applied tariff - all products,756,CHE,Switzerland,Percent,2015,6.68
MFN applied tariffs,TP_A_0010,Simple average MFN applied tariff - all products,756,CHE,Switzerland,Percent,2016,6.31
MFN applied tariffs,TP_A_0010,Simple average MFN applied tariff - all products,756,CHE,Switzerland,Percent,2017,6.41
MFN applied tariffs,TP_A_0010,Simple average MFN applied tariff - all products,756,CHE,Switzerland,Percent,2018,6.61
MFN applied tariffs,TP_A_0010,Simple average MFN applied tariff - all products,756,CHE,Switzerland,Percent,2019,5.97
MFN applied tariffs,TP_A_0010,Simple average MFN applied tariff - all products,756,CHE,Switzerland,Percent,2020,5.3
MFN applied tariffs,TP_A_0010,Simple average MFN applied tariff - all products,756,CHE,Switzerland,Percent,2021,5.64
MFN applied tariffs,TP_A_0010,Simple average MFN applied tariff - all products,756,CHE,Switzerland,Percent,2022,5.558188589
MFN applied tariffs,TP_A_0010,Simple average MFN applied tariff - all products,756,CHE,Switzerland,Percent,2023,5.191032989
MFN applied tariffs,TP_A_0010,Simple average MFN applied tariff - all products,756,CHE,Switzerland,Percent,2024,3.913192576
MFN applied tariffs,TP_A_0010,Simple average MFN applied tariff - all products,760,SYR,Syrian Arab Republic,Percent,2020,10.77
MFN applied tariffs,TP_A_0010,Simple average MFN applied tariff - all products,762,TJK,Tajikistan,Percent,2015,7.64
MFN applied tariffs,TP_A_0010,Simple average MFN applied tariff - all products,762,TJK,Tajikistan,Percent,2016,7.64
MFN applied tariffs,TP_A_0010,Simple average MFN applied tariff - all products,762,TJK,Tajikistan,Percent,2017,7.69
MFN applied tariffs,TP_A_0010,Simple average MFN applied tariff - all products,762,TJK,Tajikistan,Percent,2021,8.009997326
MFN applied tariffs,TP_A_0010,Simple average MFN applied tariff - all products,764,THA,Thailand,Percent,2015,11.02
MFN applied tariffs,TP_A_0010,Simple average MFN applied tariff - all products,764,THA,Thailand,Percent,2024,9.867884569
MFN applied tariffs,TP_A_0010,Simple average MFN applied tariff - all products,764,THA,Thailand,Percent,2017,9.62
MFN applied tariffs,TP_A_0010,Simple average MFN applied tariff - all products,764,THA,Thailand,Percent,2019,10.22
MFN applied tariffs,TP_A_0010,Simple average MFN applied tariff - all products,764,THA,Thailand,Percent,2020,10.19
MFN applied tariffs,TP_A_0010,Simple average MFN applied tariff - all products,764,THA,Thailand,Percent,2021,11.49
MFN applied tariffs,TP_A_0010,Simple average MFN applied tariff - all products,764,THA,Thailand,Percent,2022,9.716796338
MFN applied tariffs,TP_A_0010,Simple average MFN applied tariff - all products,764,THA,Thailand,Percent,2023,9.774998796
MFN applied tariffs,TP_A_0010,Simple average MFN applied tariff - all products,768,TGO,Togo,Percent,2015,12.16
MFN applied tariffs,TP_A_0010,Simple average MFN applied tariff - all products,768,TGO,Togo,Percent,2016,12.16
MFN applied tariffs,TP_A_0010,Simple average MFN applied tariff - all products,768,TGO,Togo,Percent,2017,12.16
MFN applied tariffs,TP_A_0010,Simple average MFN applied tariff - all products,768,TGO,Togo,Percent,2018,12.16
MFN applied tariffs,TP_A_0010,Simple average MFN applied tariff - all products,768,TGO,Togo,Percent,2019,12.06
MFN applied tariffs,TP_A_0010,Simple average MFN applied tariff - all products,768,TGO,Togo,Percent,2020,12.06
MFN applied tariffs,TP_A_0010,Simple average MFN applied tariff - all products,768,TGO,Togo,Percent,2021,12.06
MFN applied tariffs,TP_A_0010,Simple average MFN applied tariff - all products,768,TGO,Togo,Percent,2022,12.03975389
MFN applied tariffs,TP_A_0010,Simple average MFN applied tariff - all products,768,TGO,Togo,Percent,2023,12.03975389
MFN applied tariffs,TP_A_0010,Simple average MFN applied tariff - all products,768,TGO,Togo,Percent,2024,12.03975389
MFN applied tariffs,TP_A_0010,Simple average MFN applied tariff - all products,776,TON,Tonga,Percent,2015,11.7
MFN applied tariffs,TP_A_0010,Simple average MFN applied tariff - all products,776,TON,Tonga,Percent,2016,10.99
MFN applied tariffs,TP_A_0010,Simple average MFN applied tariff - all products,776,TON,Tonga,Percent,2017,11.24
MFN applied tariffs,TP_A_0010,Simple average MFN applied tariff - all products,776,TON,Tonga,Percent,2021,10.68
MFN applied tariffs,TP_A_0010,Simple average MFN applied tariff - all products,776,TON,Tonga,Percent,2022,10.68524022
MFN applied tariffs,TP_A_0010,Simple average MFN applied tariff - all products,776,TON,Tonga,Percent,2023,10.68524022
MFN applied tariffs,TP_A_0010,Simple average MFN applied tariff - all products,776,TON,Tonga,Percent,2024,10.68524022
MFN applied tariffs,TP_A_0010,Simple average MFN applied tariff - all products,780,TTO,Trinidad and Tobago,Percent,2018,8.14
MFN applied tariffs,TP_A_0010,Simple average MFN applied tariff - all products,780,TTO,Trinidad and Tobago,Percent,2021,8.29
MFN applied tariffs,TP_A_0010,Simple average MFN applied tariff - all products,780,TTO,Trinidad and Tobago,Percent,2022,8.294110393
MFN applied tariffs,TP_A_0010,Simple average MFN applied tariff - all products,780,TTO,Trinidad and Tobago,Percent,2023,8.220270309
MFN applied tariffs,TP_A_0010,Simple average MFN applied tariff - all products,784,ARE,United Arab Emirates,Percent,2015,4.7
MFN applied tariffs,TP_A_0010,Simple average MFN applied tariff - all products,784,ARE,United Arab Emirates,Percent,2016,4.72
MFN applied tariffs,TP_A_0010,Simple average MFN applied tariff - all products,784,ARE,United Arab Emirates,Percent,2017,4.84
MFN applied tariffs,TP_A_0010,Simple average MFN applied tariff - all products,784,ARE,United Arab Emirates,Percent,2018,4.78
MFN applied tariffs,TP_A_0010,Simple average MFN applied tariff - all products,784,ARE,United Arab Emirates,Percent,2019,4.8
MFN applied tariffs,TP_A_0010,Simple average MFN applied tariff - all products,784,ARE,United Arab Emirates,Percent,2020,4.65
MFN applied tariffs,TP_A_0010,Simple average MFN applied tariff - all products,784,ARE,United Arab Emirates,Percent,2021,4.78
MFN applied tariffs,TP_A_0010,Simple average MFN applied tariff - all products,784,ARE,United Arab Emirates,Percent,2022,4.704841868
MFN applied tariffs,TP_A_0010,Simple average MFN applied tariff - all products,784,ARE,United Arab Emirates,Percent,2023,4.711145903
MFN applied tariffs,TP_A_0010,Simple average MFN applied tariff - all products,784,ARE,United Arab Emirates,Percent,2024,4.711145903
MFN applied tariffs,TP_A_0010,Simple average MFN applied tariff - all products,788,TUN,Tunisia,Percent,2015,15.54
MFN applied tariffs,TP_A_0010,Simple average MFN applied tariff - all products,788,TUN,Tunisia,Percent,2016,11.56
MFN applied tariffs,TP_A_0010,Simple average MFN applied tariff - all products,788,TUN,Tunisia,Percent,2022,19.52487532
MFN applied tariffs,TP_A_0010,Simple average MFN applied tariff - all products,788,TUN,Tunisia,Percent,2023,19.507237
MFN applied tariffs,TP_A_0010,Simple average MFN applied tariff - all products,788,TUN,Tunisia,Percent,2024,19.36141791
MFN applied tariffs,TP_A_0010,Simple average MFN applied tariff - all products,792,TUR,Türkiye,Percent,2015,10.83
MFN applied tariffs,TP_A_0010,Simple average MFN applied tariff - all products,792,TUR,Türkiye,Percent,2016,10.87
MFN applied tariffs,TP_A_0010,Simple average MFN applied tariff - all products,792,TUR,Türkiye,Percent,2017,10.91
MFN applied tariffs,TP_A_0010,Simple average MFN applied tariff - all products,792,TUR,Türkiye,Percent,2018,10.73
MFN applied tariffs,TP_A_0010,Simple average MFN applied tariff - all products,792,TUR,Türkiye,Percent,2019,11.08
MFN applied tariffs,TP_A_0010,Simple average MFN applied tariff - all products,792,TUR,Türkiye,Percent,2021,10.71
MFN applied tariffs,TP_A_0010,Simple average MFN applied tariff - all products,792,TUR,Türkiye,Percent,2022,16.83710731
MFN applied tariffs,TP_A_0010,Simple average MFN applied tariff - all products,792,TUR,Türkiye,Percent,2023,16.19645298
MFN applied tariffs,TP_A_0010,Simple average MFN applied tariff - all products,792,TUR,Türkiye,Percent,2024,17.29958573
MFN applied tariffs,TP_A_0010,Simple average MFN applied tariff - all products,800,UGA,Uganda,Percent,2015,12.79
MFN applied tariffs,TP_A_0010,Simple average MFN applied tariff - all products,800,UGA,Uganda,Percent,2016,12.77
MFN applied tariffs,TP_A_0010,Simple average MFN applied tariff - all products,800,UGA,Uganda,Percent,2017,12.72
MFN applied tariffs,TP_A_0010,Simple average MFN applied tariff - all products,800,UGA,Uganda,Percent,2018,13.03
MFN applied tariffs,TP_A_0010,Simple average MFN applied tariff - all products,800,UGA,Uganda,Percent,2019,13.47
MFN applied tariffs,TP_A_0010,Simple average MFN applied tariff - all products,800,UGA,Uganda,Percent,2020,13.67
MFN applied tariffs,TP_A_0010,Simple average MFN applied tariff - all products,800,UGA,Uganda,Percent,2021,17.64
MFN applied tariffs,TP_A_0010,Simple average MFN applied tariff - all products,800,UGA,Uganda,Percent,2022,18.40382338
MFN applied tariffs,TP_A_0010,Simple average MFN applied tariff - all products,800,UGA,Uganda,Percent,2023,15.59663612
MFN applied tariffs,TP_A_0010,Simple average MFN applied tariff - all products,800,UGA,Uganda,Percent,2024,15.77433688
MFN applied tariffs,TP_A_0010,Simple average MFN applied tariff - all products,804,UKR,Ukraine,Percent,2015,4.51
MFN applied tariffs,TP_A_0010,Simple average MFN applied tariff - all products,804,UKR,Ukraine,Percent,2016,4.51
MFN applied tariffs,TP_A_0010,Simple average MFN applied tariff - all products,804,UKR,Ukraine,Percent,2017,4.51
MFN applied tariffs,TP_A_0010,Simple average MFN applied tariff - all products,804,UKR,Ukraine,Percent,2018,4.51
MFN applied tariffs,TP_A_0010,Simple average MFN applied tariff - all products,804,UKR,Ukraine,Percent,2019,4.51
MFN applied tariffs,TP_A_0010,Simple average MFN applied tariff - all products,804,UKR,Ukraine,Percent,2020,4.5
MFN applied tariffs,TP_A_0010,Simple average MFN applied tariff - all products,804,UKR,Ukraine,Percent,2021,4.41
MFN applied tariffs,TP_A_0010,Simple average MFN applied tariff - all products,804,UKR,Ukraine,Percent,2022,4.412238067
MFN applied tariffs,TP_A_0010,Simple average MFN applied tariff - all products,804,UKR,Ukraine,Percent,2023,4.3112226
MFN applied tariffs,TP_A_0010,Simple average MFN applied tariff - all products,804,UKR,Ukraine,Percent,2024,4.309790154
MFN applied tariffs,TP_A_0010,Simple average MFN applied tariff - all products,807,MKD,North Macedonia,Percent,2021,6.68
MFN applied tariffs,TP_A_0010,Simple average MFN applied tariff - all products,807,MKD,North Macedonia,Percent,2022,6.624272245
MFN applied tariffs,TP_A_0010,Simple average MFN applied tariff - all products,807,MKD,North Macedonia,Percent,2023,6.461573494
MFN applied tariffs,TP_A_0010,Simple average MFN applied tariff - all products,807,MKD,North Macedonia,Percent,2024,6.449931525
MFN applied tariffs,TP_A_0010,Simple average MFN applied tariff - all products,807,MKD,North Macedonia,Percent,2015,6.83
MFN applied tariffs,TP_A_0010,Simple average MFN applied tariff - all products,807,MKD,North Macedonia,Percent,2016,6.81
MFN applied tariffs,TP_A_0010,Simple average MFN applied tariff - all products,807,MKD,North Macedonia,Percent,2017,6.65
MFN applied tariffs,TP_A_0010,Simple average MFN applied tariff - all products,807,MKD,North Macedonia,Percent,2018,6.69
MFN applied tariffs,TP_A_0010,Simple average MFN applied tariff - all products,807,MKD,North Macedonia,Percent,2019,6.68
MFN applied tariffs,TP_A_0010,Simple average MFN applied tariff - all products,807,MKD,North Macedonia,Percent,2020,6.67
MFN applied tariffs,TP_A_0010,Simple average MFN applied tariff - all products,818,EGY,Egypt,Percent,2015,16.75
MFN applied tariffs,TP_A_0010,Simple average MFN applied tariff - all products,818,EGY,Egypt,Percent,2016,17.88
MFN applied tariffs,TP_A_0010,Simple average MFN applied tariff - all products,818,EGY,Egypt,Percent,2017,19.1
MFN applied tariffs,TP_A_0010,Simple average MFN applied tariff - all products,818,EGY,Egypt,Percent,2018,19.1
MFN applied tariffs,TP_A_0010,Simple average MFN applied tariff - all products,818,EGY,Egypt,Percent,2019,19.01
MFN applied tariffs,TP_A_0010,Simple average MFN applied tariff - all products,826,GBR,United Kingdom,Percent,2021,3.94
MFN applied tariffs,TP_A_0010,Simple average MFN applied tariff - all products,826,GBR,United Kingdom,Percent,2022,3.799236884
MFN applied tariffs,TP_A_0010,Simple average MFN applied tariff - all products,826,GBR,United Kingdom,Percent,2023,3.769387326
MFN applied tariffs,TP_A_0010,Simple average MFN applied tariff - all products,826,GBR,United Kingdom,Percent,2024,3.708101992
MFN applied tariffs,TP_A_0010,Simple average MFN applied tariff - all products,834,TZA,Tanzania,Percent,2015,12.86
MFN applied tariffs,TP_A_0010,Simple average MFN applied tariff - all products,834,TZA,Tanzania,Percent,2016,12.86
MFN applied tariffs,TP_A_0010,Simple average MFN applied tariff - all products,834,TZA,Tanzania,Percent,2017,12.87
MFN applied tariffs,TP_A_0010,Simple average MFN applied tariff - all products,834,TZA,Tanzania,Percent,2018,13.04
MFN applied tariffs,TP_A_0010,Simple average MFN applied tariff - all products,834,TZA,Tanzania,Percent,2019,13.12
MFN applied tariffs,TP_A_0010,Simple average MFN applied tariff - all products,834,TZA,Tanzania,Percent,2020,13.13
MFN applied tariffs,TP_A_0010,Simple average MFN applied tariff - all products,834,TZA,Tanzania,Percent,2021,13.13
MFN applied tariffs,TP_A_0010,Simple average MFN applied tariff - all products,834,TZA,Tanzania,Percent,2022,13.89809906
MFN applied tariffs,TP_A_0010,Simple average MFN applied tariff - all products,834,TZA,Tanzania,Percent,2023,14.0523375
MFN applied tariffs,TP_A_0010,Simple average MFN applied tariff - all products,834,TZA,Tanzania,Percent,2024,14.17866015
MFN applied tariffs,TP_A_0010,Simple average MFN applied tariff - all products,840,USA,United States of America,Percent,2015,3.48
MFN applied tariffs,TP_A_0010,Simple average MFN applied tariff - all products,840,USA,United States of America,Percent,2016,3.48
MFN applied tariffs,TP_A_0010,Simple average MFN applied tariff - all products,840,USA,United States of America,Percent,2017,3.44
MFN applied tariffs,TP_A_0010,Simple average MFN applied tariff - all products,840,USA,United States of America,Percent,2018,3.45
MFN applied tariffs,TP_A_0010,Simple average MFN applied tariff - all products,840,USA,United States of America,Percent,2019,3.34
MFN applied tariffs,TP_A_0010,Simple average MFN applied tariff - all products,840,USA,United States of America,Percent,2020,3.4
MFN applied tariffs,TP_A_0010,Simple average MFN applied tariff - all products,840,USA,United States of America,Percent,2021,3.41
MFN applied tariffs,TP_A_0010,Simple average MFN applied tariff - all products,840,USA,United States of America,Percent,2022,3.346879416
MFN applied tariffs,TP_A_0010,Simple average MFN applied tariff - all products,840,USA,United States of America,Percent,2023,3.34656092
MFN applied tariffs,TP_A_0010,Simple average MFN applied tariff - all products,840,USA,United States of America,Percent,2024,3.3412072
MFN applied tariffs,TP_A_0010,Simple average MFN applied tariff - all products,854,BFA,Burkina Faso,Percent,2015,12.16
MFN applied tariffs,TP_A_0010,Simple average MFN applied tariff - all products,854,BFA,Burkina Faso,Percent,2016,12.16
MFN applied tariffs,TP_A_0010,Simple average MFN applied tariff - all products,854,BFA,Burkina Faso,Percent,2017,12.16
MFN applied tariffs,TP_A_0010,Simple average MFN applied tariff - all products,854,BFA,Burkina Faso,Percent,2018,12.16
MFN applied tariffs,TP_A_0010,Simple average MFN applied tariff - all products,854,BFA,Burkina Faso,Percent,2019,12.06
MFN applied tariffs,TP_A_0010,Simple average MFN applied tariff - all products,854,BFA,Burkina Faso,Percent,2020,12.06
MFN applied tariffs,TP_A_0010,Simple average MFN applied tariff - all products,854,BFA,Burkina Faso,Percent,2021,12.06
MFN applied tariffs,TP_A_0010,Simple average MFN applied tariff - all products,854,BFA,Burkina Faso,Percent,2022,12.03975389
MFN applied tariffs,TP_A_0010,Simple average MFN applied tariff - all products,854,BFA,Burkina Faso,Percent,2023,12.03975389
MFN applied tariffs,TP_A_0010,Simple average MFN applied tariff - all products,854,BFA,Burkina Faso,Percent,2024,12.03975389
MFN applied tariffs,TP_A_0010,Simple average MFN applied tariff - all products,858,URY,Uruguay,Percent,2015,10.51
MFN applied tariffs,TP_A_0010,Simple average MFN applied tariff - all products,858,URY,Uruguay,Percent,2016,10.44
MFN applied tariffs,TP_A_0010,Simple average MFN applied tariff - all products,858,URY,Uruguay,Percent,2017,10.33
MFN applied tariffs,TP_A_0010,Simple average MFN applied tariff - all products,858,URY,Uruguay,Percent,2018,10.32
MFN applied tariffs,TP_A_0010,Simple average MFN applied tariff - all products,858,URY,Uruguay,Percent,2019,10.33
MFN applied tariffs,TP_A_0010,Simple average MFN applied tariff - all products,858,URY,Uruguay,Percent,2020,10.29
MFN applied tariffs,TP_A_0010,Simple average MFN applied tariff - all products,858,URY,Uruguay,Percent,2021,10.26
MFN applied tariffs,TP_A_0010,Simple average MFN applied tariff - all products,858,URY,Uruguay,Percent,2022,10.08272952
MFN applied tariffs,TP_A_0010,Simple average MFN applied tariff - all products,858,URY,Uruguay,Percent,2023,10.12193647
MFN applied tariffs,TP_A_0010,Simple average MFN applied tariff - all products,858,URY,Uruguay,Percent,2024,9.022095274
MFN applied tariffs,TP_A_0010,Simple average MFN applied tariff - all products,860,UZB,Uzbekistan,Percent,2015,14.85
MFN applied tariffs,TP_A_0010,Simple average MFN applied tariff - all products,860,UZB,Uzbekistan,Percent,2020,7.57
MFN applied tariffs,TP_A_0010,Simple average MFN applied tariff - all products,860,UZB,Uzbekistan,Percent,2021,7.284075227
MFN applied tariffs,TP_A_0010,Simple average MFN applied tariff - all products,862,VEN,"Venezuela, Bolivarian Republic of",Percent,2015,12.86
MFN applied tariffs,TP_A_0010,Simple average MFN applied tariff - all products,862,VEN,"Venezuela, Bolivarian Republic of",Percent,2016,12.7
MFN applied tariffs,TP_A_0010,Simple average MFN applied tariff - all products,862,VEN,"Venezuela, Bolivarian Republic of",Percent,2017,13.79
MFN applied tariffs,TP_A_0010,Simple average MFN applied tariff - all products,862,VEN,"Venezuela, Bolivarian Republic of",Percent,2018,13.79
MFN applied tariffs,TP_A_0010,Simple average MFN applied tariff - all products,862,VEN,"Venezuela, Bolivarian Republic of",Percent,2019,13.79
MFN applied tariffs,TP_A_0010,Simple average MFN applied tariff - all products,862,VEN,"Venezuela, Bolivarian Republic of",Percent,2021,13.79
MFN applied tariffs,TP_A_0010,Simple average MFN applied tariff - all products,862,VEN,"Venezuela, Bolivarian Republic of",Percent,2022,13.78563958
MFN applied tariffs,TP_A_0010,Simple average MFN applied tariff - all products,862,VEN,"Venezuela, Bolivarian Republic of",Percent,2023,13.78563958
MFN applied tariffs,TP_A_0010,Simple average MFN applied tariff - all products,882,WSM,Samoa,Percent,2015,11.4
MFN applied tariffs,TP_A_0010,Simple average MFN applied tariff - all products,882,WSM,Samoa,Percent,2016,11.43
MFN applied tariffs,TP_A_0010,Simple average MFN applied tariff - all products,882,WSM,Samoa,Percent,2017,11.37
MFN applied tariffs,TP_A_0010,Simple average MFN applied tariff - all products,882,WSM,Samoa,Percent,2018,11.39
MFN applied tariffs,TP_A_0010,Simple average MFN applied tariff - all products,882,WSM,Samoa,Percent,2021,11.31690148
MFN applied tariffs,TP_A_0010,Simple average MFN applied tariff - all products,887,YEM,Yemen,Percent,2015,7.51
MFN applied tariffs,TP_A_0010,Simple average MFN applied tariff - all products,887,YEM,Yemen,Percent,2016,7.51
MFN applied tariffs,TP_A_0010,Simple average MFN applied tariff - all products,887,YEM,Yemen,Percent,2017,7.61
MFN applied tariffs,TP_A_0010,Simple average MFN applied tariff - all products,892,SRB,Serbia,Percent,2015,7.44
MFN applied tariffs,TP_A_0010,Simple average MFN applied tariff - all products,892,SRB,Serbia,Percent,2016,7.44
MFN applied tariffs,TP_A_0010,Simple average MFN applied tariff - all products,892,SRB,Serbia,Percent,2017,7.37
MFN applied tariffs,TP_A_0010,Simple average MFN applied tariff - all products,892,SRB,Serbia,Percent,2018,7.37
MFN applied tariffs,TP_A_0010,Simple average MFN applied tariff - all products,892,SRB,Serbia,Percent,2019,7.37
MFN applied tariffs,TP_A_0010,Simple average MFN applied tariff - all products,892,SRB,Serbia,Percent,2021,7.37
MFN applied tariffs,TP_A_0010,Simple average MFN applied tariff - all products,892,SRB,Serbia,Percent,2022,7.282247809
MFN applied tariffs,TP_A_0010,Simple average MFN applied tariff - all products,892,SRB,Serbia,Percent,2023,7.281905007
MFN applied tariffs,TP_A_0010,Simple average MFN applied tariff - all products,892,SRB,Serbia,Percent,2024,7.282288207
MFN applied tariffs,TP_A_0010,Simple average MFN applied tariff - all products,893,MNE,Montenegro,Percent,2015,4.01
MFN applied tariffs,TP_A_0010,Simple average MFN applied tariff - all products,893,MNE,Montenegro,Percent,2016,3.88
MFN applied tariffs,TP_A_0010,Simple average MFN applied tariff - all products,893,MNE,Montenegro,Percent,2017,3.76
MFN applied tariffs,TP_A_0010,Simple average MFN applied tariff - all products,893,MNE,Montenegro,Percent,2018,3.71
MFN applied tariffs,TP_A_0010,Simple average MFN applied tariff - all products,893,MNE,Montenegro,Percent,2019,3.74
MFN applied tariffs,TP_A_0010,Simple average MFN applied tariff - all products,893,MNE,Montenegro,Percent,2020,3.74
MFN applied tariffs,TP_A_0010,Simple average MFN applied tariff - all products,893,MNE,Montenegro,Percent,2021,3.73
MFN applied tariffs,TP_A_0010,Simple average MFN applied tariff - all products,893,MNE,Montenegro,Percent,2022,3.674260004
MFN applied tariffs,TP_A_0010,Simple average MFN applied tariff - all products,893,MNE,Montenegro,Percent,2023,3.69552681
MFN applied tariffs,TP_A_0010,Simple average MFN applied tariff - all products,893,MNE,Montenegro,Percent,2024,3.692635095
MFN applied tariffs,TP_A_0010,Simple average MFN applied tariff - all products,894,ZMB,Zambia,Percent,2015,13.58
MFN applied tariffs,TP_A_0010,Simple average MFN applied tariff - all products,894,ZMB,Zambia,Percent,2016,13.88
MFN applied tariffs,TP_A_0010,Simple average MFN applied tariff - all products,894,ZMB,Zambia,Percent,2018,13.5
MFN applied tariffs,TP_A_0010,Simple average MFN applied tariff - all products,894,ZMB,Zambia,Percent,2021,14.62
MFN applied tariffs,TP_A_0010,Simple average MFN applied tariff - all products,894,ZMB,Zambia,Percent,2022,14.5919326
MFN applied tariffs,TP_A_0010,Simple average MFN applied tariff - all products,894,ZMB,Zambia,Percent,2023,14.5684646
MFN applied tariffs,TP_A_0010,Simple average MFN applied tariff - all products,894,ZMB,Zambia,Percent,2024,14.50715918
MFN applied tariffs,TP_A_0010,Simple average MFN applied tariff - all products,918,EEC,European Union,Percent,2015,5.1
MFN applied tariffs,TP_A_0010,Simple average MFN applied tariff - all products,918,EEC,European Union,Percent,2016,5.16
MFN applied tariffs,TP_A_0010,Simple average MFN applied tariff - all products,918,EEC,European Union,Percent,2017,5.08
MFN applied tariffs,TP_A_0010,Simple average MFN applied tariff - all products,918,EEC,European Union,Percent,2018,5.23
MFN applied tariffs,TP_A_0010,Simple average MFN applied tariff - all products,918,EEC,European Union,Percent,2019,5.14
MFN applied tariffs,TP_A_0010,Simple average MFN applied tariff - all products,918,EEC,European Union,Percent,2020,5.1
MFN applied tariffs,TP_A_0010,Simple average MFN applied tariff - all products,918,EEC,European Union,Percent,2021,5.17
MFN applied tariffs,TP_A_0010,Simple average MFN applied tariff - all products,918,EEC,European Union,Percent,2022,5.08207624
MFN applied tariffs,TP_A_0010,Simple average MFN applied tariff - all products,918,EEC,European Union,Percent,2023,4.989296545
MFN applied tariffs,TP_A_0010,Simple average MFN applied tariff - all products,918,EEC,European Union,Percent,2024,4.958001194
